{"credit":"Made with Blockbench","texture_size":[32,32],"textures":{"0":"custom/decorations/grave/grave_1","particle":"custom/decorations/grave/grave_1"},"elements":[{"from":[0,0,6],"to":[16,16,10],"faces":{"north":{"uv":[0,0,8,8],"texture":"#0"},"east":{"uv":[10,0,12,8],"texture":"#0"},"south":{"uv":[8,8,0,16],"texture":"#0"},"west":{"uv":[8,0,10,8],"texture":"#0"},"up":{"uv":[8,8,16,10],"rotation":180,"texture":"#0"},"down":{"uv":[8,10,16,12],"texture":"#0"}}}],"gui_light":"front","display":{"thirdperson_righthand":{"rotation":[46,45,0],"translation":[0.5,1.25,-1],"scale":[0.44,0.44,0.44]},"thirdperson_lefthand":{"rotation":[46,45,0],"translation":[0.5,1.25,-1],"scale":[0.44,0.44,0.44]},"firstperson_righthand":{"rotation":[0,127,0],"translation":[11.5,-3.75,-12]},"firstperson_lefthand":{"rotation":[0,127,0],"translation":[11.5,-3.75,-12]},"ground":{"translation":[0,4.25,0],"scale":[0.38,0.38,0.38]},"gui":{"rotation":[0,-180,0]},"fixed":{"rotation":[90,0,0],"translation":[0,0,-16],"scale":[2,2,2]},"head":{"rotation":[180,0,0],"translation":[0,1.8,0],"scale":[2.29,2.29,2.29]}}}