{"credit":"Made with Blockbench","textures":{"0":"custom/decorations/apple_basket","particle":"custom/decorations/apple_basket"},"elements":[{"from":[4,0,2],"to":[12,8,14],"faces":{"north":{"uv":[6,0,10,4],"texture":"#0"},"east":{"uv":[0,4,6,8],"texture":"#0"},"south":{"uv":[6,0,10,4],"texture":"#0"},"west":{"uv":[0,4,6,8],"texture":"#0"},"up":{"uv":[0,0,6,4],"rotation":90,"texture":"#0"},"down":{"uv":[0,8,6,12],"rotation":90,"texture":"#0"}}},{"from":[5,7,3],"to":[9,11,7],"faces":{"north":{"uv":[6,9,8,11],"texture":"#0"},"east":{"uv":[6,9,8,11],"texture":"#0"},"south":{"uv":[6,9,8,11],"texture":"#0"},"west":{"uv":[6,9,8,11],"texture":"#0"},"up":{"uv":[6,6.5,8,8.5],"rotation":90,"texture":"#0"},"down":{"uv":[8.5,6.5,10.5,8.5],"texture":"#0"}}},{"from":[5,5,7],"to":[9,9,11],"faces":{"north":{"uv":[6,9,8,11],"texture":"#0"},"east":{"uv":[6,9,8,11],"texture":"#0"},"south":{"uv":[6,9,8,11],"texture":"#0"},"west":{"uv":[6,9,8,11],"texture":"#0"},"up":{"uv":[6,6.5,8,8.5],"rotation":90,"texture":"#0"},"down":{"uv":[8.5,6.5,10.5,8.5],"texture":"#0"}}},{"from":[6,7,9],"to":[10,11,13],"rotation":{"angle":22.5,"axis":"x","origin":[8,8,8]},"faces":{"north":{"uv":[6,9,8,11],"texture":"#0"},"east":{"uv":[6,9,8,11],"texture":"#0"},"south":{"uv":[6,9,8,11],"texture":"#0"},"west":{"uv":[6,9,8,11],"texture":"#0"},"up":{"uv":[6,6.5,8,8.5],"rotation":270,"texture":"#0"},"down":{"uv":[8.5,6.5,10.5,8.5],"texture":"#0"}}},{"from":[7,6,5],"to":[11,10,9],"faces":{"north":{"uv":[6,9,8,11],"texture":"#0"},"east":{"uv":[6,9,8,11],"texture":"#0"},"south":{"uv":[6,9,8,11],"texture":"#0"},"west":{"uv":[6,9,8,11],"texture":"#0"},"up":{"uv":[6,6.5,8,8.5],"rotation":270,"texture":"#0"},"down":{"uv":[8.5,6.5,10.5,8.5],"texture":"#0"}}},{"from":[4,8,7],"to":[5,13,9],"faces":{"north":{"uv":[10.5,4,11,6.5],"texture":"#0"},"east":{"uv":[10.5,4,11.5,6.5],"texture":"#0"},"south":{"uv":[11,4,11.5,6.5],"texture":"#0"},"west":{"uv":[10.5,4,11.5,6.5],"texture":"#0"},"up":{"uv":[6,4,6.5,5],"texture":"#0"}}},{"from":[11,8,7],"to":[12,13,9],"faces":{"north":{"uv":[10.5,4,11,6.5],"texture":"#0"},"east":{"uv":[10.5,4,11.5,6.5],"texture":"#0"},"south":{"uv":[11,4,11.5,6.5],"texture":"#0"},"west":{"uv":[10.5,4,11.5,6.5],"texture":"#0"},"up":{"uv":[9.5,4,10,5],"texture":"#0"}}},{"from":[5,12,7],"to":[11,13,9],"faces":{"north":{"uv":[6.5,4.5,9.5,5],"texture":"#0"},"south":{"uv":[6.5,4.5,9.5,5],"texture":"#0"},"up":{"uv":[6.5,4,9.5,5],"texture":"#0"},"down":{"uv":[6.5,4,9.5,5],"texture":"#0"}}}],"display":{"thirdperson_righthand":{"rotation":[70,180,0],"translation":[0.75,-3.5,-2.5],"scale":[0.9,0.9,0.9]},"thirdperson_lefthand":{"rotation":[70,180,0],"translation":[0.75,-3.5,-2.5],"scale":[0.9,0.9,0.9]},"firstperson_righthand":{"rotation":[0,31,0],"translation":[2.25,0,0]},"firstperson_lefthand":{"rotation":[0,31,0],"translation":[2.25,0,0]},"ground":{"translation":[0,2.25,0],"scale":[0.4,0.4,0.4]},"gui":{"rotation":[30,45,0],"translation":[0.25,2,0],"scale":[0.93,0.93,0.93]},"head":{"rotation":[0,120,0],"translation":[0,16.75,0],"scale":[1.29,1.29,1.29]},"fixed":{"rotation":[-90,0,0],"translation":[0,0,-16],"scale":[2,2,2]}}}