{"credit":"Made with Blockbench","texture_size":[128,128],"textures":{"0":"custom/decorations/arcade_sign","particle":"custom/decorations/arcade_sign"},"elements":[{"from":[4,-8,7.25],"to":[12,6.25,8.75],"rotation":{"angle":0,"axis":"y","origin":[4,0,4]},"faces":{"north":{"uv":[0,7.25,4,14.375],"texture":"#0"},"east":{"uv":[0,7.25,0.75,14.375],"texture":"#0"},"south":{"uv":[0,7.25,4,14.375],"texture":"#0"},"west":{"uv":[0,7.25,0.75,14.375],"texture":"#0"},"down":{"uv":[4,0,8,0.75],"texture":"#0"}}},{"from":[4,6.25,7.25],"to":[12,20.75,8.75],"rotation":{"angle":0,"axis":"y","origin":[4,0,4]},"faces":{"north":{"uv":[0,0,4,7.25],"texture":"#0"},"east":{"uv":[3.25,0,4,7.25],"texture":"#0"},"south":{"uv":[0,0,4,7.25],"texture":"#0"},"west":{"uv":[3.25,0,4,7.25],"texture":"#0"},"up":{"uv":[4,0,8,0.75],"texture":"#0"}}}],"display":{"thirdperson_righthand":{"rotation":[90,0,0],"translation":[-5.75,0,17.5],"scale":[4,4,4]},"head":{"translation":[0,-31,0],"scale":[2,2,2]}}}