{"credit":"Made with Blockbench","texture_size":[32,32],"textures":{"0":"custom/decorations/badger_chest","particle":"custom/decorations/badger_chest"},"elements":[{"from":[-4,0,0],"to":[21,8,16],"rotation":{"angle":0,"axis":"y","origin":[4,8,8]},"faces":{"north":{"uv":[0,4,6.25,6],"texture":"#0"},"east":{"uv":[6.25,4,10.25,6],"texture":"#0"},"south":{"uv":[6.25,14,12.5,16],"texture":"#0"},"west":{"uv":[6.25,4,10.25,6],"texture":"#0"},"up":{"uv":[0,0,6.25,4],"rotation":180,"texture":"#0"},"down":{"uv":[0,6,6.25,10],"rotation":180,"texture":"#0"}}},{"from":[-4.5,7.5,-0.5],"to":[21.5,16.5,16.5],"rotation":{"angle":0,"axis":"x","origin":[8.4902,8.04987,16.02314]},"faces":{"north":{"uv":[6.25,12,12.5,14],"texture":"#0"},"east":{"uv":[0,14,4,16],"texture":"#0"},"south":{"uv":[6.25,12,12.5,14],"texture":"#0"},"west":{"uv":[0,14,4,16],"texture":"#0"},"up":{"uv":[0,10,6.25,14],"texture":"#0"}}},{"from":[-4,8,0],"to":[21,16,16],"rotation":{"angle":0,"axis":"x","origin":[8.4902,8.04987,16.02314]},"faces":{"north":{"uv":[6.25,6,12.5,8],"texture":"#0"},"east":{"uv":[10.25,4,14.25,6],"texture":"#0"},"south":{"uv":[6.25,6,12.5,8],"texture":"#0"},"west":{"uv":[10.25,4,14.25,6],"texture":"#0"},"up":{"uv":[6.25,8,12.5,12],"rotation":180,"texture":"#0"},"down":{"uv":[6.25,0,12.5,4],"rotation":180,"texture":"#0"}}},{"name":"cube inverted","from":[21.5,16.5,16.5],"to":[-4.5,7.5,-0.5],"rotation":{"angle":0,"axis":"x","origin":[8.4902,8.04987,16.02314]},"faces":{"north":{"uv":[6.25,14,12.5,12],"texture":"#0"},"east":{"uv":[0,16,4,14],"texture":"#0"},"south":{"uv":[6.25,14,12.5,12],"texture":"#0"},"west":{"uv":[0,16,4,14],"texture":"#0"},"down":{"uv":[6.25,10,0,14],"texture":"#0"}}},{"from":[-2.41421,15.67157,7],"to":[3.58579,22.67157,9],"rotation":{"angle":0,"axis":"x","origin":[8.4902,8.04987,16.02314]},"faces":{"north":{"uv":[12.5,0,14,1.75],"texture":"#0"},"east":{"uv":[13.75,0,14.25,1.75],"texture":"#0"},"south":{"uv":[14,0,15.5,1.75],"texture":"#0"},"west":{"uv":[13.75,0,14.25,1.75],"texture":"#0"},"up":{"uv":[12.5,0,14,0.25],"texture":"#0"},"down":{"uv":[12.5,1.5,14,1.75],"texture":"#0"}}},{"from":[13.33579,15.67157,7],"to":[19.33579,22.67157,9],"rotation":{"angle":0,"axis":"x","origin":[8.4902,8.04987,16.02314]},"faces":{"north":{"uv":[12.5,0,14,1.75],"texture":"#0"},"east":{"uv":[13.75,0,14.25,1.75],"texture":"#0"},"south":{"uv":[14,0,15.5,1.75],"texture":"#0"},"west":{"uv":[13.75,0,14.25,1.75],"texture":"#0"},"up":{"uv":[12.5,0,14,0.25],"texture":"#0"},"down":{"uv":[12.5,1.5,14,1.75],"texture":"#0"}}},{"from":[11,8.07612,-4.92596],"to":[12,9.07612,1.07404],"rotation":{"angle":-45,"axis":"x","origin":[8.5,8.35195,0.39503]},"faces":{"north":{"uv":[12.5,6,12.75,6.25],"texture":"#0"},"east":{"uv":[12.5,6,12.75,7.5],"rotation":90,"texture":"#0"},"south":{"uv":[12.5,7.25,12.75,7.5],"texture":"#0"},"west":{"uv":[12.75,7.5,12.5,6],"rotation":90,"texture":"#0"},"up":{"uv":[12.5,6,12.75,7.5],"texture":"#0"},"down":{"uv":[12.5,6,12.75,7.5],"rotation":180,"texture":"#0"}}},{"from":[5,8.07612,-4.92596],"to":[6,9.07612,1.07404],"rotation":{"angle":-45,"axis":"x","origin":[8.5,8.35195,0.39503]},"faces":{"north":{"uv":[12.5,6,12.75,6.25],"texture":"#0"},"east":{"uv":[12.5,6,12.75,7.5],"rotation":90,"texture":"#0"},"south":{"uv":[12.5,7.25,12.75,7.5],"texture":"#0"},"west":{"uv":[12.75,7.5,12.5,6],"rotation":90,"texture":"#0"},"up":{"uv":[12.5,6,12.75,7.5],"texture":"#0"},"down":{"uv":[12.5,6,12.75,7.5],"rotation":180,"texture":"#0"}}},{"from":[6,8.07612,-4.92596],"to":[11,9.07612,-3.92596],"rotation":{"angle":-45,"axis":"x","origin":[8.5,8.35195,0.39503]},"faces":{"north":{"uv":[12.5,6,14.25,6.25],"texture":"#0"},"south":{"uv":[12.5,6,14.25,6.25],"texture":"#0"},"up":{"uv":[12.5,6,14.25,6.25],"texture":"#0"},"down":{"uv":[12.5,6,14.25,6.25],"texture":"#0"}}}],"display":{"thirdperson_righthand":{"rotation":[65,-12,0],"scale":[0.54,0.54,0.54]},"thirdperson_lefthand":{"rotation":[65,-12,0],"scale":[0.54,0.54,0.54]},"firstperson_righthand":{"translation":[10.25,0,-5.75]},"firstperson_lefthand":{"translation":[10.25,0,-5.75]},"ground":{"translation":[0,6.5,0],"scale":[0.42,0.42,0.42]},"gui":{"rotation":[30,0,0],"translation":[0,-1.5,0],"scale":[0.54,0.54,0.54]},"head":{"translation":[-0.75,8,-11.25],"scale":[1.61,1.61,1.61]},"fixed":{"rotation":[90,0,0],"translation":[0,0,-18],"scale":[4,4,4]}},"groups":[{"name":"group","origin":[0,0,0],"color":0,"children":[0]},{"name":"summer_chest_lid","origin":[8,8,8],"color":0,"children":[{"name":"patrick_chest_lid","origin":[8,8,8],"color":0,"children":[{"name":"group","origin":[14,13,6],"color":0,"children":[1,2,{"name":"group","origin":[14,13,6],"color":0,"children":[]},3]},{"name":"group","origin":[16.5,19.5,8],"color":0,"children":[]},{"name":"group","origin":[1.5,17.5,8],"color":0,"children":[]}]},4,5,{"name":"group","origin":[0,0,0],"color":0,"children":[6,7,8]}]}]}