{"credit":"Made with Blockbench","texture_size":[32,32],"textures":{"0":"custom/decorations/badger_chest","particle":"custom/furniture/halloween/gothic_chandelier"},"elements":[{"from":[-4.5,-0.5,-0.5],"to":[21.5,8.5,16.5],"rotation":{"angle":0,"axis":"x","origin":[8.4902,0.04987,16.02314]},"faces":{"north":{"uv":[6.25,12,12.5,14],"texture":"#0"},"east":{"uv":[0,14,4,16],"texture":"#0"},"south":{"uv":[6.25,12,12.5,14],"texture":"#0"},"west":{"uv":[0,14,4,16],"texture":"#0"},"up":{"uv":[0,10,6.25,14],"texture":"#0"}}},{"from":[-4,0,0],"to":[21,8,16],"rotation":{"angle":0,"axis":"x","origin":[8.4902,0.04987,16.02314]},"faces":{"north":{"uv":[6.25,6,12.5,8],"texture":"#0"},"east":{"uv":[10.25,4,14.25,6],"texture":"#0"},"south":{"uv":[6.25,6,12.5,8],"texture":"#0"},"west":{"uv":[10.25,4,14.25,6],"texture":"#0"},"up":{"uv":[6.25,8,12.5,12],"rotation":180,"texture":"#0"},"down":{"uv":[6.25,0,12.5,4],"rotation":180,"texture":"#0"}}},{"name":"cube inverted","from":[21.5,8.5,16.5],"to":[-4.5,-0.5,-0.5],"rotation":{"angle":0,"axis":"x","origin":[8.4902,0.04987,16.02314]},"faces":{"north":{"uv":[6.25,14,12.5,12],"texture":"#0"},"east":{"uv":[0,16,4,14],"texture":"#0"},"south":{"uv":[6.25,14,12.5,12],"texture":"#0"},"west":{"uv":[0,16,4,14],"texture":"#0"},"down":{"uv":[6.25,10,0,14],"texture":"#0"}}},{"from":[11,0.07612,-4.92596],"to":[12,1.07612,1.07404],"rotation":{"angle":-45,"axis":"x","origin":[8.5,0.35195,0.39503]},"faces":{"north":{"uv":[12.5,6,12.75,6.25],"texture":"#0"},"east":{"uv":[12.5,6,12.75,7.5],"rotation":90,"texture":"#0"},"south":{"uv":[12.5,7.25,12.75,7.5],"texture":"#0"},"west":{"uv":[12.75,7.5,12.5,6],"rotation":90,"texture":"#0"},"up":{"uv":[12.5,6,12.75,7.5],"texture":"#0"},"down":{"uv":[12.5,6,12.75,7.5],"rotation":180,"texture":"#0"}}},{"from":[5,0.07612,-4.92596],"to":[6,1.07612,1.07404],"rotation":{"angle":-45,"axis":"x","origin":[8.5,0.35195,0.39503]},"faces":{"north":{"uv":[12.5,6,12.75,6.25],"texture":"#0"},"east":{"uv":[12.5,6,12.75,7.5],"rotation":90,"texture":"#0"},"south":{"uv":[12.5,7.25,12.75,7.5],"texture":"#0"},"west":{"uv":[12.75,7.5,12.5,6],"rotation":90,"texture":"#0"},"up":{"uv":[12.5,6,12.75,7.5],"texture":"#0"},"down":{"uv":[12.5,6,12.75,7.5],"rotation":180,"texture":"#0"}}},{"from":[6,0.07612,-4.92596],"to":[11,1.07612,-3.92596],"rotation":{"angle":-45,"axis":"x","origin":[8.5,0.35195,0.39503]},"faces":{"north":{"uv":[12.5,6,14.25,6.25],"texture":"#0"},"south":{"uv":[12.5,6,14.25,6.25],"texture":"#0"},"up":{"uv":[12.5,6,14.25,6.25],"texture":"#0"},"down":{"uv":[12.5,6,14.25,6.25],"texture":"#0"}}}],"display":{"thirdperson_righthand":{"rotation":[90,0,0],"translation":[-6.5,5,12]},"thirdperson_lefthand":{"rotation":[90,0,0],"translation":[-5.5,5,12]},"firstperson_righthand":{"rotation":[0,110,0],"translation":[9,5.5,-6.25]},"firstperson_lefthand":{"rotation":[0,110,0],"translation":[9,5.5,-6.25]},"ground":{"translation":[0,2.25,0],"scale":[0.4,0.4,0.4]},"gui":{"rotation":[30,135,0],"translation":[-0.25,0,0],"scale":[0.7,0.7,0.7]},"head":{"translation":[-0.75,8,-11.25],"scale":[1.61,1.61,1.61]},"fixed":{"rotation":[-90,0,0],"translation":[0,0,-16],"scale":[2,2,2]}},"groups":[{"name":"summer_chest_lid","origin":[8,8,8],"color":0,"children":[{"name":"patrick_chest_lid","origin":[8,8,8],"color":0,"children":[{"name":"group","origin":[14,13,6],"color":0,"children":[0,1,{"name":"group","origin":[14,13,6],"color":0,"children":[]},2]},{"name":"group","origin":[16.5,19.5,8],"color":0,"children":[]},{"name":"group","origin":[1.5,17.5,8],"color":0,"children":[]}]},{"name":"group","origin":[0,0,0],"color":0,"children":[3,4,5]}]}]}