{"credit":"Made with Blockbench","textures":{"0":"custom/decorations/balloon_sign","particle":"custom/decorations/balloon_sign"},"elements":[{"from":[-5,14,7.5],"to":[21,16,8.5],"rotation":{"angle":0,"axis":"y","origin":[8,7,8]},"faces":{"north":{"uv":[0,0,13,1],"texture":"#0"},"east":{"uv":[0,0,0.5,1],"texture":"#0"},"south":{"uv":[0,0,13,1],"texture":"#0"},"west":{"uv":[12.5,0,13,1],"texture":"#0"},"up":{"uv":[13,0,0,0.5],"texture":"#0"},"down":{"uv":[0,0.5,13,1],"texture":"#0"}}},{"from":[-5,0,7.5],"to":[21,2,8.5],"rotation":{"angle":0,"axis":"y","origin":[8,7,8]},"faces":{"north":{"uv":[0,7,13,8],"texture":"#0"},"east":{"uv":[0,7,0.5,8],"texture":"#0"},"south":{"uv":[0,7,13,8],"texture":"#0"},"west":{"uv":[12.5,7,13,8],"texture":"#0"},"up":{"uv":[0,0.5,13,1],"texture":"#0"},"down":{"uv":[0,7.5,13,8],"rotation":180,"texture":"#0"}}},{"from":[-5,2,7.5],"to":[-3,14,8.5],"rotation":{"angle":0,"axis":"y","origin":[8,7,8]},"faces":{"north":{"uv":[12,1,13,7],"texture":"#0"},"east":{"uv":[0.5,1,1,7],"texture":"#0"},"south":{"uv":[0,1,1,7],"texture":"#0"},"west":{"uv":[12.5,0.5,13,6.5],"texture":"#0"}}},{"from":[19,2,7.5],"to":[21,14,8.5],"rotation":{"angle":0,"axis":"y","origin":[8,7,8]},"faces":{"north":{"uv":[0,1,1,7],"texture":"#0"},"east":{"uv":[0,1,0.5,7],"texture":"#0"},"south":{"uv":[12,1,13,7],"texture":"#0"},"west":{"uv":[0.5,1,1,7],"texture":"#0"}}},{"from":[-3,2,8],"to":[19,14,8],"rotation":{"angle":0,"axis":"y","origin":[8,7,8]},"faces":{"north":{"uv":[1,1,12,7],"texture":"#0"},"south":{"uv":[12,1,1,7],"texture":"#0"}}},{"from":[-3,2,7.9],"to":[19,14,8.1],"rotation":{"angle":0,"axis":"y","origin":[8,7,8]},"faces":{"north":{"uv":[0,8,11,14],"texture":"#0","tintindex":1},"south":{"uv":[11,8,0,14],"texture":"#0","tintindex":1}}},{"from":[3,-16,7.5],"to":[5,0,8.5],"faces":{"north":{"uv":[15,8,16,16],"texture":"#0"},"east":{"uv":[15,8,15.5,16],"texture":"#0"},"south":{"uv":[16,8,15,16],"texture":"#0"},"west":{"uv":[15.5,8,16,16],"texture":"#0"},"down":{"uv":[15,15.5,16,16],"texture":"#0"}}},{"from":[11,-16,7.5],"to":[13,0,8.5],"faces":{"north":{"uv":[11,8,12,16],"texture":"#0"},"east":{"uv":[11,8,11.5,16],"texture":"#0"},"south":{"uv":[12,8,11,16],"texture":"#0"},"west":{"uv":[11.5,8,12,16],"texture":"#0"},"down":{"uv":[15,15.5,16,16],"texture":"#0"}}},{"from":[5,-4,8],"to":[11,-2,8],"faces":{"north":{"uv":[12,9,15,10],"texture":"#0"},"south":{"uv":[12,9,15,10],"texture":"#0"}}}],"display":{"thirdperson_righthand":{"rotation":[46,34,0],"translation":[-1.25,0.5,0],"scale":[0.19,0.19,0.19]},"thirdperson_lefthand":{"rotation":[46,34,0],"translation":[-1.25,0.5,0],"scale":[0.19,0.19,0.19]},"firstperson_righthand":{"rotation":[0,139,0],"translation":[17.75,0,-15.75]},"firstperson_lefthand":{"rotation":[0,139,0],"translation":[17.75,0,-15.75]},"ground":{"translation":[0,5.25,0],"scale":[0.39,0.39,0.39]},"gui":{"rotation":[30,135,0],"translation":[0,2.25,0],"scale":[0.44,0.44,0.44]},"head":{"translation":[0,22.75,0]},"fixed":{"rotation":[-90,0,0],"translation":[0,0,-16],"scale":[2,2,2]}},"groups":[{"name":"group","origin":[8,8,8],"children":[0,1,2,3,4,5]},6,7,8]}