{"credit":"Made with Blockbench","texture_size":[64,64],"textures":{"0":"custom/decorations/bell","particle":"custom/decorations/bell"},"elements":[{"from":[-8,-16,-8],"to":[24,-11,-3],"rotation":{"angle":0,"axis":"y","origin":[0,-8,0]},"faces":{"north":{"uv":[6,8,14,9.25],"texture":"#0"},"east":{"uv":[12.75,8,14,9.25],"texture":"#0"},"south":{"uv":[6,6.75,14,8],"rotation":180,"texture":"#0"},"west":{"uv":[6,8,7.25,9.25],"texture":"#0"},"up":{"uv":[6,6.75,14,8],"rotation":180,"texture":"#0"},"down":{"uv":[6,6.75,14,8],"texture":"#0"}}},{"from":[-8,-16,19],"to":[24,-11,24],"rotation":{"angle":0,"axis":"y","origin":[0,-8,27]},"faces":{"north":{"uv":[6,6.75,14,8],"rotation":180,"texture":"#0"},"east":{"uv":[14,8,12.75,9.25],"texture":"#0"},"south":{"uv":[6,8,14,9.25],"texture":"#0"},"west":{"uv":[7.25,8,6,9.25],"texture":"#0"},"up":{"uv":[6,6.75,14,8],"texture":"#0"},"down":{"uv":[6,6.75,14,8],"rotation":180,"texture":"#0"}}},{"from":[19,-16,-3],"to":[24,-11,19],"rotation":{"angle":0,"axis":"y","origin":[27,-8,5]},"faces":{"east":{"uv":[7.25,8,12.75,9.25],"texture":"#0"},"west":{"uv":[7.25,6.75,12.75,8],"rotation":180,"texture":"#0"},"up":{"uv":[6,1.25,7.25,6.75],"rotation":180,"texture":"#0"},"down":{"uv":[6,1.25,7.25,6.75],"rotation":180,"texture":"#0"}}},{"from":[-8,-16,-3],"to":[-3,-11,19],"rotation":{"angle":0,"axis":"y","origin":[0,-8,5]},"faces":{"east":{"uv":[7.25,6.75,12.75,8],"rotation":180,"texture":"#0"},"west":{"uv":[7.25,8,12.75,9.25],"texture":"#0"},"up":{"uv":[6,1.25,7.25,6.75],"texture":"#0"},"down":{"uv":[6,1.25,7.25,6.75],"texture":"#0"}}},{"from":[-4,-11,-4],"to":[-3,16,20],"rotation":{"angle":0,"axis":"y","origin":[4,-3,4]},"faces":{"north":{"uv":[5.75,6,6,12.75],"texture":"#0"},"east":{"uv":[0,6,6,12.75],"rotation":180,"texture":"#0"},"south":{"uv":[5.75,6,6,12.75],"texture":"#0"},"west":{"uv":[0,6,6,12.75],"texture":"#0"},"up":{"uv":[0,0,0.25,6],"texture":"#0"}}},{"from":[19,-11,-4],"to":[20,16,20],"rotation":{"angle":0,"axis":"y","origin":[27,-3,4]},"faces":{"north":{"uv":[0,6,0.25,12.75],"texture":"#0"},"east":{"uv":[0,6,6,12.75],"texture":"#0"},"south":{"uv":[5.75,6,6,12.75],"texture":"#0"},"west":{"uv":[0,6,6,12.75],"rotation":180,"texture":"#0"},"up":{"uv":[0,0,0.25,6],"texture":"#0"}}},{"from":[-3,-11,-4],"to":[19,16,-3],"rotation":{"angle":0,"axis":"y","origin":[5,-3,4]},"faces":{"north":{"uv":[0.25,6,5.75,12.75],"texture":"#0"},"south":{"uv":[0.25,6,5.75,12.75],"rotation":180,"texture":"#0"},"up":{"uv":[0.25,5.75,5.75,6],"texture":"#0"}}},{"from":[-3,-11,19],"to":[19,16,20],"rotation":{"angle":0,"axis":"y","origin":[5,-3,27]},"faces":{"north":{"uv":[0.25,6,5.75,12.75],"rotation":180,"texture":"#0"},"south":{"uv":[0.25,6,5.75,12.75],"texture":"#0"},"up":{"uv":[0.25,5.75,5.75,6],"texture":"#0"}}},{"from":[-3,15,-3],"to":[19,16,19],"rotation":{"angle":0,"axis":"y","origin":[5,23,5]},"faces":{"up":{"uv":[0.25,0.25,5.75,5.75],"texture":"#0"},"down":{"uv":[7.25,1,12.75,6.5],"texture":"#0"}}},{"from":[4,16,4],"to":[12,19,12],"rotation":{"angle":0,"axis":"y","origin":[12,24,12]},"faces":{"north":{"uv":[6.75,11.25,8.75,12],"texture":"#0"},"east":{"uv":[6.75,11.25,8.75,12],"texture":"#0"},"south":{"uv":[6.75,11.25,8.75,12],"texture":"#0"},"west":{"uv":[6.75,11.25,8.75,12],"texture":"#0"},"up":{"uv":[6.75,9.25,8.75,11.25],"texture":"#0"}}},{"from":[6.5,19,6.5],"to":[9.5,32,9.5],"rotation":{"angle":0,"axis":"y","origin":[15,27,14]},"faces":{"north":{"uv":[6,9.25,6.75,12.5],"texture":"#0"},"east":{"uv":[6,9.25,6.75,12.5],"texture":"#0"},"south":{"uv":[6,9.25,6.75,12.5],"texture":"#0"},"west":{"uv":[6,9.25,6.75,12.5],"texture":"#0"},"up":{"uv":[6.25,9.75,6.5,10],"texture":"#0"}}},{"from":[7,-8,7],"to":[9,15,9],"rotation":{"angle":0,"axis":"y","origin":[15,0,15]},"faces":{"north":{"uv":[14.25,0,14.75,5.75],"texture":"#0"},"east":{"uv":[14.25,0,14.75,5.75],"texture":"#0"},"south":{"uv":[14.25,0,14.75,5.75],"texture":"#0"},"west":{"uv":[14.25,0,14.75,5.75],"texture":"#0"}}},{"from":[6,-12,6],"to":[10,-8,10],"rotation":{"angle":0,"axis":"y","origin":[14,-4,14]},"faces":{"north":{"uv":[14,5.75,15,6.75],"texture":"#0"},"east":{"uv":[14,5.75,15,6.75],"texture":"#0"},"south":{"uv":[14,5.75,15,6.75],"texture":"#0"},"west":{"uv":[14,5.75,15,6.75],"texture":"#0"},"up":{"uv":[15,6.75,16,7.75],"texture":"#0"},"down":{"uv":[14,6.75,15,7.75],"texture":"#0"}}}],"display":{"thirdperson_righthand":{"rotation":[71,35,-15],"translation":[0.5,3.25,0],"scale":[0.19,0.19,0.19]},"thirdperson_lefthand":{"rotation":[71,35,-15],"translation":[0.5,3.25,0],"scale":[0.19,0.19,0.19]},"firstperson_righthand":{"rotation":[-15,37,0],"translation":[42,0,-36.25]},"firstperson_lefthand":{"rotation":[-15,37,0],"translation":[42,0,-36.25]},"ground":{"translation":[0,20.25,0],"scale":[0.4,0.4,0.4]},"gui":{"rotation":[30,45,0],"translation":[0,1.5,0],"scale":[0.28,0.28,0.28]},"head":{"translation":[0,-45,0],"scale":[1.61,1.61,1.61]},"fixed":{"rotation":[90,0,0],"translation":[0,0,16],"scale":[2.01,2.01,2.01]}},"groups":[{"name":"group","origin":[5,39,5],"children":[0,1,2,3,4,5,6,7,8]},9,10,11,12]}