{"credit":"Made with Blockbench","textures":{"0":"custom/decorations/bin","particle":"custom/decorations/bin"},"elements":[{"from":[0,14,0],"to":[16,18,16],"rotation":{"angle":0,"axis":"x","origin":[8,-3,8]},"faces":{"north":{"uv":[0,0,4,1],"texture":"#0"},"east":{"uv":[0,0,4,1],"texture":"#0"},"south":{"uv":[0,0,4,1],"texture":"#0"},"west":{"uv":[0,0,4,1],"texture":"#0"},"up":{"uv":[7.25,1,11.25,5],"texture":"#0"},"down":{"uv":[7.25,5,11.25,9],"texture":"#0"}}},{"from":[1,-11,1],"to":[15,14,15],"rotation":{"angle":0,"axis":"y","origin":[8,-3,8]},"faces":{"north":{"uv":[0.25,1,3.75,7.25],"texture":"#0"},"east":{"uv":[3.75,1,7.25,7.25],"texture":"#0"},"south":{"uv":[3.75,1,7.25,7.25],"texture":"#0"},"west":{"uv":[3.75,1,7.25,7.25],"texture":"#0"},"up":{"uv":[0.25,7.25,3.75,10.75],"rotation":180,"texture":"#0"},"down":{"uv":[3.75,7.25,7.25,10.75],"texture":"#0"}}},{"from":[3,18,8],"to":[13,29,8],"rotation":{"angle":0,"axis":"y","origin":[8,-3,8]},"faces":{"north":{"uv":[11.25,1,13.75,3.75],"texture":"#0"},"south":{"uv":[11.5,4.25,14.75,6.25],"texture":"#0"}}}],"display":{"thirdperson_righthand":{"rotation":[6,38,0],"scale":[0.2,0.2,0.2]},"thirdperson_lefthand":{"rotation":[6,38,0],"scale":[0.2,0.2,0.2]},"firstperson_righthand":{"rotation":[-8,111,0],"translation":[2.25,0.5,0.25],"scale":[0.4,0.4,0.4]},"firstperson_lefthand":{"rotation":[-8,111,0],"translation":[2.25,0.5,0.25],"scale":[0.4,0.4,0.4]},"ground":{"translation":[0,2,0],"scale":[0.2,0.2,0.2]},"gui":{"rotation":[30,135,0],"translation":[0,0.25,0],"scale":[0.4,0.4,0.4]},"head":{"translation":[0,23.75,0]},"fixed":{"rotation":[-90,0,0],"translation":[0,0,-7],"scale":[2,2,2]}},"groups":[{"name":"group","origin":[8,8,8],"children":[0,1,2]}]}