{"credit":"Made with Blockbench","textures":{"0":"custom/decorations/bird_house","particle":"custom/decorations/bird_house"},"elements":[{"from":[5,1,4],"to":[11,8,11],"rotation":{"angle":0,"axis":"y","origin":[8,9,8]},"faces":{"north":{"uv":[0.5,0.5,3.5,4],"texture":"#0"},"east":{"uv":[7,0.5,3.5,4],"texture":"#0"},"south":{"uv":[7,0.5,10,4],"texture":"#0"},"west":{"uv":[3.5,0.5,7,4],"texture":"#0"}}},{"from":[7.5,2,0],"to":[8.5,3,4],"rotation":{"angle":0,"axis":"y","origin":[8,9,8]},"faces":{"north":{"uv":[2,6.5,2.5,7],"rotation":90,"texture":"#0"},"east":{"uv":[2,5,2.5,7],"rotation":270,"texture":"#0"},"south":{"uv":[2,5,2.5,5.5],"rotation":90,"texture":"#0"},"west":{"uv":[2,5,2.5,7],"rotation":90,"texture":"#0"},"up":{"uv":[2,5,2.5,7],"rotation":180,"texture":"#0"},"down":{"uv":[2,5,2.5,7],"texture":"#0"}}},{"from":[4,0,3],"to":[12,1,12],"rotation":{"angle":0,"axis":"y","origin":[8,9,8]},"faces":{"north":{"uv":[0,4,4,4.5],"texture":"#0","tintindex":1},"east":{"uv":[0,4,4,4.5],"texture":"#0","tintindex":1},"south":{"uv":[0,4,4,4.5],"texture":"#0","tintindex":1},"west":{"uv":[0,4,4,4.5],"texture":"#0","tintindex":1},"up":{"uv":[9.5,4,14,8],"rotation":90,"texture":"#0","tintindex":1},"down":{"uv":[9.5,4,14,8],"rotation":90,"texture":"#0","tintindex":1}}},{"from":[4,6.1,3.9],"to":[12,7.1,12.9],"rotation":{"angle":22.5,"axis":"x","origin":[8,8.50087,7.49913]},"faces":{"north":{"uv":[0,4,4,4.5],"texture":"#0","tintindex":1},"east":{"uv":[0,4,4,4.5],"texture":"#0","tintindex":1},"south":{"uv":[0,4,4,4.5],"texture":"#0","tintindex":1},"west":{"uv":[0,4,4,4.5],"texture":"#0","tintindex":1},"up":{"uv":[4.5,4,9,8],"rotation":90,"texture":"#0","tintindex":1},"down":{"uv":[9.5,8,14,12],"rotation":90,"texture":"#0","tintindex":1}}},{"from":[7,-2,11],"to":[9,0,12],"faces":{"north":{"uv":[4,1,5,2],"texture":"#0"},"east":{"uv":[4,1,5,2],"texture":"#0"},"south":{"uv":[4,1,5,2],"texture":"#0"},"west":{"uv":[4,1,5,2],"texture":"#0"},"down":{"uv":[4,1,5,1.5],"texture":"#0"}}}],"display":{"thirdperson_righthand":{"rotation":[45,22,0],"translation":[0,2,1.75],"scale":[0.4,0.4,0.4]},"thirdperson_lefthand":{"rotation":[45,22,0],"translation":[0,2,1.75],"scale":[0.4,0.4,0.4]},"firstperson_righthand":{"rotation":[0,114,0],"translation":[13.5,0,-10]},"firstperson_lefthand":{"rotation":[0,114,0],"translation":[13.5,0,-10]},"ground":{"translation":[0,5,0],"scale":[0.4,0.4,0.4]},"gui":{"rotation":[30,135,0],"translation":[0.5,6,0],"scale":[1.3,1.3,1.3]},"head":{"translation":[0,19.25,0.5],"scale":[1.6,1.6,1.6]},"fixed":{"translation":[0,6,-8],"scale":[2,2,2]}},"groups":[{"name":"group","origin":[8,8,8],"children":[0,1,2,3]},4]}