{"credit":"Made with Blockbench","textures":{"0":"custom/decorations/bird_cage_1","particle":"custom/decorations/bird_cage_1"},"elements":[{"from":[6,14,8],"to":[10,17,8],"faces":{"north":{"uv":[8,8,10,9.5],"texture":"#0"},"south":{"uv":[8,8,10,9.5],"texture":"#0"}}},{"from":[1,2,1],"to":[15,14,15],"faces":{"north":{"uv":[0.5,1,7.5,7],"texture":"#0"},"east":{"uv":[0.5,1,7.5,7],"texture":"#0"},"south":{"uv":[0.5,1,7.5,7],"texture":"#0"},"west":{"uv":[0.5,1,7.5,7],"texture":"#0"},"up":{"uv":[8,1,15,8],"texture":"#0"}}},{"from":[15,14,15],"to":[1,2,1],"faces":{"north":{"uv":[0.5,1,7.5,7],"rotation":180,"texture":"#0"},"east":{"uv":[0.5,1,7.5,7],"rotation":180,"texture":"#0"},"south":{"uv":[0.5,1,7.5,7],"rotation":180,"texture":"#0"},"west":{"uv":[0.5,1,7.5,7],"rotation":180,"texture":"#0"},"down":{"uv":[8,1,15,8],"texture":"#0"}}},{"from":[0,0,0],"to":[16,2,16],"faces":{"north":{"uv":[0,7,8,8],"texture":"#0"},"east":{"uv":[0,7,8,8],"texture":"#0"},"south":{"uv":[0,7,8,8],"texture":"#0"},"west":{"uv":[0,7,8,8],"texture":"#0"},"up":{"uv":[0,8,8,16],"texture":"#0"},"down":{"uv":[0,8,8,16],"texture":"#0"}}}],"display":{"thirdperson_righthand":{"rotation":[36,51,0],"scale":[0.2,0.2,0.2]},"thirdperson_lefthand":{"rotation":[36,51,0],"scale":[0.2,0.2,0.2]},"firstperson_righthand":{"rotation":[4,120,0],"translation":[9.75,-4,-8.25]},"firstperson_lefthand":{"rotation":[4,120,0],"translation":[9.75,-4,-8.25]},"ground":{"translation":[0,1.25,0],"scale":[0.2,0.2,0.2]},"gui":{"rotation":[30,135,0],"translation":[0,0.75,0],"scale":[0.7,0.7,0.7]},"head":{"translation":[0,0.75,0]},"fixed":{"rotation":[-90,0,0],"translation":[0,0,-16],"scale":[2,2,2]}},"groups":[{"name":"group","origin":[8,8,8],"children":[0,1,2,3]}]}