{"credit":"Made with Blockbench","textures":{"0":"custom/decorations/book_stack_1","particle":"custom/decorations/book_stack_1"},"elements":[{"from":[13.98,0,5],"to":[15.98,10,5],"rotation":{"angle":0,"axis":"y","origin":[10,5,8]},"faces":{"north":{"uv":[6,0,6.5,2.5],"rotation":180,"texture":"#0"},"east":{"uv":[0,0,0,2.5],"texture":"#0"},"south":{"uv":[6,0,6.5,2.5],"rotation":180,"texture":"#0"},"west":{"uv":[0,0,0,2.5],"rotation":180,"texture":"#0"},"up":{"uv":[0,0,0,0.5],"rotation":270,"texture":"#0"}}},{"from":[15.98,0,5],"to":[15.98,10,11],"rotation":{"angle":0,"axis":"y","origin":[10,5,8]},"faces":{"north":{"uv":[0,0,2.5,0],"rotation":90,"texture":"#0"},"east":{"uv":[4.5,2.5,6,0],"texture":"#0"},"south":{"uv":[0,0,2.5,0],"rotation":270,"texture":"#0"},"west":{"uv":[6,2.5,4.5,0],"texture":"#0"},"up":{"uv":[0,0,1.5,0],"rotation":270,"texture":"#0"}}},{"from":[13.98,0,5],"to":[13.98,10,11],"rotation":{"angle":0,"axis":"y","origin":[10,5,8]},"faces":{"north":{"uv":[0,0,2.5,0],"rotation":90,"texture":"#0"},"east":{"uv":[4.5,2.5,6,0],"texture":"#0"},"south":{"uv":[0,0,2.5,0],"rotation":270,"texture":"#0"},"west":{"uv":[4.5,0,6,2.5],"rotation":180,"texture":"#0"},"up":{"uv":[0,0,1.5,0],"rotation":270,"texture":"#0"}}},{"from":[13.98,1,5],"to":[14.98,9,10],"rotation":{"angle":0,"axis":"y","origin":[10,5,8]},"faces":{"north":{"uv":[6,0.25,6.25,2.25],"rotation":180,"texture":"#0"},"east":{"uv":[0.25,5.75,1.5,7.75],"texture":"#0"},"south":{"uv":[1,5.5,2.25,5.75],"rotation":270,"texture":"#0"},"west":{"uv":[4.75,0.25,6,2.25],"rotation":180,"texture":"#0"},"up":{"uv":[1,5.5,2.25,5.75],"rotation":270,"texture":"#0"},"down":{"uv":[1,5.5,2.25,5.75],"rotation":270,"texture":"#0"}}},{"from":[14.98,1,5],"to":[15.98,9,10],"rotation":{"angle":0,"axis":"y","origin":[10,5,8]},"faces":{"north":{"uv":[6.25,0.25,6.5,2.25],"rotation":180,"texture":"#0"},"east":{"uv":[4.75,2.25,6,0.25],"texture":"#0"},"south":{"uv":[3.75,5.5,5,5.75],"rotation":270,"texture":"#0"},"west":{"uv":[1.75,5.75,3,7.75],"rotation":180,"texture":"#0"},"up":{"uv":[3.75,5.5,5,5.75],"rotation":270,"texture":"#0"},"down":{"uv":[3.75,5.5,5,5.75],"rotation":270,"texture":"#0"}}},{"from":[11.99,1,4],"to":[12.99,9,9],"rotation":{"angle":0,"axis":"y","origin":[8,5,7]},"faces":{"south":{"uv":[1,5.5,2.25,5.75],"rotation":270,"texture":"#0"},"up":{"uv":[1,5.5,2.25,5.75],"rotation":270,"texture":"#0"},"down":{"uv":[1,5.5,2.25,5.75],"rotation":270,"texture":"#0"}}},{"from":[12.99,1,4],"to":[13.99,9,9],"rotation":{"angle":0,"axis":"y","origin":[8,5,7]},"faces":{"south":{"uv":[3.75,5.5,5,5.75],"rotation":270,"texture":"#0"},"up":{"uv":[3.75,5.5,5,5.75],"rotation":270,"texture":"#0"},"down":{"uv":[3.75,5.5,5,5.75],"rotation":270,"texture":"#0"}}},{"from":[10,0,5],"to":[12,10,5],"rotation":{"angle":0,"axis":"y","origin":[6,5,8]},"faces":{"north":{"uv":[3.75,2.75,4.25,5.25],"rotation":180,"texture":"#0"},"east":{"uv":[0,0,0,2.5],"texture":"#0"},"south":{"uv":[3.75,2.75,4.25,5.25],"rotation":180,"texture":"#0"},"west":{"uv":[0,0,0,2.5],"rotation":180,"texture":"#0"},"up":{"uv":[0,0,0,0.5],"rotation":270,"texture":"#0"}}},{"from":[12,0,5],"to":[12,10,11],"rotation":{"angle":0,"axis":"y","origin":[6,5,8]},"faces":{"north":{"uv":[0,0,2.5,0],"rotation":90,"texture":"#0"},"east":{"uv":[2.25,5.25,3.75,2.75],"texture":"#0"},"south":{"uv":[0,0,2.5,0],"rotation":270,"texture":"#0"},"west":{"uv":[2.25,2.75,3.75,5.25],"rotation":180,"texture":"#0"},"up":{"uv":[0,0,1.5,0],"rotation":270,"texture":"#0"}}},{"from":[10,0,5],"to":[10,10,11],"rotation":{"angle":0,"axis":"y","origin":[6,5,8]},"faces":{"north":{"uv":[0,0,2.5,0],"rotation":90,"texture":"#0"},"east":{"uv":[3.75,2.75,2.25,5.25],"rotation":180,"texture":"#0"},"south":{"uv":[0,0,2.5,0],"rotation":270,"texture":"#0"},"west":{"uv":[2.25,2.75,3.75,5.25],"rotation":180,"texture":"#0"},"up":{"uv":[0,0,1.5,0],"rotation":270,"texture":"#0"}}},{"from":[10,1,5],"to":[11,9,10],"rotation":{"angle":0,"axis":"y","origin":[6,5,8]},"faces":{"north":{"uv":[3.75,3,4,5],"rotation":180,"texture":"#0"},"east":{"uv":[0.25,5.75,1.5,7.75],"texture":"#0"},"south":{"uv":[1,5.5,2.25,5.75],"rotation":270,"texture":"#0"},"west":{"uv":[2.5,3,3.75,5],"rotation":180,"texture":"#0"},"up":{"uv":[1,5.5,2.25,5.75],"rotation":270,"texture":"#0"},"down":{"uv":[1,5.5,2.25,5.75],"rotation":270,"texture":"#0"}}},{"from":[11,1,5],"to":[12,9,10],"rotation":{"angle":0,"axis":"y","origin":[6,5,8]},"faces":{"north":{"uv":[4,3,4.25,5],"rotation":180,"texture":"#0"},"east":{"uv":[2.5,5,3.75,3],"texture":"#0"},"south":{"uv":[3.75,5.5,5,5.75],"rotation":270,"texture":"#0"},"west":{"uv":[1.75,5.75,3,7.75],"rotation":180,"texture":"#0"},"up":{"uv":[3.75,5.5,5,5.75],"rotation":270,"texture":"#0"},"down":{"uv":[3.75,5.5,5,5.75],"rotation":270,"texture":"#0"}}},{"from":[8.01,0,6],"to":[10.01,10,6],"rotation":{"angle":0,"axis":"y","origin":[4,5,9]},"faces":{"north":{"uv":[15,0,15.5,2.5],"rotation":180,"texture":"#0"},"east":{"uv":[0,0,0,2.5],"texture":"#0"},"south":{"uv":[15,0,15.5,2.5],"rotation":180,"texture":"#0"},"west":{"uv":[0,0,0,2.5],"rotation":180,"texture":"#0"},"up":{"uv":[0,0,0,0.5],"rotation":270,"texture":"#0"}}},{"from":[10.01,0,6],"to":[10.01,10,12],"rotation":{"angle":0,"axis":"y","origin":[4,5,9]},"faces":{"north":{"uv":[0,0,2.5,0],"rotation":90,"texture":"#0"},"east":{"uv":[13.5,2.5,15,0],"texture":"#0"},"south":{"uv":[0,0,2.5,0],"rotation":270,"texture":"#0"},"west":{"uv":[13.5,0,15,2.5],"rotation":180,"texture":"#0"},"up":{"uv":[0,0,1.5,0],"rotation":270,"texture":"#0"}}},{"from":[8.01,0,6],"to":[8.01,10,12],"rotation":{"angle":0,"axis":"y","origin":[4,5,9]},"faces":{"north":{"uv":[0,0,2.5,0],"rotation":90,"texture":"#0"},"east":{"uv":[15,0,13.5,2.5],"rotation":180,"texture":"#0"},"south":{"uv":[0,0,2.5,0],"rotation":270,"texture":"#0"},"west":{"uv":[13.5,0,15,2.5],"rotation":180,"texture":"#0"},"up":{"uv":[0,0,1.5,0],"rotation":270,"texture":"#0"}}},{"from":[8.01,1,6],"to":[9.01,9,11],"rotation":{"angle":0,"axis":"y","origin":[4,5,9]},"faces":{"north":{"uv":[15,0.25,15.25,2.25],"rotation":180,"texture":"#0"},"east":{"uv":[0.25,5.75,1.5,7.75],"texture":"#0"},"south":{"uv":[1,5.5,2.25,5.75],"rotation":270,"texture":"#0"},"west":{"uv":[13.75,0.25,15,2.25],"rotation":180,"texture":"#0"},"up":{"uv":[1,5.5,2.25,5.75],"rotation":270,"texture":"#0"},"down":{"uv":[1,5.5,2.25,5.75],"rotation":270,"texture":"#0"}}},{"from":[9.01,1,6],"to":[10.01,9,11],"rotation":{"angle":0,"axis":"y","origin":[4,5,9]},"faces":{"north":{"uv":[15.25,0.25,15.5,2.25],"rotation":180,"texture":"#0"},"east":{"uv":[13.75,2.25,15,0.25],"texture":"#0"},"south":{"uv":[3.75,5.5,5,5.75],"rotation":270,"texture":"#0"},"west":{"uv":[1.75,5.75,3,7.75],"rotation":180,"texture":"#0"},"up":{"uv":[3.75,5.5,5,5.75],"rotation":270,"texture":"#0"},"down":{"uv":[3.75,5.5,5,5.75],"rotation":270,"texture":"#0"}}},{"from":[4.01,2.5,6],"to":[5.01,10.5,11],"rotation":{"angle":-22.5,"axis":"z","origin":[1,5,9]},"faces":{"south":{"uv":[1,5.5,2.25,5.75],"rotation":270,"texture":"#0"},"up":{"uv":[1,5.5,2.25,5.75],"rotation":270,"texture":"#0"},"down":{"uv":[1,5.5,2.25,5.75],"rotation":270,"texture":"#0"}}},{"from":[5.01,2.5,6],"to":[6.01,10.5,11],"rotation":{"angle":-22.5,"axis":"z","origin":[1,5,9]},"faces":{"south":{"uv":[3.75,5.5,5,5.75],"rotation":270,"texture":"#0"},"up":{"uv":[3.75,5.5,5,5.75],"rotation":270,"texture":"#0"},"down":{"uv":[3.75,5.5,5,5.75],"rotation":270,"texture":"#0"}}},{"from":[6.01,1.5,6],"to":[6.01,11.5,12],"rotation":{"angle":-22.5,"axis":"z","origin":[1,5,9]},"faces":{"north":{"uv":[0,0,2.5,0],"rotation":90,"texture":"#0"},"east":{"uv":[2,10.5,3.5,8],"texture":"#0"},"south":{"uv":[0,0,2.5,0],"rotation":270,"texture":"#0"},"west":{"uv":[2,8,3.5,10.5],"rotation":180,"texture":"#0"},"up":{"uv":[0,0,1.5,0],"rotation":270,"texture":"#0"}}},{"from":[4.01,1.5,6],"to":[4.01,11.5,12],"rotation":{"angle":-22.5,"axis":"z","origin":[1,5,9]},"faces":{"north":{"uv":[0,0,2.5,0],"rotation":90,"texture":"#0"},"east":{"uv":[3.5,8,2,10.5],"rotation":180,"texture":"#0"},"south":{"uv":[0,0,2.5,0],"rotation":270,"texture":"#0"},"west":{"uv":[2,8,3.5,10.5],"rotation":180,"texture":"#0"},"up":{"uv":[0,0,1.5,0],"rotation":270,"texture":"#0"}}},{"from":[4.01,1.5,6],"to":[6.01,11.5,6],"rotation":{"angle":-22.5,"axis":"z","origin":[1,5,9]},"faces":{"north":{"uv":[3.5,8,4,10.5],"rotation":180,"texture":"#0"},"east":{"uv":[0,0,0,2.5],"texture":"#0"},"south":{"uv":[3.5,8,4,10.5],"rotation":180,"texture":"#0"},"west":{"uv":[0,0,0,2.5],"rotation":180,"texture":"#0"},"up":{"uv":[0,0,0,0.5],"rotation":270,"texture":"#0"}}},{"from":[11.99,0,4],"to":[13.99,10,4],"rotation":{"angle":0,"axis":"y","origin":[8,5,7]},"faces":{"north":{"uv":[3.5,8,4,10.5],"rotation":180,"texture":"#0"},"south":{"uv":[3.5,8,4,10.5],"rotation":180,"texture":"#0"}}},{"from":[13.99,0,4],"to":[13.99,10,10],"rotation":{"angle":0,"axis":"y","origin":[8,5,7]},"faces":{"east":{"uv":[2,10.5,3.5,8],"texture":"#0"},"west":{"uv":[3.5,10.5,2,8],"texture":"#0"}}},{"from":[11.99,0,4],"to":[11.99,10,10],"rotation":{"angle":0,"axis":"y","origin":[8,5,7]},"faces":{"east":{"uv":[2,10.5,3.5,8],"texture":"#0"},"west":{"uv":[2,8,3.5,10.5],"rotation":180,"texture":"#0"}}},{"from":[4.01,1.5,6],"to":[6.01,11.5,6],"rotation":{"angle":-22.5,"axis":"z","origin":[1,5,9]},"faces":{"north":{"uv":[1.5,8,2,10.5],"rotation":180,"texture":"#0","tintindex":1},"south":{"uv":[1.5,8,2,10.5],"rotation":180,"texture":"#0","tintindex":1}}},{"from":[4.01,1.5,6],"to":[4.01,11.5,12],"rotation":{"angle":-22.5,"axis":"z","origin":[1,5,9]},"faces":{"east":{"uv":[1.5,8,0,10.5],"rotation":180,"texture":"#0","tintindex":1},"west":{"uv":[0,8,1.5,10.5],"rotation":180,"texture":"#0","tintindex":1}}},{"from":[6.01,1.5,6],"to":[6.01,11.5,12],"rotation":{"angle":-22.5,"axis":"z","origin":[1,5,9]},"faces":{"east":{"uv":[0,10.5,1.5,8],"texture":"#0","tintindex":1},"west":{"uv":[0,8,1.5,10.5],"rotation":180,"texture":"#0","tintindex":1}}},{"from":[11.99,0,4],"to":[13.99,10,4],"rotation":{"angle":0,"axis":"y","origin":[8,5,7]},"faces":{"north":{"uv":[1.5,8,2,10.5],"rotation":180,"texture":"#0","tintindex":1},"south":{"uv":[1.5,8,2,10.5],"rotation":180,"texture":"#0","tintindex":1}}},{"from":[11.99,0,4],"to":[11.99,10,10],"rotation":{"angle":0,"axis":"y","origin":[8,5,7]},"faces":{"east":{"uv":[1.5,10.5,0,8],"texture":"#0","tintindex":1},"west":{"uv":[0,8,1.5,10.5],"rotation":180,"texture":"#0","tintindex":1}}},{"from":[13.99,0,4],"to":[13.99,10,10],"rotation":{"angle":0,"axis":"y","origin":[8,5,7]},"faces":{"east":{"uv":[0,10.5,1.5,8],"texture":"#0","tintindex":1},"west":{"uv":[1.5,10.5,0,8],"texture":"#0","tintindex":1}}}],"display":{"thirdperson_righthand":{"rotation":[55,180,0],"translation":[0.75,1,3],"scale":[0.79,0.79,0.79]},"thirdperson_lefthand":{"rotation":[55,2,0],"translation":[1.5,1,3],"scale":[0.79,0.79,0.79]},"firstperson_righthand":{"rotation":[0,-178,0],"translation":[5.25,5,0.75]},"firstperson_lefthand":{"rotation":[0,-178,0],"translation":[3.25,5,0.75]},"ground":{"translation":[0,3.5,0],"scale":[0.6,0.6,0.6]},"gui":{"rotation":[26,144,0],"translation":[1,2,0],"scale":[1.06,1.06,1.06]},"head":{"translation":[-0.75,19.26,0],"scale":[1.6,1.6,1.6]},"fixed":{"rotation":[-90,0,0],"translation":[-0.1,0,-16],"scale":[2,2,2]}},"groups":[{"name":"group","origin":[8,8,8],"color":0,"children":[0,1,2,3,4]},{"name":"group","origin":[8,8,8],"color":0,"children":[5,6]},{"name":"group","origin":[8,8,8],"color":0,"children":[7,8,9,10,11]},{"name":"group","origin":[8,8,8],"color":0,"children":[12,13,14,15,16]},{"name":"group","origin":[8,8,8],"color":0,"children":[17,18]},19,20,21,22,23,24,{"name":"group","origin":[8,5,7],"color":0,"children":[25,26,27,28,29,30]}]}