{"credit":"Made with Blockbench","textures":{"0":"custom/decorations/book_stack_1","particle":"custom/decorations/book_stack_1"},"elements":[{"from":[11,4.02,3],"to":[11,6.02,13],"rotation":{"angle":0,"axis":"y","origin":[7,8,7]},"faces":{"east":{"uv":[1.5,8,2,10.5],"rotation":90,"texture":"#0","tintindex":1},"west":{"uv":[1.5,8,2,10.5],"rotation":90,"texture":"#0","tintindex":1}}},{"from":[5,4.02,3],"to":[11,4.02,13],"rotation":{"angle":0,"axis":"y","origin":[7,8,7]},"faces":{"up":{"uv":[0,8,1.5,10.5],"texture":"#0","tintindex":1},"down":{"uv":[0,8,1.5,10.5],"texture":"#0","tintindex":1}}},{"from":[5,6.02,3],"to":[11,6.02,13],"rotation":{"angle":0,"axis":"y","origin":[7,8,7]},"faces":{"up":{"uv":[0,8,1.5,10.5],"texture":"#0","tintindex":1},"down":{"uv":[0,8,1.5,10.5],"texture":"#0","tintindex":1}}},{"from":[5,4.02,3],"to":[11,4.02,13],"rotation":{"angle":0,"axis":"y","origin":[7,8,7]},"faces":{"east":{"uv":[0,0,2.5,0],"texture":"#0"},"south":{"uv":[0,0,1.5,0],"texture":"#0"},"west":{"uv":[0,0,2.5,0],"texture":"#0"},"up":{"uv":[2,8,3.5,10.5],"texture":"#0"},"down":{"uv":[2,8,3.5,10.5],"texture":"#0"}}},{"from":[11,4.02,3],"to":[11,6.02,13],"rotation":{"angle":0,"axis":"y","origin":[7,8,7]},"faces":{"east":{"uv":[3.5,8,4,10.5],"rotation":90,"texture":"#0"},"south":{"uv":[0,0,0,0.5],"texture":"#0"},"west":{"uv":[3.5,8,4,10.5],"rotation":90,"texture":"#0"},"up":{"uv":[0,0,0,2.5],"texture":"#0"},"down":{"uv":[0,0,0,2.5],"texture":"#0"}}},{"from":[5,6.02,3],"to":[11,6.02,13],"rotation":{"angle":0,"axis":"y","origin":[7,8,7]},"faces":{"east":{"uv":[0,0,2.5,0],"texture":"#0"},"south":{"uv":[0,0,1.5,0],"texture":"#0"},"west":{"uv":[0,0,2.5,0],"texture":"#0"},"up":{"uv":[2,8,3.5,10.5],"texture":"#0"},"down":{"uv":[2,8,3.5,10.5],"texture":"#0"}}},{"from":[6,5.02,4],"to":[11,6.02,12],"faces":{"north":{"uv":[1,5.5,2.25,5.75],"texture":"#0"},"south":{"uv":[1,5.5,2.25,5.75],"texture":"#0"},"west":{"uv":[1,5.5,2.25,5.75],"texture":"#0"}}},{"from":[6,4.02,4],"to":[11,5.02,12],"faces":{"north":{"uv":[3.75,5.5,5,5.75],"texture":"#0"},"south":{"uv":[3.75,5.5,5,5.75],"texture":"#0"},"west":{"uv":[3.75,5.5,5,5.75],"texture":"#0"}}},{"from":[11,2.01,3],"to":[11,4.01,13],"rotation":{"angle":22.5,"axis":"y","origin":[8,10,8]},"faces":{"east":{"uv":[3.75,0,4.25,2.5],"rotation":90,"texture":"#0"},"south":{"uv":[0,0,0,0.5],"texture":"#0"},"west":{"uv":[3.75,0,4.25,2.5],"rotation":90,"texture":"#0"},"up":{"uv":[0,0,0,2.5],"texture":"#0"},"down":{"uv":[0,0,0,2.5],"texture":"#0"}}},{"from":[5,2.01,3],"to":[11,2.01,13],"rotation":{"angle":22.5,"axis":"y","origin":[8,10,8]},"faces":{"east":{"uv":[0,0,2.5,0],"texture":"#0"},"south":{"uv":[0,0,1.5,0],"texture":"#0"},"west":{"uv":[0,0,2.5,0],"texture":"#0"},"up":{"uv":[2.25,0,3.75,2.5],"texture":"#0"},"down":{"uv":[2.25,2.5,3.75,0],"texture":"#0"}}},{"from":[5,4.01,3],"to":[11,4.01,13],"rotation":{"angle":22.5,"axis":"y","origin":[8,10,8]},"faces":{"east":{"uv":[0,0,2.5,0],"texture":"#0"},"south":{"uv":[0,0,1.5,0],"texture":"#0"},"west":{"uv":[0,0,2.5,0],"texture":"#0"},"up":{"uv":[2.25,0,3.75,2.5],"texture":"#0"},"down":{"uv":[2.25,2.5,3.75,0],"texture":"#0"}}},{"from":[6,3.01,4],"to":[11,4.01,12],"rotation":{"angle":22.5,"axis":"y","origin":[8,10,8]},"faces":{"north":{"uv":[1,5.5,2.25,5.75],"texture":"#0"},"east":{"uv":[3.75,0.25,4,2.25],"rotation":90,"texture":"#0"},"south":{"uv":[1,5.5,2.25,5.75],"texture":"#0"},"west":{"uv":[1,5.5,2.25,5.75],"texture":"#0"},"up":{"uv":[2.5,0.25,3.75,2.25],"texture":"#0"},"down":{"uv":[0.25,5.75,1.5,7.75],"texture":"#0"}}},{"from":[6,2.01,4],"to":[11,3.01,12],"rotation":{"angle":22.5,"axis":"y","origin":[8,10,8]},"faces":{"north":{"uv":[3.75,5.5,5,5.75],"texture":"#0"},"east":{"uv":[4,0.25,4.25,2.25],"rotation":90,"texture":"#0"},"south":{"uv":[3.75,5.5,5,5.75],"texture":"#0"},"west":{"uv":[3.75,5.5,5,5.75],"texture":"#0"},"up":{"uv":[1.75,5.75,3,7.75],"texture":"#0"},"down":{"uv":[2.5,2.25,3.75,0.25],"texture":"#0"}}},{"from":[11,0,3],"to":[11,2,13],"rotation":{"angle":0,"axis":"y","origin":[8,10,8]},"faces":{"east":{"uv":[6,0,6.5,2.5],"rotation":90,"texture":"#0"},"south":{"uv":[0,0,0,0.5],"texture":"#0"},"west":{"uv":[6,0,6.5,2.5],"rotation":90,"texture":"#0"},"up":{"uv":[0,0,0,2.5],"texture":"#0"},"down":{"uv":[0,0,0,2.5],"texture":"#0"}}},{"from":[5,0,3],"to":[11,0,13],"rotation":{"angle":0,"axis":"y","origin":[8,10,8]},"faces":{"east":{"uv":[0,0,2.5,0],"texture":"#0"},"south":{"uv":[0,0,1.5,0],"texture":"#0"},"west":{"uv":[0,0,2.5,0],"texture":"#0"},"up":{"uv":[4.5,0,6,2.5],"texture":"#0"},"down":{"uv":[4.5,2.5,6,0],"texture":"#0"}}},{"from":[5,2,3],"to":[11,2,13],"rotation":{"angle":0,"axis":"y","origin":[8,10,8]},"faces":{"east":{"uv":[0,0,2.5,0],"texture":"#0"},"south":{"uv":[0,0,1.5,0],"texture":"#0"},"west":{"uv":[0,0,2.5,0],"texture":"#0"},"up":{"uv":[4.5,0,6,2.5],"texture":"#0"},"down":{"uv":[4.5,2.5,6,0],"texture":"#0"}}},{"from":[6,1,4],"to":[11,2,12],"rotation":{"angle":0,"axis":"y","origin":[8,10,8]},"faces":{"north":{"uv":[1,5.5,2.25,5.75],"texture":"#0"},"east":{"uv":[6,0.25,6.25,2.25],"rotation":90,"texture":"#0"},"south":{"uv":[1,5.5,2.25,5.75],"texture":"#0"},"west":{"uv":[1,5.5,2.25,5.75],"texture":"#0"},"up":{"uv":[4.75,0.25,6,2.25],"texture":"#0"},"down":{"uv":[0.25,5.75,1.5,7.75],"texture":"#0"}}},{"from":[6,0,4],"to":[11,1,12],"rotation":{"angle":0,"axis":"y","origin":[8,10,8]},"faces":{"north":{"uv":[3.75,5.5,5,5.75],"texture":"#0"},"east":{"uv":[6.25,0.25,6.5,2.25],"rotation":90,"texture":"#0"},"south":{"uv":[3.75,5.5,5,5.75],"texture":"#0"},"west":{"uv":[3.75,5.5,5,5.75],"texture":"#0"},"up":{"uv":[1.75,5.75,3,7.75],"texture":"#0"},"down":{"uv":[4.75,2.25,6,0.25],"texture":"#0"}}}],"display":{"thirdperson_righthand":{"rotation":[150,-90,93],"translation":[0.25,4.5,6]},"thirdperson_lefthand":{"rotation":[150,-90,93],"translation":[0.25,4.5,6]},"firstperson_righthand":{"rotation":[77,-77,75],"translation":[-0.5,8.75,1.5]},"firstperson_lefthand":{"rotation":[77,-77,75],"translation":[-0.5,8.75,1.5]},"ground":{"translation":[0,3.5,0],"scale":[0.6,0.6,0.6]},"gui":{"rotation":[30,-135,0],"translation":[0,4.25,0],"scale":[1.07,1.07,1.07]},"head":{"rotation":[0,14,0],"translation":[0,19.26,0],"scale":[1.6,1.6,1.6]},"fixed":{"rotation":[-90,0,0],"translation":[0,0,-16.5],"scale":[2,2,2]}},"groups":[{"name":"group","origin":[8,8,8],"color":0,"children":[0,1,2,3,4,5,6,7]},{"name":"group","origin":[8,8,8],"color":0,"children":[8,9,10,11,12]},{"name":"group","origin":[8,8,8],"color":0,"children":[13,14,15,16,17]}]}