{"credit":"Made with Blockbench","textures":{"0":"custom/decorations/book_stack_1","particle":"custom/decorations/book_stack_1"},"elements":[{"from":[10,2.01,4],"to":[10,4.01,14],"rotation":{"angle":0,"axis":"y","origin":[7,8,9]},"faces":{"east":{"uv":[12.75,0,13.25,2.5],"rotation":90,"texture":"#0"},"south":{"uv":[0,0,0,0.5],"texture":"#0"},"west":{"uv":[12.75,0,13.25,2.5],"rotation":90,"texture":"#0"},"up":{"uv":[0,0,0,2.5],"texture":"#0"},"down":{"uv":[0,0,0,2.5],"texture":"#0"}}},{"from":[4,2.01,4],"to":[10,2.01,14],"rotation":{"angle":0,"axis":"y","origin":[7,8,9]},"faces":{"east":{"uv":[0,0,2.5,0],"texture":"#0"},"south":{"uv":[0,0,1.5,0],"texture":"#0"},"west":{"uv":[0,0,2.5,0],"texture":"#0"},"up":{"uv":[11.25,0,12.75,2.5],"texture":"#0"},"down":{"uv":[11.25,2.5,12.75,0],"texture":"#0"}}},{"from":[4,4.01,4],"to":[10,4.01,14],"rotation":{"angle":0,"axis":"y","origin":[7,8,9]},"faces":{"east":{"uv":[0,0,2.5,0],"texture":"#0"},"south":{"uv":[0,0,1.5,0],"texture":"#0"},"west":{"uv":[0,0,2.5,0],"texture":"#0"},"up":{"uv":[11.25,0,12.75,2.5],"texture":"#0"},"down":{"uv":[11.25,2.5,12.75,0],"texture":"#0"}}},{"from":[5,3.01,5],"to":[10,4.01,13],"rotation":{"angle":0,"axis":"y","origin":[7,8,9]},"faces":{"north":{"uv":[1,5.5,2.25,5.75],"texture":"#0"},"south":{"uv":[1,5.5,2.25,5.75],"texture":"#0"},"west":{"uv":[1,5.5,2.25,5.75],"texture":"#0"}}},{"from":[5,2.01,5],"to":[10,3.01,13],"rotation":{"angle":0,"axis":"y","origin":[7,8,9]},"faces":{"north":{"uv":[3.75,5.5,5,5.75],"texture":"#0"},"south":{"uv":[3.75,5.5,5,5.75],"texture":"#0"},"west":{"uv":[3.75,5.5,5,5.75],"texture":"#0"}}},{"from":[9,6.02,3],"to":[9,8.02,13],"rotation":{"angle":0,"axis":"y","origin":[6,10,8]},"faces":{"east":{"uv":[3.75,2.75,4.25,5.25],"rotation":90,"texture":"#0"},"south":{"uv":[0,0,0,0.5],"texture":"#0"},"west":{"uv":[3.75,2.75,4.25,5.25],"rotation":90,"texture":"#0"},"up":{"uv":[0,0,0,2.5],"texture":"#0"},"down":{"uv":[0,0,0,2.5],"texture":"#0"}}},{"from":[3,6.02,3],"to":[9,6.02,13],"rotation":{"angle":0,"axis":"y","origin":[6,10,8]},"faces":{"east":{"uv":[0,0,2.5,0],"texture":"#0"},"south":{"uv":[0,0,1.5,0],"texture":"#0"},"west":{"uv":[0,0,2.5,0],"texture":"#0"},"up":{"uv":[2.25,2.75,3.75,5.25],"texture":"#0"},"down":{"uv":[2.25,5.25,3.75,2.75],"texture":"#0"}}},{"from":[3,8.02,3],"to":[9,8.02,13],"rotation":{"angle":0,"axis":"y","origin":[6,10,8]},"faces":{"east":{"uv":[0,0,2.5,0],"texture":"#0"},"south":{"uv":[0,0,1.5,0],"texture":"#0"},"west":{"uv":[0,0,2.5,0],"texture":"#0"},"up":{"uv":[2.25,2.75,3.75,5.25],"texture":"#0"},"down":{"uv":[2.25,5.25,3.75,2.75],"texture":"#0"}}},{"from":[4,7.02,4],"to":[9,8.02,12],"rotation":{"angle":0,"axis":"y","origin":[6,10,8]},"faces":{"north":{"uv":[1,5.5,2.25,5.75],"texture":"#0"},"south":{"uv":[1,5.5,2.25,5.75],"texture":"#0"},"west":{"uv":[1,5.5,2.25,5.75],"texture":"#0"}}},{"from":[4,6.02,4],"to":[9,7.02,12],"rotation":{"angle":0,"axis":"y","origin":[6,10,8]},"faces":{"north":{"uv":[3.75,5.5,5,5.75],"texture":"#0"},"south":{"uv":[3.75,5.5,5,5.75],"texture":"#0"},"west":{"uv":[3.75,5.5,5,5.75],"texture":"#0"}}},{"from":[4,10.04,2],"to":[10,10.04,12],"rotation":{"angle":0,"axis":"y","origin":[7,12,7]},"faces":{"up":{"uv":[0,8,1.5,10.5],"texture":"#0","tintindex":1},"down":{"uv":[0,10.5,1.5,8],"texture":"#0","tintindex":1}}},{"from":[10,8.04,2],"to":[10,10.04,12],"rotation":{"angle":0,"axis":"y","origin":[7,12,7]},"faces":{"east":{"uv":[1.5,8,2,10.5],"rotation":90,"texture":"#0","tintindex":1},"west":{"uv":[1.5,8,2,10.5],"rotation":90,"texture":"#0","tintindex":1}}},{"from":[4,8.04,2],"to":[10,8.04,12],"rotation":{"angle":0,"axis":"y","origin":[7,12,7]},"faces":{"up":{"uv":[0,8,1.5,10.5],"texture":"#0","tintindex":1},"down":{"uv":[0,10.5,1.5,8],"texture":"#0","tintindex":1}}},{"from":[4,10.04,2],"to":[10,10.04,12],"rotation":{"angle":0,"axis":"y","origin":[7,12,7]},"faces":{"east":{"uv":[0,0,2.5,0],"texture":"#0"},"south":{"uv":[0,0,1.5,0],"texture":"#0"},"west":{"uv":[0,0,2.5,0],"texture":"#0"},"up":{"uv":[2,8,3.5,10.5],"texture":"#0"},"down":{"uv":[2,8,3.5,10.5],"texture":"#0"}}},{"from":[10,8.04,2],"to":[10,10.04,12],"rotation":{"angle":0,"axis":"y","origin":[7,12,7]},"faces":{"east":{"uv":[3.5,8,4,10.5],"rotation":90,"texture":"#0"},"south":{"uv":[0,0,0,0.5],"texture":"#0"},"west":{"uv":[3.5,8,4,10.5],"rotation":90,"texture":"#0"},"up":{"uv":[0,0,0,2.5],"texture":"#0"},"down":{"uv":[0,0,0,2.5],"texture":"#0"}}},{"from":[4,8.04,2],"to":[10,8.04,12],"rotation":{"angle":0,"axis":"y","origin":[7,12,7]},"faces":{"east":{"uv":[0,0,2.5,0],"texture":"#0"},"south":{"uv":[0,0,1.5,0],"texture":"#0"},"west":{"uv":[0,0,2.5,0],"texture":"#0"},"up":{"uv":[2,8,3.5,10.5],"texture":"#0"},"down":{"uv":[2,8,3.5,10.5],"texture":"#0"}}},{"from":[5,9.04,3],"to":[10,10.04,11],"rotation":{"angle":0,"axis":"y","origin":[7,12,7]},"faces":{"north":{"uv":[1,5.5,2.25,5.75],"texture":"#0"},"south":{"uv":[1,5.5,2.25,5.75],"texture":"#0"},"west":{"uv":[1,5.5,2.25,5.75],"texture":"#0"}}},{"from":[5,8.04,3],"to":[10,9.04,11],"rotation":{"angle":0,"axis":"y","origin":[7,12,7]},"faces":{"north":{"uv":[3.75,5.5,5,5.75],"texture":"#0"},"south":{"uv":[3.75,5.5,5,5.75],"texture":"#0"},"west":{"uv":[3.75,5.5,5,5.75],"texture":"#0"}}},{"from":[4,6.04,2],"to":[10,6.04,12],"rotation":{"angle":22.5,"axis":"y","origin":[7.875,5.04,7]},"faces":{"up":{"uv":[0,8,1.5,10.5],"texture":"#0","tintindex":1},"down":{"uv":[0,10.5,1.5,8],"texture":"#0","tintindex":1}}},{"from":[10,4.04,2],"to":[10,6.04,12],"rotation":{"angle":22.5,"axis":"y","origin":[7.875,5.04,7]},"faces":{"east":{"uv":[1.5,8,2,10.5],"rotation":90,"texture":"#0","tintindex":1},"west":{"uv":[1.5,8,2,10.5],"rotation":90,"texture":"#0","tintindex":1}}},{"from":[4,4.04,2],"to":[10,4.04,12],"rotation":{"angle":22.5,"axis":"y","origin":[7.875,5.04,7]},"faces":{"up":{"uv":[0,8,1.5,10.5],"texture":"#0","tintindex":1},"down":{"uv":[0,10.5,1.5,8],"texture":"#0","tintindex":1}}},{"from":[4,6.04,2],"to":[10,6.04,12],"rotation":{"angle":22.5,"axis":"y","origin":[7.875,5.04,7]},"faces":{"east":{"uv":[0,0,2.5,0],"texture":"#0"},"south":{"uv":[0,0,1.5,0],"texture":"#0"},"west":{"uv":[0,0,2.5,0],"texture":"#0"},"up":{"uv":[2,8,3.5,10.5],"texture":"#0"},"down":{"uv":[2,8,3.5,10.5],"texture":"#0"}}},{"from":[10,4.04,2],"to":[10,6.04,12],"rotation":{"angle":22.5,"axis":"y","origin":[7.875,5.04,7]},"faces":{"east":{"uv":[3.5,8,4,10.5],"rotation":90,"texture":"#0"},"south":{"uv":[0,0,0,0.5],"texture":"#0"},"west":{"uv":[3.5,8,4,10.5],"rotation":90,"texture":"#0"},"up":{"uv":[0,0,0,2.5],"texture":"#0"},"down":{"uv":[0,0,0,2.5],"texture":"#0"}}},{"from":[4,4.04,2],"to":[10,4.04,12],"rotation":{"angle":22.5,"axis":"y","origin":[7.875,5.04,7]},"faces":{"east":{"uv":[0,0,2.5,0],"texture":"#0"},"south":{"uv":[0,0,1.5,0],"texture":"#0"},"west":{"uv":[0,0,2.5,0],"texture":"#0"},"up":{"uv":[2,8,3.5,10.5],"texture":"#0"},"down":{"uv":[2,8,3.5,10.5],"texture":"#0"}}},{"from":[5,5.04,3],"to":[10,6.04,11],"rotation":{"angle":22.5,"axis":"y","origin":[7.875,5.04,7]},"faces":{"north":{"uv":[1,5.5,2.25,5.75],"texture":"#0"},"south":{"uv":[1,5.5,2.25,5.75],"texture":"#0"},"west":{"uv":[1,5.5,2.25,5.75],"texture":"#0"}}},{"from":[5,4.04,3],"to":[10,5.04,11],"rotation":{"angle":22.5,"axis":"y","origin":[7.875,5.04,7]},"faces":{"north":{"uv":[3.75,5.5,5,5.75],"texture":"#0"},"south":{"uv":[3.75,5.5,5,5.75],"texture":"#0"},"west":{"uv":[3.75,5.5,5,5.75],"texture":"#0"}}},{"from":[5,2.04,4],"to":[11,2.04,14],"rotation":{"angle":-22.5,"axis":"y","origin":[7.875,1.04,7]},"faces":{"up":{"uv":[0,8,1.5,10.5],"texture":"#0","tintindex":1},"down":{"uv":[0,10.5,1.5,8],"texture":"#0","tintindex":1}}},{"from":[11,0.04,4],"to":[11,2.04,14],"rotation":{"angle":-22.5,"axis":"y","origin":[7.875,1.04,7]},"faces":{"east":{"uv":[1.5,8,2,10.5],"rotation":90,"texture":"#0","tintindex":1},"west":{"uv":[1.5,8,2,10.5],"rotation":90,"texture":"#0","tintindex":1}}},{"from":[5,0.04,4],"to":[11,0.04,14],"rotation":{"angle":-22.5,"axis":"y","origin":[7.875,1.04,7]},"faces":{"up":{"uv":[0,8,1.5,10.5],"texture":"#0","tintindex":1},"down":{"uv":[0,10.5,1.5,8],"texture":"#0","tintindex":1}}},{"from":[5,2.04,4],"to":[11,2.04,14],"rotation":{"angle":-22.5,"axis":"y","origin":[7.875,1.04,7]},"faces":{"east":{"uv":[0,0,2.5,0],"texture":"#0"},"south":{"uv":[0,0,1.5,0],"texture":"#0"},"west":{"uv":[0,0,2.5,0],"texture":"#0"},"up":{"uv":[2,8,3.5,10.5],"texture":"#0"},"down":{"uv":[2,8,3.5,10.5],"texture":"#0"}}},{"from":[11,0.04,4],"to":[11,2.04,14],"rotation":{"angle":-22.5,"axis":"y","origin":[7.875,1.04,7]},"faces":{"east":{"uv":[3.5,8,4,10.5],"rotation":90,"texture":"#0"},"south":{"uv":[0,0,0,0.5],"texture":"#0"},"west":{"uv":[3.5,8,4,10.5],"rotation":90,"texture":"#0"},"up":{"uv":[0,0,0,2.5],"texture":"#0"},"down":{"uv":[0,0,0,2.5],"texture":"#0"}}},{"from":[5,0.04,4],"to":[11,0.04,14],"rotation":{"angle":-22.5,"axis":"y","origin":[7.875,1.04,7]},"faces":{"east":{"uv":[0,0,2.5,0],"texture":"#0"},"south":{"uv":[0,0,1.5,0],"texture":"#0"},"west":{"uv":[0,0,2.5,0],"texture":"#0"},"up":{"uv":[2,8,3.5,10.5],"texture":"#0"},"down":{"uv":[2,8,3.5,10.5],"texture":"#0"}}},{"from":[6,1.04,5],"to":[11,2.04,13],"rotation":{"angle":-22.5,"axis":"y","origin":[7.875,1.04,7]},"faces":{"north":{"uv":[1,5.5,2.25,5.75],"texture":"#0"},"south":{"uv":[1,5.5,2.25,5.75],"texture":"#0"},"west":{"uv":[1,5.5,2.25,5.75],"texture":"#0"}}},{"from":[6,0.04,5],"to":[11,1.04,13],"rotation":{"angle":-22.5,"axis":"y","origin":[7.875,1.04,7]},"faces":{"north":{"uv":[3.75,5.5,5,5.75],"texture":"#0"},"south":{"uv":[3.75,5.5,5,5.75],"texture":"#0"},"west":{"uv":[3.75,5.5,5,5.75],"texture":"#0"}}},{"from":[9,10.05,3],"to":[9,12.05,13],"rotation":{"angle":-22.5,"axis":"y","origin":[6.8,11.02,8]},"faces":{"east":{"uv":[6,0,6.5,2.5],"rotation":90,"texture":"#0"},"south":{"uv":[0,0,0,0.5],"texture":"#0"},"west":{"uv":[6,0,6.5,2.5],"rotation":90,"texture":"#0"},"up":{"uv":[0,0,0,2.5],"texture":"#0"},"down":{"uv":[0,0,0,2.5],"texture":"#0"}}},{"from":[3,10.05,3],"to":[9,10.05,13],"rotation":{"angle":-22.5,"axis":"y","origin":[6.8,11.02,8]},"faces":{"east":{"uv":[0,0,2.5,0],"texture":"#0"},"south":{"uv":[0,0,1.5,0],"texture":"#0"},"west":{"uv":[0,0,2.5,0],"texture":"#0"},"up":{"uv":[4.5,0,6,2.5],"texture":"#0"},"down":{"uv":[4.5,2.5,6,0],"texture":"#0"}}},{"from":[3,12.05,3],"to":[9,12.05,13],"rotation":{"angle":-22.5,"axis":"y","origin":[6.8,11.02,8]},"faces":{"east":{"uv":[0,0,2.5,0],"texture":"#0"},"south":{"uv":[0,0,1.5,0],"texture":"#0"},"west":{"uv":[0,0,2.5,0],"texture":"#0"},"up":{"uv":[4.5,0,6,2.5],"texture":"#0"},"down":{"uv":[4.5,2.5,6,0],"texture":"#0"}}},{"from":[4,11.05,4],"to":[9,12.05,12],"rotation":{"angle":-22.5,"axis":"y","origin":[6.8,11.02,8]},"faces":{"north":{"uv":[1,5.5,2.25,5.75],"texture":"#0"},"south":{"uv":[1,5.5,2.25,5.75],"texture":"#0"},"west":{"uv":[1,5.5,2.25,5.75],"texture":"#0"}}},{"from":[4,10.05,4],"to":[9,11.05,12],"rotation":{"angle":-22.5,"axis":"y","origin":[6.8,11.02,8]},"faces":{"north":{"uv":[3.75,5.5,5,5.75],"texture":"#0"},"south":{"uv":[3.75,5.5,5,5.75],"texture":"#0"},"west":{"uv":[3.75,5.5,5,5.75],"texture":"#0"}}},{"from":[9,12.02,2],"to":[9,14.02,12],"rotation":{"angle":0,"axis":"y","origin":[6,10,8]},"faces":{"east":{"uv":[3.75,0,4.25,2.5],"rotation":90,"texture":"#0"},"south":{"uv":[0,0,0,0.5],"texture":"#0"},"west":{"uv":[3.75,0,4.25,2.5],"rotation":90,"texture":"#0"},"up":{"uv":[0,0,0,2.5],"texture":"#0"},"down":{"uv":[0,0,0,2.5],"texture":"#0"}}},{"from":[3,12.02,2],"to":[9,12.02,12],"rotation":{"angle":0,"axis":"y","origin":[6,10,8]},"faces":{"east":{"uv":[0,0,2.5,0],"texture":"#0"},"south":{"uv":[0,0,1.5,0],"texture":"#0"},"west":{"uv":[0,0,2.5,0],"texture":"#0"},"up":{"uv":[2.25,0,3.75,2.5],"texture":"#0"},"down":{"uv":[2.25,2.5,3.75,0],"texture":"#0"}}},{"from":[3,14.02,2],"to":[9,14.02,12],"rotation":{"angle":0,"axis":"y","origin":[6,10,8]},"faces":{"east":{"uv":[0,0,2.5,0],"texture":"#0"},"south":{"uv":[0,0,1.5,0],"texture":"#0"},"west":{"uv":[0,0,2.5,0],"texture":"#0"},"up":{"uv":[2.25,0,3.75,2.5],"texture":"#0"},"down":{"uv":[2.25,2.5,3.75,0],"texture":"#0"}}},{"from":[4,13.02,3],"to":[9,14.02,11],"rotation":{"angle":0,"axis":"y","origin":[6,10,8]},"faces":{"north":{"uv":[1,5.5,2.25,5.75],"texture":"#0"},"south":{"uv":[1,5.5,2.25,5.75],"texture":"#0"},"west":{"uv":[1,5.5,2.25,5.75],"texture":"#0"}}},{"from":[4,12.02,3],"to":[9,13.02,11],"rotation":{"angle":0,"axis":"y","origin":[6,10,8]},"faces":{"north":{"uv":[3.75,5.5,5,5.75],"texture":"#0"},"south":{"uv":[3.75,5.5,5,5.75],"texture":"#0"},"west":{"uv":[3.75,5.5,5,5.75],"texture":"#0"}}},{"from":[4,16.04,3],"to":[10,16.04,13],"rotation":{"angle":0,"axis":"y","origin":[7,12,7]},"faces":{"up":{"uv":[0,8,1.5,10.5],"texture":"#0","tintindex":1},"down":{"uv":[0,10.5,1.5,8],"texture":"#0","tintindex":1}}},{"from":[10,14.04,3],"to":[10,16.04,13],"rotation":{"angle":0,"axis":"y","origin":[7,12,7]},"faces":{"east":{"uv":[1.5,8,2,10.5],"rotation":90,"texture":"#0","tintindex":1},"west":{"uv":[1.5,8,2,10.5],"rotation":90,"texture":"#0","tintindex":1}}},{"from":[4,14.04,3],"to":[10,14.04,13],"rotation":{"angle":0,"axis":"y","origin":[7,12,7]},"faces":{"up":{"uv":[0,8,1.5,10.5],"texture":"#0","tintindex":1},"down":{"uv":[0,10.5,1.5,8],"texture":"#0","tintindex":1}}},{"from":[4,16.04,3],"to":[10,16.04,13],"rotation":{"angle":0,"axis":"y","origin":[7,12,7]},"faces":{"east":{"uv":[0,0,2.5,0],"texture":"#0"},"south":{"uv":[0,0,1.5,0],"texture":"#0"},"west":{"uv":[0,0,2.5,0],"texture":"#0"},"up":{"uv":[2,8,3.5,10.5],"texture":"#0"},"down":{"uv":[2,8,3.5,10.5],"texture":"#0"}}},{"from":[10,14.04,3],"to":[10,16.04,13],"rotation":{"angle":0,"axis":"y","origin":[7,12,7]},"faces":{"east":{"uv":[3.5,8,4,10.5],"rotation":90,"texture":"#0"},"south":{"uv":[0,0,0,0.5],"texture":"#0"},"west":{"uv":[3.5,8,4,10.5],"rotation":90,"texture":"#0"},"up":{"uv":[0,0,0,2.5],"texture":"#0"},"down":{"uv":[0,0,0,2.5],"texture":"#0"}}},{"from":[4,14.04,3],"to":[10,14.04,13],"rotation":{"angle":0,"axis":"y","origin":[7,12,7]},"faces":{"east":{"uv":[0,0,2.5,0],"texture":"#0"},"south":{"uv":[0,0,1.5,0],"texture":"#0"},"west":{"uv":[0,0,2.5,0],"texture":"#0"},"up":{"uv":[2,8,3.5,10.5],"texture":"#0"},"down":{"uv":[2,8,3.5,10.5],"texture":"#0"}}},{"from":[5,15.04,4],"to":[10,16.04,12],"rotation":{"angle":0,"axis":"y","origin":[7,12,7]},"faces":{"north":{"uv":[1,5.5,2.25,5.75],"texture":"#0"},"south":{"uv":[1,5.5,2.25,5.75],"texture":"#0"},"west":{"uv":[1,5.5,2.25,5.75],"texture":"#0"}}},{"from":[5,14.04,4],"to":[10,15.04,12],"rotation":{"angle":0,"axis":"y","origin":[7,12,7]},"faces":{"north":{"uv":[3.75,5.5,5,5.75],"texture":"#0"},"south":{"uv":[3.75,5.5,5,5.75],"texture":"#0"},"west":{"uv":[3.75,5.5,5,5.75],"texture":"#0"}}}],"display":{"thirdperson_righthand":{"rotation":[150,-90,91],"translation":[0.75,3.5,6.25]},"thirdperson_lefthand":{"rotation":[150,-90,91],"translation":[0.75,3.5,6.25]},"firstperson_righthand":{"rotation":[77,-77,71],"translation":[4.25,8.75,1.5]},"firstperson_lefthand":{"rotation":[77,-77,71],"translation":[4.25,8.75,1.5]},"ground":{"translation":[0,3.5,0],"scale":[0.6,0.6,0.6]},"gui":{"rotation":[30,-135,0],"translation":[-0.5,-0.25,0],"scale":[0.8,0.8,0.8]},"head":{"rotation":[0,14,0],"translation":[0,19.26,0],"scale":[1.6,1.6,1.6]},"fixed":{"rotation":[90,0,0],"translation":[0,0,-16],"scale":[1.99,1.99,1.99]}},"groups":[{"name":"group","origin":[8,8,8],"color":0,"children":[]},{"name":"group","origin":[8,8,8],"color":0,"children":[0,1,2,3,4]},{"name":"group","origin":[8,8,8],"color":0,"children":[5,6,7,8,9]},{"name":"group","origin":[8,8,8],"color":0,"children":[]},{"name":"group","origin":[7,12,7],"color":0,"children":[10,11,12,13,14,15,{"name":"group","origin":[8,8,8],"color":0,"children":[16,17]}]},{"name":"group","origin":[7,12,7],"color":0,"children":[18,19,20,21,22,23,{"name":"group","origin":[8,8,8],"color":0,"children":[24,25]}]},{"name":"group","origin":[7,12,7],"color":0,"children":[26,27,28,29,30,31,{"name":"group","origin":[8,8,8],"color":0,"children":[32,33]}]},{"name":"group","origin":[8,8,8],"color":0,"children":[34,35,36,37,38]},{"name":"group","origin":[8,8,8],"color":0,"children":[39,40,41,42,43]},{"name":"group","origin":[7,12,7],"color":0,"children":[44,45,46,47,48,49,{"name":"group","origin":[8,8,8],"color":0,"children":[50,51]}]}]}