{"credit":"Made with Blockbench","textures":{"0":"custom/decorations/bunch_of_bottles","particle":"custom/decorations/bunch_of_bottles"},"elements":[{"name":"bottle_one_cap","from":[6.85,8.85,6.85],"to":[9.15,10.15,9.15],"rotation":{"angle":0,"axis":"y","origin":[14.5,17,14]},"faces":{"north":{"uv":[14.5,1,15.5,1.5],"texture":"#0"},"east":{"uv":[14.5,1,15.5,1.5],"texture":"#0"},"south":{"uv":[14.5,1,15.5,1.5],"texture":"#0"},"west":{"uv":[14.5,1,15.5,1.5],"texture":"#0"},"up":{"uv":[14.5,0,15.5,1],"texture":"#0"}}},{"name":"bottle_one_bottom","from":[6.5,0,6.5],"to":[9.5,6,9.5],"rotation":{"angle":0,"axis":"y","origin":[14.5,8,14]},"faces":{"north":{"uv":[13,1.5,14.5,4.5],"texture":"#0","tintindex":1},"east":{"uv":[13,1.5,14.5,4.5],"texture":"#0","tintindex":1},"south":{"uv":[13,1.5,14.5,4.5],"texture":"#0","tintindex":1},"west":{"uv":[13,1.5,14.5,4.5],"texture":"#0","tintindex":1},"up":{"uv":[13,0,14.5,1.5],"texture":"#0","tintindex":1},"down":{"uv":[0,11,1.5,12.5],"texture":"#0","tintindex":1}}},{"name":"bottle_one_neck","from":[7,6,7],"to":[9,10,9],"rotation":{"angle":0,"axis":"y","origin":[15.5,14,15]},"faces":{"north":{"uv":[15.5,1.5,14.5,3.5],"texture":"#0","tintindex":1},"east":{"uv":[14.5,1.5,15.5,3.5],"texture":"#0","tintindex":1},"south":{"uv":[15.5,1.5,14.5,3.5],"texture":"#0","tintindex":1},"west":{"uv":[14.5,1.5,15.5,3.5],"texture":"#0","tintindex":1},"up":{"uv":[1.5,3,2.5,4],"texture":"#0","tintindex":1}}},{"from":[6.4,3.9,6.4],"to":[9.6,5.1,9.6],"rotation":{"angle":0,"axis":"y","origin":[10,8,11]},"faces":{"north":{"uv":[0,14,1.5,14.5],"texture":"#0"},"east":{"uv":[0,14,1.5,14.5],"texture":"#0"},"south":{"uv":[0,14,1.5,14.5],"texture":"#0"},"west":{"uv":[0,14,1.5,14.5],"texture":"#0"}}}],"display":{"thirdperson_righthand":{"rotation":[45,45,0],"translation":[-0.25,1.75,2]},"thirdperson_lefthand":{"rotation":[45,45,0],"translation":[-0.25,1.75,2]},"firstperson_righthand":{"rotation":[-15,0,0],"translation":[-0.5,6,1.5],"scale":[0.8,0.8,0.8]},"firstperson_lefthand":{"rotation":[-15,0,0],"translation":[0.75,6,1.5],"scale":[0.8,0.8,0.8]},"ground":{"translation":[0,5.25,0],"scale":[0.7,0.7,0.7]},"gui":{"rotation":[30,45,0],"translation":[0.25,3,0],"scale":[1.2,1.2,1.2]},"head":{"translation":[0,18.75,0],"scale":[1.6,1.6,1.6]},"fixed":{"rotation":[-90,0,0],"translation":[0,0,-16],"scale":[2,2,2]}},"groups":[{"name":"bottle_one","origin":[8,8,8],"children":[0,1,2,3]}]}