{"credit":"Made with Blockbench","textures":{"0":"custom/decorations/bunch_of_bottles","particle":"custom/decorations/bunch_of_bottles"},"elements":[{"name":"bottle_one_cap","from":[6.85,0.85,11.85],"to":[9.15,3.15,13.15],"rotation":{"angle":0,"axis":"x","origin":[14.5,-4,20]},"faces":{"east":{"uv":[14.5,1,15.5,1.5],"rotation":270,"texture":"#0"},"south":{"uv":[14.5,0,15.5,1],"texture":"#0"},"west":{"uv":[14.5,1,15.5,1.5],"rotation":90,"texture":"#0"},"up":{"uv":[14.5,1,15.5,1.5],"rotation":180,"texture":"#0"},"down":{"uv":[14.5,1,15.5,1.5],"texture":"#0"}}},{"name":"bottle_one_bottom","from":[6.5,0.5,3],"to":[9.5,3.5,9],"rotation":{"angle":0,"axis":"x","origin":[14.5,-4,20]},"faces":{"north":{"uv":[13,4.5,14.5,6],"rotation":180,"texture":"#0","tintindex":1},"east":{"uv":[13,1.5,14.5,4.5],"rotation":270,"texture":"#0","tintindex":1},"south":{"uv":[13,0,14.5,1.5],"texture":"#0","tintindex":1},"west":{"uv":[13,1.5,14.5,4.5],"rotation":90,"texture":"#0","tintindex":1},"up":{"uv":[13,1.5,14.5,4.5],"rotation":180,"texture":"#0","tintindex":1},"down":{"uv":[13,1.5,14.5,4.5],"texture":"#0","tintindex":1}}},{"name":"bottle_one_neck","from":[7,1,9],"to":[9,3,13],"rotation":{"angle":0,"axis":"x","origin":[14.5,-4,20]},"faces":{"east":{"uv":[14.5,1.5,15.5,3.5],"rotation":270,"texture":"#0","tintindex":1},"south":{"uv":[1.5,3,2.5,4],"texture":"#0","tintindex":1},"west":{"uv":[14.5,1.5,15.5,3.5],"rotation":90,"texture":"#0","tintindex":1},"up":{"uv":[15.5,1.5,14.5,3.5],"rotation":180,"texture":"#0","tintindex":1},"down":{"uv":[15.5,1.5,14.5,3.5],"texture":"#0","tintindex":1}}},{"from":[6.4,0.4,6.9],"to":[9.6,3.6,8.1],"rotation":{"angle":0,"axis":"x","origin":[14.5,-4,20]},"faces":{"east":{"uv":[0,14,1.5,14.5],"rotation":270,"texture":"#0"},"west":{"uv":[0,14,1.5,14.5],"rotation":90,"texture":"#0"},"up":{"uv":[0,14,1.5,14.5],"rotation":180,"texture":"#0"},"down":{"uv":[0,14,1.5,14.5],"texture":"#0"}}}],"display":{"thirdperson_righthand":{"rotation":[96,17,15],"translation":[-2.25,0.75,6.5]},"thirdperson_lefthand":{"rotation":[96,17,15],"translation":[-2.25,0.75,6.5]},"firstperson_righthand":{"rotation":[65,0,0],"translation":[0,6,5.25],"scale":[0.8,0.8,0.8]},"firstperson_lefthand":{"rotation":[65,0,0],"translation":[1,6,5.25],"scale":[0.8,0.8,0.8]},"ground":{"translation":[0,5.25,0],"scale":[0.7,0.7,0.7]},"gui":{"rotation":[30,45,0],"translation":[0.25,5.75,0],"scale":[1.2,1.2,1.2]},"head":{"rotation":[0,53,0],"translation":[0,18.5,0],"scale":[1.6,1.6,1.6]},"fixed":{"rotation":[-90,0,0],"translation":[0,0,-15],"scale":[2,2,2]}},"groups":[{"name":"bottle_one","origin":[8,8,8],"children":[0,1,2,3]}]}