{"credit":"Made with Blockbench","textures":{"0":"custom/decorations/bunch_of_bottles","particle":"custom/decorations/bunch_of_bottles"},"elements":[{"name":"bottle_one_cap","from":[0.85,0.85,11.85],"to":[3.15,3.15,13.15],"rotation":{"angle":0,"axis":"x","origin":[8.5,-4,20]},"faces":{"east":{"uv":[14.5,1,15.5,1.5],"rotation":270,"texture":"#0"},"south":{"uv":[14.5,0,15.5,1],"texture":"#0"},"west":{"uv":[14.5,1,15.5,1.5],"rotation":90,"texture":"#0"},"up":{"uv":[14.5,1,15.5,1.5],"rotation":180,"texture":"#0"},"down":{"uv":[14.5,1,15.5,1.5],"texture":"#0"}}},{"name":"bottle_one_bottom","from":[0.5,0.5,3],"to":[3.5,3.5,9],"rotation":{"angle":0,"axis":"x","origin":[8.5,-4,20]},"faces":{"north":{"uv":[13,4.5,14.5,6],"rotation":180,"texture":"#0","tintindex":1},"east":{"uv":[13,1.5,14.5,4.5],"rotation":270,"texture":"#0","tintindex":1},"south":{"uv":[13,0,14.5,1.5],"texture":"#0","tintindex":1},"west":{"uv":[13,1.5,14.5,4.5],"rotation":90,"texture":"#0","tintindex":1},"up":{"uv":[13,1.5,14.5,4.5],"rotation":180,"texture":"#0","tintindex":1},"down":{"uv":[13,1.5,14.5,4.5],"texture":"#0","tintindex":1}}},{"name":"bottle_one_neck","from":[1,1,9],"to":[3,3,13],"rotation":{"angle":0,"axis":"x","origin":[8.5,-4,20]},"faces":{"east":{"uv":[14.5,1.5,15.5,3.5],"rotation":270,"texture":"#0","tintindex":1},"south":{"uv":[1.5,3,2.5,4],"texture":"#0","tintindex":1},"west":{"uv":[14.5,1.5,15.5,3.5],"rotation":90,"texture":"#0","tintindex":1},"up":{"uv":[15.5,1.5,14.5,3.5],"rotation":180,"texture":"#0","tintindex":1},"down":{"uv":[15.5,1.5,14.5,3.5],"texture":"#0","tintindex":1}}},{"from":[0.4,0.4,6.9],"to":[3.6,3.6,8.1],"rotation":{"angle":0,"axis":"x","origin":[8.5,-4,20]},"faces":{"east":{"uv":[0,14,1.5,14.5],"rotation":270,"texture":"#0"},"west":{"uv":[0,14,1.5,14.5],"rotation":90,"texture":"#0"},"up":{"uv":[0,14,1.5,14.5],"rotation":180,"texture":"#0"},"down":{"uv":[0,14,1.5,14.5],"texture":"#0"}}},{"name":"bottle_one_cap","from":[8.85,0.85,11.85],"to":[11.15,3.15,13.15],"rotation":{"angle":0,"axis":"x","origin":[16.5,-4,20]},"faces":{"east":{"uv":[14.5,1,15.5,1.5],"rotation":270,"texture":"#0"},"south":{"uv":[14.5,0,15.5,1],"texture":"#0"},"west":{"uv":[14.5,1,15.5,1.5],"rotation":90,"texture":"#0"},"up":{"uv":[14.5,1,15.5,1.5],"rotation":180,"texture":"#0"},"down":{"uv":[14.5,1,15.5,1.5],"texture":"#0"}}},{"name":"bottle_one_bottom","from":[8.5,0.5,3],"to":[11.5,3.5,9],"rotation":{"angle":0,"axis":"x","origin":[16.5,-4,20]},"faces":{"north":{"uv":[13,4.5,14.5,6],"rotation":180,"texture":"#0","tintindex":1},"east":{"uv":[13,1.5,14.5,4.5],"rotation":270,"texture":"#0","tintindex":1},"south":{"uv":[13,0,14.5,1.5],"texture":"#0","tintindex":1},"west":{"uv":[13,1.5,14.5,4.5],"rotation":90,"texture":"#0","tintindex":1},"up":{"uv":[13,1.5,14.5,4.5],"rotation":180,"texture":"#0","tintindex":1},"down":{"uv":[13,1.5,14.5,4.5],"texture":"#0","tintindex":1}}},{"name":"bottle_one_neck","from":[9,1,9],"to":[11,3,13],"rotation":{"angle":0,"axis":"x","origin":[16.5,-4,20]},"faces":{"east":{"uv":[14.5,1.5,15.5,3.5],"rotation":270,"texture":"#0","tintindex":1},"south":{"uv":[1.5,3,2.5,4],"texture":"#0","tintindex":1},"west":{"uv":[14.5,1.5,15.5,3.5],"rotation":90,"texture":"#0","tintindex":1},"up":{"uv":[15.5,1.5,14.5,3.5],"rotation":180,"texture":"#0","tintindex":1},"down":{"uv":[15.5,1.5,14.5,3.5],"texture":"#0","tintindex":1}}},{"from":[8.4,0.4,6.9],"to":[11.6,3.6,8.1],"rotation":{"angle":0,"axis":"x","origin":[16.5,-4,20]},"faces":{"east":{"uv":[0,14,1.5,14.5],"rotation":270,"texture":"#0"},"west":{"uv":[0,14,1.5,14.5],"rotation":90,"texture":"#0"},"up":{"uv":[0,14,1.5,14.5],"rotation":180,"texture":"#0"},"down":{"uv":[0,14,1.5,14.5],"texture":"#0"}}},{"name":"bottle_one_cap","from":[4.85,0.85,11.85],"to":[7.15,3.15,13.15],"rotation":{"angle":0,"axis":"x","origin":[12.5,-4,20]},"faces":{"east":{"uv":[14.5,1,15.5,1.5],"rotation":270,"texture":"#0"},"south":{"uv":[14.5,0,15.5,1],"texture":"#0"},"west":{"uv":[14.5,1,15.5,1.5],"rotation":90,"texture":"#0"},"up":{"uv":[14.5,1,15.5,1.5],"rotation":180,"texture":"#0"},"down":{"uv":[14.5,1,15.5,1.5],"texture":"#0"}}},{"name":"bottle_one_bottom","from":[4.5,0.5,3],"to":[7.5,3.5,9],"rotation":{"angle":0,"axis":"x","origin":[12.5,-4,20]},"faces":{"north":{"uv":[13,4.5,14.5,6],"rotation":180,"texture":"#0","tintindex":1},"east":{"uv":[13,1.5,14.5,4.5],"rotation":270,"texture":"#0","tintindex":1},"south":{"uv":[13,0,14.5,1.5],"texture":"#0","tintindex":1},"west":{"uv":[13,1.5,14.5,4.5],"rotation":90,"texture":"#0","tintindex":1},"up":{"uv":[13,1.5,14.5,4.5],"rotation":180,"texture":"#0","tintindex":1},"down":{"uv":[13,1.5,14.5,4.5],"texture":"#0","tintindex":1}}},{"name":"bottle_one_neck","from":[5,1,9],"to":[7,3,13],"rotation":{"angle":0,"axis":"x","origin":[12.5,-4,20]},"faces":{"east":{"uv":[14.5,1.5,15.5,3.5],"rotation":270,"texture":"#0","tintindex":1},"south":{"uv":[1.5,3,2.5,4],"texture":"#0","tintindex":1},"west":{"uv":[14.5,1.5,15.5,3.5],"rotation":90,"texture":"#0","tintindex":1},"up":{"uv":[15.5,1.5,14.5,3.5],"rotation":180,"texture":"#0","tintindex":1},"down":{"uv":[15.5,1.5,14.5,3.5],"texture":"#0","tintindex":1}}},{"from":[4.4,0.4,6.9],"to":[7.6,3.6,8.1],"rotation":{"angle":0,"axis":"x","origin":[12.5,-4,20]},"faces":{"east":{"uv":[0,14,1.5,14.5],"rotation":270,"texture":"#0"},"west":{"uv":[0,14,1.5,14.5],"rotation":90,"texture":"#0"},"up":{"uv":[0,14,1.5,14.5],"rotation":180,"texture":"#0"},"down":{"uv":[0,14,1.5,14.5],"texture":"#0"}}},{"name":"bottle_one_cap","from":[12.85,0.85,11.85],"to":[15.15,3.15,13.15],"rotation":{"angle":0,"axis":"x","origin":[20.5,-4,20]},"faces":{"east":{"uv":[14.5,1,15.5,1.5],"rotation":270,"texture":"#0"},"south":{"uv":[14.5,0,15.5,1],"texture":"#0"},"west":{"uv":[14.5,1,15.5,1.5],"rotation":90,"texture":"#0"},"up":{"uv":[14.5,1,15.5,1.5],"rotation":180,"texture":"#0"},"down":{"uv":[14.5,1,15.5,1.5],"texture":"#0"}}},{"name":"bottle_one_bottom","from":[12.5,0.5,3],"to":[15.5,3.5,9],"rotation":{"angle":0,"axis":"x","origin":[20.5,-4,20]},"faces":{"north":{"uv":[13,4.5,14.5,6],"rotation":180,"texture":"#0","tintindex":1},"east":{"uv":[13,1.5,14.5,4.5],"rotation":270,"texture":"#0","tintindex":1},"south":{"uv":[13,0,14.5,1.5],"texture":"#0","tintindex":1},"west":{"uv":[13,1.5,14.5,4.5],"rotation":90,"texture":"#0","tintindex":1},"up":{"uv":[13,1.5,14.5,4.5],"rotation":180,"texture":"#0","tintindex":1},"down":{"uv":[13,1.5,14.5,4.5],"texture":"#0","tintindex":1}}},{"name":"bottle_one_neck","from":[13,1,9],"to":[15,3,13],"rotation":{"angle":0,"axis":"x","origin":[20.5,-4,20]},"faces":{"east":{"uv":[14.5,1.5,15.5,3.5],"rotation":270,"texture":"#0","tintindex":1},"south":{"uv":[1.5,3,2.5,4],"texture":"#0","tintindex":1},"west":{"uv":[14.5,1.5,15.5,3.5],"rotation":90,"texture":"#0","tintindex":1},"up":{"uv":[15.5,1.5,14.5,3.5],"rotation":180,"texture":"#0","tintindex":1},"down":{"uv":[15.5,1.5,14.5,3.5],"texture":"#0","tintindex":1}}},{"from":[12.4,0.4,6.9],"to":[15.6,3.6,8.1],"rotation":{"angle":0,"axis":"x","origin":[20.5,-4,20]},"faces":{"east":{"uv":[0,14,1.5,14.5],"rotation":270,"texture":"#0"},"west":{"uv":[0,14,1.5,14.5],"rotation":90,"texture":"#0"},"up":{"uv":[0,14,1.5,14.5],"rotation":180,"texture":"#0"},"down":{"uv":[0,14,1.5,14.5],"texture":"#0"}}},{"name":"bottle_one_cap","from":[10.85,3.85,11.85],"to":[13.15,6.15,13.15],"rotation":{"angle":0,"axis":"x","origin":[18.5,-1,20]},"faces":{"east":{"uv":[14.5,1,15.5,1.5],"rotation":270,"texture":"#0"},"south":{"uv":[14.5,0,15.5,1],"texture":"#0"},"west":{"uv":[14.5,1,15.5,1.5],"rotation":90,"texture":"#0"},"up":{"uv":[14.5,1,15.5,1.5],"rotation":180,"texture":"#0"},"down":{"uv":[14.5,1,15.5,1.5],"texture":"#0"}}},{"name":"bottle_one_bottom","from":[10.5,3.5,3],"to":[13.5,6.5,9],"rotation":{"angle":0,"axis":"x","origin":[18.5,-1,20]},"faces":{"north":{"uv":[13,4.5,14.5,6],"rotation":180,"texture":"#0","tintindex":1},"east":{"uv":[13,1.5,14.5,4.5],"rotation":270,"texture":"#0","tintindex":1},"south":{"uv":[13,0,14.5,1.5],"texture":"#0","tintindex":1},"west":{"uv":[13,1.5,14.5,4.5],"rotation":90,"texture":"#0","tintindex":1},"up":{"uv":[13,1.5,14.5,4.5],"rotation":180,"texture":"#0","tintindex":1},"down":{"uv":[13,1.5,14.5,4.5],"texture":"#0","tintindex":1}}},{"name":"bottle_one_neck","from":[11,4,9],"to":[13,6,13],"rotation":{"angle":0,"axis":"x","origin":[18.5,-1,20]},"faces":{"east":{"uv":[14.5,1.5,15.5,3.5],"rotation":270,"texture":"#0","tintindex":1},"south":{"uv":[1.5,3,2.5,4],"texture":"#0","tintindex":1},"west":{"uv":[14.5,1.5,15.5,3.5],"rotation":90,"texture":"#0","tintindex":1},"up":{"uv":[15.5,1.5,14.5,3.5],"rotation":180,"texture":"#0","tintindex":1},"down":{"uv":[15.5,1.5,14.5,3.5],"texture":"#0","tintindex":1}}},{"from":[10.4,3.4,6.9],"to":[13.6,6.6,8.1],"rotation":{"angle":0,"axis":"x","origin":[18.5,-1,20]},"faces":{"east":{"uv":[0,14,1.5,14.5],"rotation":270,"texture":"#0"},"west":{"uv":[0,14,1.5,14.5],"rotation":90,"texture":"#0"},"up":{"uv":[0,14,1.5,14.5],"rotation":180,"texture":"#0"},"down":{"uv":[0,14,1.5,14.5],"texture":"#0"}}},{"name":"bottle_one_cap","from":[6.85,3.85,11.85],"to":[9.15,6.15,13.15],"rotation":{"angle":0,"axis":"x","origin":[14.5,-1,20]},"faces":{"east":{"uv":[14.5,1,15.5,1.5],"rotation":270,"texture":"#0"},"south":{"uv":[14.5,0,15.5,1],"texture":"#0"},"west":{"uv":[14.5,1,15.5,1.5],"rotation":90,"texture":"#0"},"up":{"uv":[14.5,1,15.5,1.5],"rotation":180,"texture":"#0"},"down":{"uv":[14.5,1,15.5,1.5],"texture":"#0"}}},{"name":"bottle_one_bottom","from":[6.5,3.5,3],"to":[9.5,6.5,9],"rotation":{"angle":0,"axis":"x","origin":[14.5,-1,20]},"faces":{"north":{"uv":[13,4.5,14.5,6],"rotation":180,"texture":"#0","tintindex":1},"east":{"uv":[13,1.5,14.5,4.5],"rotation":270,"texture":"#0","tintindex":1},"south":{"uv":[13,0,14.5,1.5],"texture":"#0","tintindex":1},"west":{"uv":[13,1.5,14.5,4.5],"rotation":90,"texture":"#0","tintindex":1},"up":{"uv":[13,1.5,14.5,4.5],"rotation":180,"texture":"#0","tintindex":1},"down":{"uv":[13,1.5,14.5,4.5],"texture":"#0","tintindex":1}}},{"name":"bottle_one_neck","from":[7,4,9],"to":[9,6,13],"rotation":{"angle":0,"axis":"x","origin":[14.5,-1,20]},"faces":{"east":{"uv":[14.5,1.5,15.5,3.5],"rotation":270,"texture":"#0","tintindex":1},"south":{"uv":[1.5,3,2.5,4],"texture":"#0","tintindex":1},"west":{"uv":[14.5,1.5,15.5,3.5],"rotation":90,"texture":"#0","tintindex":1},"up":{"uv":[15.5,1.5,14.5,3.5],"rotation":180,"texture":"#0","tintindex":1},"down":{"uv":[15.5,1.5,14.5,3.5],"texture":"#0","tintindex":1}}},{"from":[6.4,3.4,6.9],"to":[9.6,6.6,8.1],"rotation":{"angle":0,"axis":"x","origin":[14.5,-1,20]},"faces":{"east":{"uv":[0,14,1.5,14.5],"rotation":270,"texture":"#0"},"west":{"uv":[0,14,1.5,14.5],"rotation":90,"texture":"#0"},"up":{"uv":[0,14,1.5,14.5],"rotation":180,"texture":"#0"},"down":{"uv":[0,14,1.5,14.5],"texture":"#0"}}},{"name":"bottle_one_cap","from":[2.85,3.85,11.85],"to":[5.15,6.15,13.15],"rotation":{"angle":0,"axis":"x","origin":[10.5,-1,20]},"faces":{"east":{"uv":[14.5,1,15.5,1.5],"rotation":270,"texture":"#0"},"south":{"uv":[14.5,0,15.5,1],"texture":"#0"},"west":{"uv":[14.5,1,15.5,1.5],"rotation":90,"texture":"#0"},"up":{"uv":[14.5,1,15.5,1.5],"rotation":180,"texture":"#0"},"down":{"uv":[14.5,1,15.5,1.5],"texture":"#0"}}},{"name":"bottle_one_bottom","from":[2.5,3.5,3],"to":[5.5,6.5,9],"rotation":{"angle":0,"axis":"x","origin":[10.5,-1,20]},"faces":{"north":{"uv":[13,4.5,14.5,6],"rotation":180,"texture":"#0","tintindex":1},"east":{"uv":[13,1.5,14.5,4.5],"rotation":270,"texture":"#0","tintindex":1},"south":{"uv":[13,0,14.5,1.5],"texture":"#0","tintindex":1},"west":{"uv":[13,1.5,14.5,4.5],"rotation":90,"texture":"#0","tintindex":1},"up":{"uv":[13,1.5,14.5,4.5],"rotation":180,"texture":"#0","tintindex":1},"down":{"uv":[13,1.5,14.5,4.5],"texture":"#0","tintindex":1}}},{"name":"bottle_one_neck","from":[3,4,9],"to":[5,6,13],"rotation":{"angle":0,"axis":"x","origin":[10.5,-1,20]},"faces":{"east":{"uv":[14.5,1.5,15.5,3.5],"rotation":270,"texture":"#0","tintindex":1},"south":{"uv":[1.5,3,2.5,4],"texture":"#0","tintindex":1},"west":{"uv":[14.5,1.5,15.5,3.5],"rotation":90,"texture":"#0","tintindex":1},"up":{"uv":[15.5,1.5,14.5,3.5],"rotation":180,"texture":"#0","tintindex":1},"down":{"uv":[15.5,1.5,14.5,3.5],"texture":"#0","tintindex":1}}},{"from":[2.4,3.4,6.9],"to":[5.6,6.6,8.1],"rotation":{"angle":0,"axis":"x","origin":[10.5,-1,20]},"faces":{"east":{"uv":[0,14,1.5,14.5],"rotation":270,"texture":"#0"},"west":{"uv":[0,14,1.5,14.5],"rotation":90,"texture":"#0"},"up":{"uv":[0,14,1.5,14.5],"rotation":180,"texture":"#0"},"down":{"uv":[0,14,1.5,14.5],"texture":"#0"}}},{"name":"bottle_one_cap","from":[4.85,6.85,11.85],"to":[7.15,9.15,13.15],"rotation":{"angle":0,"axis":"x","origin":[12.5,2,20]},"faces":{"east":{"uv":[14.5,1,15.5,1.5],"rotation":270,"texture":"#0"},"south":{"uv":[14.5,0,15.5,1],"texture":"#0"},"west":{"uv":[14.5,1,15.5,1.5],"rotation":90,"texture":"#0"},"up":{"uv":[14.5,1,15.5,1.5],"rotation":180,"texture":"#0"},"down":{"uv":[14.5,1,15.5,1.5],"texture":"#0"}}},{"name":"bottle_one_bottom","from":[4.5,6.5,3],"to":[7.5,9.5,9],"rotation":{"angle":0,"axis":"x","origin":[12.5,2,20]},"faces":{"north":{"uv":[13,4.5,14.5,6],"rotation":180,"texture":"#0","tintindex":1},"east":{"uv":[13,1.5,14.5,4.5],"rotation":270,"texture":"#0","tintindex":1},"south":{"uv":[13,0,14.5,1.5],"texture":"#0","tintindex":1},"west":{"uv":[13,1.5,14.5,4.5],"rotation":90,"texture":"#0","tintindex":1},"up":{"uv":[13,1.5,14.5,4.5],"rotation":180,"texture":"#0","tintindex":1},"down":{"uv":[13,1.5,14.5,4.5],"texture":"#0","tintindex":1}}},{"name":"bottle_one_neck","from":[5,7,9],"to":[7,9,13],"rotation":{"angle":0,"axis":"x","origin":[12.5,2,20]},"faces":{"east":{"uv":[14.5,1.5,15.5,3.5],"rotation":270,"texture":"#0","tintindex":1},"south":{"uv":[1.5,3,2.5,4],"texture":"#0","tintindex":1},"west":{"uv":[14.5,1.5,15.5,3.5],"rotation":90,"texture":"#0","tintindex":1},"up":{"uv":[15.5,1.5,14.5,3.5],"rotation":180,"texture":"#0","tintindex":1},"down":{"uv":[15.5,1.5,14.5,3.5],"texture":"#0","tintindex":1}}},{"from":[4.4,6.4,6.9],"to":[7.6,9.6,8.1],"rotation":{"angle":0,"axis":"x","origin":[12.5,2,20]},"faces":{"east":{"uv":[0,14,1.5,14.5],"rotation":270,"texture":"#0"},"west":{"uv":[0,14,1.5,14.5],"rotation":90,"texture":"#0"},"up":{"uv":[0,14,1.5,14.5],"rotation":180,"texture":"#0"},"down":{"uv":[0,14,1.5,14.5],"texture":"#0"}}},{"name":"bottle_one_cap","from":[8.85,6.85,11.85],"to":[11.15,9.15,13.15],"rotation":{"angle":0,"axis":"x","origin":[16.5,2,20]},"faces":{"east":{"uv":[14.5,1,15.5,1.5],"rotation":270,"texture":"#0"},"south":{"uv":[14.5,0,15.5,1],"texture":"#0"},"west":{"uv":[14.5,1,15.5,1.5],"rotation":90,"texture":"#0"},"up":{"uv":[14.5,1,15.5,1.5],"rotation":180,"texture":"#0"},"down":{"uv":[14.5,1,15.5,1.5],"texture":"#0"}}},{"name":"bottle_one_bottom","from":[8.5,6.5,3],"to":[11.5,9.5,9],"rotation":{"angle":0,"axis":"x","origin":[16.5,2,20]},"faces":{"north":{"uv":[13,4.5,14.5,6],"rotation":180,"texture":"#0","tintindex":1},"east":{"uv":[13,1.5,14.5,4.5],"rotation":270,"texture":"#0","tintindex":1},"south":{"uv":[13,0,14.5,1.5],"texture":"#0","tintindex":1},"west":{"uv":[13,1.5,14.5,4.5],"rotation":90,"texture":"#0","tintindex":1},"up":{"uv":[13,1.5,14.5,4.5],"rotation":180,"texture":"#0","tintindex":1},"down":{"uv":[13,1.5,14.5,4.5],"texture":"#0","tintindex":1}}},{"name":"bottle_one_neck","from":[9,7,9],"to":[11,9,13],"rotation":{"angle":0,"axis":"x","origin":[16.5,2,20]},"faces":{"east":{"uv":[14.5,1.5,15.5,3.5],"rotation":270,"texture":"#0","tintindex":1},"south":{"uv":[1.5,3,2.5,4],"texture":"#0","tintindex":1},"west":{"uv":[14.5,1.5,15.5,3.5],"rotation":90,"texture":"#0","tintindex":1},"up":{"uv":[15.5,1.5,14.5,3.5],"rotation":180,"texture":"#0","tintindex":1},"down":{"uv":[15.5,1.5,14.5,3.5],"texture":"#0","tintindex":1}}},{"from":[8.4,6.4,6.9],"to":[11.6,9.6,8.1],"rotation":{"angle":0,"axis":"x","origin":[16.5,2,20]},"faces":{"east":{"uv":[0,14,1.5,14.5],"rotation":270,"texture":"#0"},"west":{"uv":[0,14,1.5,14.5],"rotation":90,"texture":"#0"},"up":{"uv":[0,14,1.5,14.5],"rotation":180,"texture":"#0"},"down":{"uv":[0,14,1.5,14.5],"texture":"#0"}}},{"name":"bottle_one_cap","from":[6.85,9.85,11.85],"to":[9.15,12.15,13.15],"rotation":{"angle":0,"axis":"x","origin":[14.5,5,20]},"faces":{"east":{"uv":[14.5,1,15.5,1.5],"rotation":270,"texture":"#0"},"south":{"uv":[14.5,0,15.5,1],"texture":"#0"},"west":{"uv":[14.5,1,15.5,1.5],"rotation":90,"texture":"#0"},"up":{"uv":[14.5,1,15.5,1.5],"rotation":180,"texture":"#0"},"down":{"uv":[14.5,1,15.5,1.5],"texture":"#0"}}},{"name":"bottle_one_bottom","from":[6.5,9.5,3],"to":[9.5,12.5,9],"rotation":{"angle":0,"axis":"x","origin":[14.5,5,20]},"faces":{"north":{"uv":[13,4.5,14.5,6],"rotation":180,"texture":"#0","tintindex":1},"east":{"uv":[13,1.5,14.5,4.5],"rotation":270,"texture":"#0","tintindex":1},"south":{"uv":[13,0,14.5,1.5],"texture":"#0","tintindex":1},"west":{"uv":[13,1.5,14.5,4.5],"rotation":90,"texture":"#0","tintindex":1},"up":{"uv":[13,1.5,14.5,4.5],"rotation":180,"texture":"#0","tintindex":1},"down":{"uv":[13,1.5,14.5,4.5],"texture":"#0","tintindex":1}}},{"name":"bottle_one_neck","from":[7,10,9],"to":[9,12,13],"rotation":{"angle":0,"axis":"x","origin":[14.5,5,20]},"faces":{"east":{"uv":[14.5,1.5,15.5,3.5],"rotation":270,"texture":"#0","tintindex":1},"south":{"uv":[1.5,3,2.5,4],"texture":"#0","tintindex":1},"west":{"uv":[14.5,1.5,15.5,3.5],"rotation":90,"texture":"#0","tintindex":1},"up":{"uv":[15.5,1.5,14.5,3.5],"rotation":180,"texture":"#0","tintindex":1},"down":{"uv":[15.5,1.5,14.5,3.5],"texture":"#0","tintindex":1}}},{"from":[6.4,9.4,6.9],"to":[9.6,12.6,8.1],"rotation":{"angle":0,"axis":"x","origin":[14.5,5,20]},"faces":{"east":{"uv":[0,14,1.5,14.5],"rotation":270,"texture":"#0"},"west":{"uv":[0,14,1.5,14.5],"rotation":90,"texture":"#0"},"up":{"uv":[0,14,1.5,14.5],"rotation":180,"texture":"#0"},"down":{"uv":[0,14,1.5,14.5],"texture":"#0"}}}],"display":{"thirdperson_righthand":{"rotation":[59,-156,0],"translation":[0.5,2,3],"scale":[0.5,0.5,0.5]},"thirdperson_lefthand":{"rotation":[59,-156,0],"translation":[0.5,2,3],"scale":[0.5,0.5,0.5]},"firstperson_righthand":{"rotation":[0,-61,0],"translation":[3.5,5.25,-3.5],"scale":[0.8,0.8,0.8]},"firstperson_lefthand":{"rotation":[0,-61,0],"translation":[3.5,5.25,-3.5],"scale":[0.8,0.8,0.8]},"ground":{"translation":[0,6.5,0],"scale":[0.7,0.7,0.7]},"gui":{"rotation":[30,-45,0],"translation":[0,1.75,0],"scale":[0.9,0.9,0.9]},"head":{"rotation":[0,-180,0],"translation":[0,14,0]},"fixed":{"rotation":[-90,180,0],"translation":[0,0,-15],"scale":[2,2,2]}},"groups":[{"name":"group","origin":[8,8,8],"children":[{"name":"bottle_one","origin":[8,8,8],"children":[0,1,2,3]},{"name":"bottle_one","origin":[8,8,8],"children":[4,5,6,7]},{"name":"bottle_one","origin":[8,8,8],"children":[8,9,10,11]},{"name":"bottle_one","origin":[8,8,8],"children":[12,13,14,15]},{"name":"bottle_one","origin":[8,8,8],"children":[16,17,18,19]},{"name":"bottle_one","origin":[8,8,8],"children":[20,21,22,23]},{"name":"bottle_one","origin":[8,8,8],"children":[24,25,26,27]},{"name":"bottle_one","origin":[8,8,8],"children":[28,29,30,31]},{"name":"bottle_one","origin":[8,8,8],"children":[32,33,34,35]},{"name":"bottle_one","origin":[8,8,8],"children":[36,37,38,39]}]}]}