{"credit":"Made with Blockbench","ambientocclusion":false,"textures":{"0":"custom/decorations/brazier","1":"custom/furniture/campfire_fire","particle":"custom/decorations/brazier"},"elements":[{"from":[0,7,8],"to":[16,23,8],"rotation":{"angle":-45,"axis":"y","origin":[8,9,8]},"faces":{"north":{"uv":[0,0,16,16],"texture":"#1"},"south":{"uv":[0,0,16,16],"texture":"#1"}}},{"from":[0,7,8],"to":[16,23,8],"rotation":{"angle":45,"axis":"y","origin":[8,9,8]},"faces":{"north":{"uv":[0,0,16,16],"texture":"#1"},"south":{"uv":[0,0,16,16],"texture":"#1"}}},{"from":[7,-3,7],"to":[9,5,9],"rotation":{"angle":-45,"axis":"x","origin":[8,9,8]},"faces":{"north":{"uv":[3,5.5,4,9.5],"texture":"#0"},"east":{"uv":[3,5.5,4,9.5],"texture":"#0"},"south":{"uv":[3,5.5,4,9.5],"texture":"#0"},"west":{"uv":[3,5.5,4,9.5],"texture":"#0"},"up":{"uv":[3,5.5,4,6.5],"texture":"#0"},"down":{"uv":[3,5.5,4,6.5],"texture":"#0"}}},{"from":[7,8,-4],"to":[9,10,4],"rotation":{"angle":-45,"axis":"x","origin":[8,9,8]},"faces":{"north":{"uv":[3,5.5,4,6.5],"rotation":180,"texture":"#0"},"east":{"uv":[3,5.5,4,9.5],"rotation":270,"texture":"#0"},"south":{"uv":[3,5.5,4,6.5],"texture":"#0"},"west":{"uv":[3,5.5,4,9.5],"rotation":90,"texture":"#0"},"up":{"uv":[3,5.5,4,9.5],"rotation":180,"texture":"#0"},"down":{"uv":[3,5.5,4,9.5],"texture":"#0"}}},{"from":[7,-3,7],"to":[9,5,9],"rotation":{"angle":-45,"axis":"z","origin":[8,9,8]},"faces":{"north":{"uv":[3,5.5,4,9.5],"texture":"#0"},"east":{"uv":[3,5.5,4,9.5],"texture":"#0"},"south":{"uv":[3,5.5,4,9.5],"texture":"#0"},"west":{"uv":[3,5.5,4,9.5],"texture":"#0"},"up":{"uv":[3,5.5,4,6.5],"rotation":270,"texture":"#0"},"down":{"uv":[3,5.5,4,6.5],"rotation":90,"texture":"#0"}}},{"from":[7,-3,7],"to":[9,5,9],"rotation":{"angle":45,"axis":"z","origin":[8,9,8]},"faces":{"north":{"uv":[3,5.5,4,9.5],"texture":"#0"},"east":{"uv":[3,5.5,4,9.5],"texture":"#0"},"south":{"uv":[3,5.5,4,9.5],"texture":"#0"},"west":{"uv":[3,5.5,4,9.5],"texture":"#0"},"up":{"uv":[3,5.5,4,6.5],"texture":"#0"},"down":{"uv":[3,5.5,4,6.5],"texture":"#0"}}},{"from":[1.1,6.1,1.1],"to":[14.9,6.9,14.9],"rotation":{"angle":0,"axis":"y","origin":[8,9,8]},"faces":{"north":{"uv":[8,7,15,7.5],"texture":"#0"},"east":{"uv":[8,7,15,7.5],"texture":"#0"},"south":{"uv":[8,7,15,7.5],"texture":"#0"},"west":{"uv":[8,7,15,7.5],"texture":"#0"},"up":{"uv":[8,0,15,7],"texture":"#0"},"down":{"uv":[8,0,15,7],"texture":"#0"}}},{"from":[1,6,1],"to":[15,17,15],"rotation":{"angle":0,"axis":"y","origin":[8,9,8]},"faces":{"north":{"uv":[0,0,7,5.5],"texture":"#0"},"east":{"uv":[0,0,7,5.5],"texture":"#0"},"south":{"uv":[0,0,7,5.5],"texture":"#0"},"west":{"uv":[0,0,7,5.5],"texture":"#0"},"down":{"uv":[8,7.5,15,14.5],"texture":"#0"}}},{"from":[15,17,15],"to":[1,6,1],"rotation":{"angle":0,"axis":"y","origin":[8,9,8]},"faces":{"north":{"uv":[0,0,7,5.5],"rotation":180,"texture":"#0"},"east":{"uv":[0,0,7,5.5],"rotation":180,"texture":"#0"},"south":{"uv":[0,0,7,5.5],"rotation":180,"texture":"#0"},"west":{"uv":[0,0,7,5.5],"rotation":180,"texture":"#0"},"up":{"uv":[8,7.5,15,14.5],"texture":"#0"}}}],"display":{"thirdperson_righthand":{"rotation":[29,45,0],"translation":[0,1.5,0],"scale":[0.3,0.3,0.3]},"thirdperson_lefthand":{"rotation":[29,45,0],"translation":[0,1.5,0],"scale":[0.3,0.3,0.3]},"firstperson_righthand":{"rotation":[0,115,0],"translation":[10,0,-9]},"firstperson_lefthand":{"rotation":[0,115,0],"translation":[10,0,-9]},"ground":{"translation":[0,4,0],"scale":[0.4,0.4,0.4]},"gui":{"rotation":[30,135,0],"translation":[0,-0.25,0],"scale":[0.6,0.6,0.6]},"head":{"translation":[0,-2.5,0]},"fixed":{"rotation":[-90,0,0],"translation":[0,0,-16],"scale":[2,2,2]}},"groups":[{"name":"group","origin":[8,8,8],"color":0,"children":[0,1,2,3,4,5,6,7,8]}]}