{"credit":"Made with Blockbench","textures":{"0":"custom/decorations/bucket_sign_back","particle":"custom/decorations/bucket_sign_back"},"elements":[{"from":[-3,0,8],"to":[19,32,9],"faces":{"north":{"uv":[2.5,0,13.5,16],"texture":"#0"},"east":{"uv":[2.5,0,3,16],"texture":"#0"},"south":{"uv":[2.5,0,13.5,16],"texture":"#0"},"west":{"uv":[13,0,13.5,16],"texture":"#0"},"up":{"uv":[2.5,0,13.5,0.5],"texture":"#0"},"down":{"uv":[2.5,15.5,13.5,16],"texture":"#0"}}}],"display":{"thirdperson_righthand":{"rotation":[90,0,0],"translation":[-6,-1.5,0]},"thirdperson_lefthand":{"rotation":[90,0,0],"translation":[-6,-1.5,0]},"firstperson_righthand":{"rotation":[0,120,0],"translation":[9.25,-6.75,-4.5]},"firstperson_lefthand":{"rotation":[0,120,0],"translation":[9.25,-6.75,-4.5]},"ground":{"translation":[0,6.25,0],"scale":[0.4,0.4,0.4]},"gui":{"translation":[0,-4,0],"scale":[0.55,0.5,0.5]},"head":{"translation":[0,-24.75,-7.25],"scale":[1.6,1.6,1.6]},"fixed":{"translation":[0,-4,0],"scale":[2,2,2]}}}