{"credit":"Made with Blockbench","textures":{"1":"custom/decorations/bucket_sign"},"elements":[{"from":[-3,0,8],"to":[19,32,8],"faces":{"north":{"uv":[2.5,0,13.5,16],"texture":"#1"},"south":{"uv":[13.5,0,2.5,16],"texture":"#1"}}}],"display":{"thirdperson_righthand":{"rotation":[90,0,0],"translation":[-6,-1.5,0]},"thirdperson_lefthand":{"rotation":[90,0,0],"translation":[-6,-1.5,0]},"firstperson_righthand":{"rotation":[0,120,0],"translation":[9.25,-6.75,-4.5]},"firstperson_lefthand":{"rotation":[0,120,0],"translation":[9.25,-6.75,-4.5]},"ground":{"translation":[0,6.25,0],"scale":[0.4,0.4,0.4]},"gui":{"rotation":[0,180,0],"translation":[0,-4,0],"scale":[0.55,0.5,0.5]},"head":{"translation":[0,-24.75,-7.25],"scale":[1.6,1.6,1.6]},"fixed":{"translation":[0,-4,0],"scale":[2,2,2]}}}