{"credit":"Made with Blockbench","textures":{"0":"custom/decorations/bunch_of_bottles","particle":"custom/decorations/bunch_of_bottles"},"elements":[{"name":"bottle_one_cap","from":[8.4,8.9,1.9],"to":[10.6,10.1,4.1],"rotation":{"angle":0,"axis":"y","origin":[15.5,17,9]},"faces":{"north":{"uv":[1.5,7.5,2.5,8],"texture":"#0"},"east":{"uv":[1.5,7.5,2.5,8],"texture":"#0"},"south":{"uv":[1.5,7.5,2.5,8],"texture":"#0"},"west":{"uv":[1.5,7.5,2.5,8],"texture":"#0"},"up":{"uv":[1.5,6.5,2.5,7.5],"texture":"#0"}}},{"name":"bottle_one_bottom","from":[8,0,1.5],"to":[11,6,4.5],"rotation":{"angle":0,"axis":"y","origin":[15.5,8,9]},"faces":{"north":{"uv":[0,8,1.5,11],"texture":"#0"},"east":{"uv":[0,8,1.5,11],"texture":"#0"},"south":{"uv":[0,8,1.5,11],"texture":"#0"},"west":{"uv":[0,8,1.5,11],"texture":"#0"},"up":{"uv":[0,6.5,1.5,8],"texture":"#0"},"down":{"uv":[0,11,1.5,12.5],"texture":"#0"}}},{"name":"bottle_one_neck","from":[8.5,6,2],"to":[10.5,10,4],"rotation":{"angle":0,"axis":"y","origin":[16.5,14,10]},"faces":{"north":{"uv":[2.5,8,1.5,10],"texture":"#0"},"east":{"uv":[1.5,8,2.5,10],"texture":"#0"},"south":{"uv":[2.5,8,1.5,10],"texture":"#0"},"west":{"uv":[1.5,8,2.5,10],"texture":"#0"},"up":{"uv":[1.5,3,2.5,4],"texture":"#0"}}},{"from":[7.9,3.9,1.4],"to":[11.1,5.1,4.6],"rotation":{"angle":0,"axis":"y","origin":[11,8,6]},"faces":{"north":{"uv":[0,13,1.5,13.5],"texture":"#0","tintindex":1},"east":{"uv":[0,13,1.5,13.5],"texture":"#0","tintindex":1},"south":{"uv":[0,13,1.5,13.5],"texture":"#0","tintindex":1},"west":{"uv":[0,13,1.5,13.5],"texture":"#0","tintindex":1}}},{"name":"bottle_one_cap","from":[3.4,8.9,3.9],"to":[5.6,10.1,6.1],"rotation":{"angle":0,"axis":"y","origin":[10.5,17,11]},"faces":{"north":{"uv":[14.5,1,15.5,1.5],"texture":"#0"},"east":{"uv":[14.5,1,15.5,1.5],"texture":"#0"},"south":{"uv":[14.5,1,15.5,1.5],"texture":"#0"},"west":{"uv":[14.5,1,15.5,1.5],"texture":"#0"},"up":{"uv":[14.5,0,15.5,1],"texture":"#0"}}},{"name":"bottle_one_bottom","from":[3,0,3.5],"to":[6,6,6.5],"rotation":{"angle":0,"axis":"y","origin":[10.5,8,11]},"faces":{"north":{"uv":[13,1.5,14.5,4.5],"texture":"#0","tintindex":1},"east":{"uv":[13,1.5,14.5,4.5],"texture":"#0","tintindex":1},"south":{"uv":[13,1.5,14.5,4.5],"texture":"#0","tintindex":1},"west":{"uv":[13,1.5,14.5,4.5],"texture":"#0","tintindex":1},"up":{"uv":[13,0,14.5,1.5],"texture":"#0","tintindex":1},"down":{"uv":[0,11,1.5,12.5],"texture":"#0","tintindex":1}}},{"name":"bottle_one_neck","from":[3.5,6,4],"to":[5.5,10,6],"rotation":{"angle":0,"axis":"y","origin":[11.5,14,12]},"faces":{"north":{"uv":[15.5,1.5,14.5,3.5],"texture":"#0","tintindex":1},"east":{"uv":[14.5,1.5,15.5,3.5],"texture":"#0","tintindex":1},"south":{"uv":[15.5,1.5,14.5,3.5],"texture":"#0","tintindex":1},"west":{"uv":[14.5,1.5,15.5,3.5],"texture":"#0","tintindex":1},"up":{"uv":[1.5,3,2.5,4],"texture":"#0","tintindex":1}}},{"from":[2.9,3.9,3.4],"to":[6.1,5.1,6.6],"rotation":{"angle":0,"axis":"y","origin":[6,8,8]},"faces":{"north":{"uv":[0,14,1.5,14.5],"texture":"#0"},"east":{"uv":[0,14,1.5,14.5],"texture":"#0"},"south":{"uv":[0,14,1.5,14.5],"texture":"#0"},"west":{"uv":[0,14,1.5,14.5],"texture":"#0"}}},{"name":"bottle_one_cap","from":[12.4,8.9,5.9],"to":[14.6,10.1,8.1],"rotation":{"angle":0,"axis":"y","origin":[19.5,17,13]},"faces":{"north":{"uv":[14.5,1,15.5,1.5],"texture":"#0"},"east":{"uv":[14.5,1,15.5,1.5],"texture":"#0"},"south":{"uv":[14.5,1,15.5,1.5],"texture":"#0"},"west":{"uv":[14.5,1,15.5,1.5],"texture":"#0"},"up":{"uv":[14.5,0,15.5,1],"texture":"#0"}}},{"name":"bottle_one_bottom","from":[12,0,5.5],"to":[15,6,8.5],"rotation":{"angle":0,"axis":"y","origin":[19.5,8,13]},"faces":{"north":{"uv":[13,1.5,14.5,4.5],"texture":"#0","tintindex":1},"east":{"uv":[13,1.5,14.5,4.5],"texture":"#0","tintindex":1},"south":{"uv":[13,1.5,14.5,4.5],"texture":"#0","tintindex":1},"west":{"uv":[13,1.5,14.5,4.5],"texture":"#0","tintindex":1},"up":{"uv":[13,0,14.5,1.5],"texture":"#0","tintindex":1},"down":{"uv":[0,11,1.5,12.5],"texture":"#0","tintindex":1}}},{"name":"bottle_one_neck","from":[12.5,6,6],"to":[14.5,10,8],"rotation":{"angle":0,"axis":"y","origin":[20.5,14,14]},"faces":{"north":{"uv":[15.5,1.5,14.5,3.5],"texture":"#0","tintindex":1},"east":{"uv":[14.5,1.5,15.5,3.5],"texture":"#0","tintindex":1},"south":{"uv":[15.5,1.5,14.5,3.5],"texture":"#0","tintindex":1},"west":{"uv":[14.5,1.5,15.5,3.5],"texture":"#0","tintindex":1},"up":{"uv":[1.5,3,2.5,4],"texture":"#0","tintindex":1}}},{"from":[11.9,3.9,5.4],"to":[15.1,5.1,8.6],"rotation":{"angle":0,"axis":"y","origin":[15,8,10]},"faces":{"north":{"uv":[0,14,1.5,14.5],"texture":"#0"},"east":{"uv":[0,14,1.5,14.5],"texture":"#0"},"south":{"uv":[0,14,1.5,14.5],"texture":"#0"},"west":{"uv":[0,14,1.5,14.5],"texture":"#0"}}},{"name":"bottle_one_cap","from":[1.4,8.9,9.9],"to":[3.6,10.1,12.1],"rotation":{"angle":0,"axis":"y","origin":[8.5,17,17]},"faces":{"north":{"uv":[1.5,7.5,2.5,8],"texture":"#0"},"east":{"uv":[1.5,7.5,2.5,8],"texture":"#0"},"south":{"uv":[1.5,7.5,2.5,8],"texture":"#0"},"west":{"uv":[1.5,7.5,2.5,8],"texture":"#0"},"up":{"uv":[1.5,6.5,2.5,7.5],"texture":"#0"}}},{"name":"bottle_one_bottom","from":[1,0,9.5],"to":[4,6,12.5],"rotation":{"angle":0,"axis":"y","origin":[8.5,8,17]},"faces":{"north":{"uv":[0,8,1.5,11],"texture":"#0"},"east":{"uv":[0,8,1.5,11],"texture":"#0"},"south":{"uv":[0,8,1.5,11],"texture":"#0"},"west":{"uv":[0,8,1.5,11],"texture":"#0"},"up":{"uv":[0,6.5,1.5,8],"texture":"#0"},"down":{"uv":[0,11,1.5,12.5],"texture":"#0"}}},{"name":"bottle_one_neck","from":[1.5,6,10],"to":[3.5,10,12],"rotation":{"angle":0,"axis":"y","origin":[9.5,14,18]},"faces":{"north":{"uv":[2.5,8,1.5,10],"texture":"#0"},"east":{"uv":[1.5,8,2.5,10],"texture":"#0"},"south":{"uv":[2.5,8,1.5,10],"texture":"#0"},"west":{"uv":[1.5,8,2.5,10],"texture":"#0"},"up":{"uv":[1.5,3,2.5,4],"texture":"#0"}}},{"from":[0.9,3.9,9.4],"to":[4.1,5.1,12.6],"rotation":{"angle":0,"axis":"y","origin":[4,8,14]},"faces":{"north":{"uv":[0,13,1.5,13.5],"texture":"#0","tintindex":1},"east":{"uv":[0,13,1.5,13.5],"texture":"#0","tintindex":1},"south":{"uv":[0,13,1.5,13.5],"texture":"#0","tintindex":1},"west":{"uv":[0,13,1.5,13.5],"texture":"#0","tintindex":1}}},{"name":"bottle_one_cap","from":[8.4,8.9,11.9],"to":[10.6,10.1,14.1],"rotation":{"angle":0,"axis":"y","origin":[15.5,17,19]},"faces":{"north":{"uv":[14.5,1,15.5,1.5],"texture":"#0"},"east":{"uv":[14.5,1,15.5,1.5],"texture":"#0"},"south":{"uv":[14.5,1,15.5,1.5],"texture":"#0"},"west":{"uv":[14.5,1,15.5,1.5],"texture":"#0"},"up":{"uv":[14.5,0,15.5,1],"texture":"#0"}}},{"name":"bottle_one_bottom","from":[8,0,11.5],"to":[11,6,14.5],"rotation":{"angle":0,"axis":"y","origin":[15.5,8,19]},"faces":{"north":{"uv":[13,1.5,14.5,4.5],"texture":"#0","tintindex":1},"east":{"uv":[13,1.5,14.5,4.5],"texture":"#0","tintindex":1},"south":{"uv":[13,1.5,14.5,4.5],"texture":"#0","tintindex":1},"west":{"uv":[13,1.5,14.5,4.5],"texture":"#0","tintindex":1},"up":{"uv":[13,0,14.5,1.5],"texture":"#0","tintindex":1},"down":{"uv":[0,11,1.5,12.5],"texture":"#0","tintindex":1}}},{"name":"bottle_one_neck","from":[8.5,6,12],"to":[10.5,10,14],"rotation":{"angle":0,"axis":"y","origin":[16.5,14,20]},"faces":{"north":{"uv":[15.5,1.5,14.5,3.5],"texture":"#0","tintindex":1},"east":{"uv":[14.5,1.5,15.5,3.5],"texture":"#0","tintindex":1},"south":{"uv":[15.5,1.5,14.5,3.5],"texture":"#0","tintindex":1},"west":{"uv":[14.5,1.5,15.5,3.5],"texture":"#0","tintindex":1},"up":{"uv":[1.5,3,2.5,4],"texture":"#0","tintindex":1}}},{"from":[7.9,3.9,11.4],"to":[11.1,5.1,14.6],"rotation":{"angle":0,"axis":"y","origin":[11,8,16]},"faces":{"north":{"uv":[0,14,1.5,14.5],"texture":"#0"},"east":{"uv":[0,14,1.5,14.5],"texture":"#0"},"south":{"uv":[0,14,1.5,14.5],"texture":"#0"},"west":{"uv":[0,14,1.5,14.5],"texture":"#0"}}}],"display":{"thirdperson_righthand":{"rotation":[45,45,0],"translation":[-0.25,1.75,2],"scale":[0.5,0.5,0.5]},"thirdperson_lefthand":{"rotation":[45,-45,0],"translation":[0.25,1.75,1.5],"scale":[0.5,0.5,0.5]},"firstperson_righthand":{"rotation":[-15,0,0],"translation":[-2,6,0],"scale":[0.8,0.8,0.8]},"firstperson_lefthand":{"rotation":[-15,100,0],"translation":[-2,6,0],"scale":[0.8,0.8,0.8]},"ground":{"translation":[0,3,0],"scale":[0.7,0.7,0.7]},"gui":{"rotation":[15,18,0],"translation":[-0.25,3.75,0],"scale":[1.2,1.2,1.2]},"head":{"translation":[0,16,0],"scale":[1.2,1.2,1.2]},"fixed":{"rotation":[-90,0,0],"translation":[0,0,-15],"scale":[2,2,2]}},"groups":[{"name":"bottle_one","origin":[8,8,8],"children":[0,1,2,3]},{"name":"bottle_one","origin":[8,8,8],"children":[4,5,6,7]},{"name":"bottle_one","origin":[8,8,8],"children":[8,9,10,11]},{"name":"bottle_one","origin":[8,8,8],"children":[12,13,14,15]},{"name":"bottle_one","origin":[8,8,8],"children":[16,17,18,19]}]}