{"credit":"Made with Blockbench","textures":{"0":"custom/decorations/bunch_of_bottles","particle":"custom/decorations/bunch_of_bottles"},"elements":[{"name":"bottle_one_cap","from":[10.4,8.9,10.9],"to":[12.6,10.1,13.1],"rotation":{"angle":0,"axis":"y","origin":[17.5,17,18]},"faces":{"north":{"uv":[1.5,1,2.5,1.5],"texture":"#0"},"east":{"uv":[1.5,1,2.5,1.5],"texture":"#0"},"south":{"uv":[1.5,1,2.5,1.5],"texture":"#0"},"west":{"uv":[1.5,1,2.5,1.5],"texture":"#0"},"up":{"uv":[1.5,0,2.5,1],"texture":"#0"}}},{"name":"bottle_one_bottom","from":[10,0,10.5],"to":[13,6,13.5],"rotation":{"angle":0,"axis":"y","origin":[17.5,8,18]},"faces":{"north":{"uv":[0,1.5,1.5,4.5],"texture":"#0"},"east":{"uv":[0,1.5,1.5,4.5],"texture":"#0"},"south":{"uv":[0,1.5,1.5,4.5],"texture":"#0"},"west":{"uv":[0,1.5,1.5,4.5],"texture":"#0"},"up":{"uv":[0,0,1.5,1.5],"texture":"#0"},"down":{"uv":[0,4.5,1.5,6],"texture":"#0"}}},{"name":"bottle_one_neck","from":[10.5,6,11],"to":[12.5,10,13],"rotation":{"angle":0,"axis":"y","origin":[18.5,14,19]},"faces":{"north":{"uv":[2.5,1.5,1.5,3.5],"texture":"#0"},"east":{"uv":[1.5,1.5,2.5,3.5],"texture":"#0"},"south":{"uv":[2.5,1.5,1.5,3.5],"texture":"#0"},"west":{"uv":[1.5,1.5,2.5,3.5],"texture":"#0"},"up":{"uv":[1.5,3,2.5,4],"texture":"#0"}}},{"name":"bottle_one_cap","from":[10.4,7.9,1.9],"to":[12.6,9.1,4.1],"rotation":{"angle":0,"axis":"y","origin":[17.5,16,9]},"faces":{"north":{"uv":[1.5,7.5,2.5,8],"texture":"#0"},"east":{"uv":[1.5,7.5,2.5,8],"texture":"#0"},"south":{"uv":[1.5,7.5,2.5,8],"texture":"#0"},"west":{"uv":[1.5,7.5,2.5,8],"texture":"#0"},"up":{"uv":[1.5,6.5,2.5,7.5],"texture":"#0"}}},{"name":"bottle_one_bottom","from":[10,-1,1.5],"to":[13,5,4.5],"rotation":{"angle":0,"axis":"y","origin":[17.5,7,9]},"faces":{"north":{"uv":[0,8,1.5,11],"texture":"#0"},"east":{"uv":[0,8,1.5,11],"texture":"#0"},"south":{"uv":[0,8,1.5,11],"texture":"#0"},"west":{"uv":[0,8,1.5,11],"texture":"#0"},"up":{"uv":[0,6.5,1.5,8],"texture":"#0"},"down":{"uv":[0,11,1.5,12.5],"texture":"#0"}}},{"name":"bottle_one_neck","from":[10.5,5,2],"to":[12.5,9,4],"rotation":{"angle":0,"axis":"y","origin":[18.5,13,10]},"faces":{"north":{"uv":[2.5,8,1.5,10],"texture":"#0"},"east":{"uv":[1.5,8,2.5,10],"texture":"#0"},"south":{"uv":[2.5,8,1.5,10],"texture":"#0"},"west":{"uv":[1.5,8,2.5,10],"texture":"#0"},"up":{"uv":[1.5,3,2.5,4],"texture":"#0"}}},{"from":[9.9,2.9,1.4],"to":[13.1,4.1,4.6],"rotation":{"angle":0,"axis":"y","origin":[13,7,6]},"faces":{"north":{"uv":[0,13,1.5,13.5],"texture":"#0","tintindex":1},"east":{"uv":[0,13,1.5,13.5],"texture":"#0","tintindex":1},"south":{"uv":[0,13,1.5,13.5],"texture":"#0","tintindex":1},"west":{"uv":[0,13,1.5,13.5],"texture":"#0","tintindex":1}}},{"name":"bottle_one_cap","from":[3.4,8.9,3.9],"to":[5.6,10.1,6.1],"rotation":{"angle":0,"axis":"y","origin":[10.5,17,11]},"faces":{"north":{"uv":[1.5,1,2.5,1.5],"texture":"#0"},"east":{"uv":[1.5,1,2.5,1.5],"texture":"#0"},"south":{"uv":[1.5,1,2.5,1.5],"texture":"#0"},"west":{"uv":[1.5,1,2.5,1.5],"texture":"#0"},"up":{"uv":[1.5,0,2.5,1],"texture":"#0"}}},{"name":"bottle_one_bottom","from":[3,0,3.5],"to":[6,6,6.5],"rotation":{"angle":0,"axis":"y","origin":[10.5,8,11]},"faces":{"north":{"uv":[10,1.5,11.5,4.5],"texture":"#0"},"east":{"uv":[10,1.5,11.5,4.5],"texture":"#0"},"south":{"uv":[10,1.5,11.5,4.5],"texture":"#0"},"west":{"uv":[10,1.5,11.5,4.5],"texture":"#0"},"up":{"uv":[10,0,11.5,1.5],"texture":"#0"},"down":{"uv":[10,4.5,11.5,6],"texture":"#0"}}},{"name":"bottle_one_neck","from":[3.5,6,4],"to":[5.5,10,6],"rotation":{"angle":0,"axis":"y","origin":[11.5,14,12]},"faces":{"north":{"uv":[12.5,1.5,11.5,3.5],"texture":"#0"},"east":{"uv":[11.5,1.5,12.5,3.5],"texture":"#0"},"south":{"uv":[12.5,1.5,11.5,3.5],"texture":"#0"},"west":{"uv":[11.5,1.5,12.5,3.5],"texture":"#0"},"up":{"uv":[1.5,3,2.5,4],"texture":"#0"}}},{"name":"bottle_one_cap","from":[2.4,7.9,10.9],"to":[4.6,9.1,13.1],"rotation":{"angle":0,"axis":"y","origin":[9.5,16,18]},"faces":{"north":{"uv":[14.5,1,15.5,1.5],"texture":"#0"},"east":{"uv":[14.5,1,15.5,1.5],"texture":"#0"},"south":{"uv":[14.5,1,15.5,1.5],"texture":"#0"},"west":{"uv":[14.5,1,15.5,1.5],"texture":"#0"},"up":{"uv":[14.5,0,15.5,1],"texture":"#0"}}},{"name":"bottle_one_bottom","from":[2,-1,10.5],"to":[5,5,13.5],"rotation":{"angle":0,"axis":"y","origin":[9.5,7,18]},"faces":{"north":{"uv":[13,1.5,14.5,4.5],"texture":"#0","tintindex":1},"east":{"uv":[13,1.5,14.5,4.5],"texture":"#0","tintindex":1},"south":{"uv":[13,1.5,14.5,4.5],"texture":"#0","tintindex":1},"west":{"uv":[13,1.5,14.5,4.5],"texture":"#0","tintindex":1},"up":{"uv":[13,0,14.5,1.5],"texture":"#0","tintindex":1},"down":{"uv":[0,11,1.5,12.5],"texture":"#0","tintindex":1}}},{"name":"bottle_one_neck","from":[2.5,5,11],"to":[4.5,9,13],"rotation":{"angle":0,"axis":"y","origin":[10.5,13,19]},"faces":{"north":{"uv":[15.5,1.5,14.5,3.5],"texture":"#0","tintindex":1},"east":{"uv":[14.5,1.5,15.5,3.5],"texture":"#0","tintindex":1},"south":{"uv":[15.5,1.5,14.5,3.5],"texture":"#0","tintindex":1},"west":{"uv":[14.5,1.5,15.5,3.5],"texture":"#0","tintindex":1},"up":{"uv":[1.5,3,2.5,4],"texture":"#0","tintindex":1}}},{"from":[1.9,2.9,10.4],"to":[5.1,4.1,13.6],"rotation":{"angle":0,"axis":"y","origin":[5,7,15]},"faces":{"north":{"uv":[0,14,1.5,14.5],"texture":"#0"},"east":{"uv":[0,14,1.5,14.5],"texture":"#0"},"south":{"uv":[0,14,1.5,14.5],"texture":"#0"},"west":{"uv":[0,14,1.5,14.5],"texture":"#0"}}}],"display":{"thirdperson_righthand":{"rotation":[45,45,0],"translation":[-0.25,1.75,2],"scale":[0.5,0.5,0.5]},"thirdperson_lefthand":{"rotation":[45,-45,0],"translation":[0.25,1.75,1.5],"scale":[0.5,0.5,0.5]},"firstperson_righthand":{"rotation":[-15,0,0],"translation":[-2,6,0],"scale":[0.8,0.8,0.8]},"firstperson_lefthand":{"rotation":[-15,100,0],"translation":[-2,6,0],"scale":[0.8,0.8,0.8]},"ground":{"translation":[0,3,0],"scale":[0.7,0.7,0.7]},"gui":{"rotation":[15,18,0],"translation":[-0.25,3.75,0],"scale":[1.2,1.2,1.2]},"head":{"translation":[0,16,0],"scale":[1.2,1.2,1.2]},"fixed":{"rotation":[-90,0,0],"translation":[0,0,-15],"scale":[2,2,2]}},"groups":[{"name":"bottle_one","origin":[8,8,8],"children":[0,1,2]},{"name":"bottle_one","origin":[8,8,8],"children":[3,4,5,6]},{"name":"bottle_one","origin":[8,8,8],"children":[7,8,9]},{"name":"bottle_one","origin":[8,8,8],"children":[10,11,12,13]}]}