{"credit":"Made with Blockbench","textures":{"0":"custom/decorations/bunch_of_bottles","particle":"custom/decorations/bunch_of_bottles"},"elements":[{"name":"bottle_one_cap","from":[9.4,8.9,8.9],"to":[11.6,10.1,11.1],"rotation":{"angle":0,"axis":"y","origin":[16.5,17,16]},"faces":{"north":{"uv":[1.5,1,2.5,1.5],"texture":"#0"},"east":{"uv":[1.5,1,2.5,1.5],"texture":"#0"},"south":{"uv":[1.5,1,2.5,1.5],"texture":"#0"},"west":{"uv":[1.5,1,2.5,1.5],"texture":"#0"},"up":{"uv":[1.5,0,2.5,1],"texture":"#0"}}},{"name":"bottle_one_bottom","from":[9,0,8.5],"to":[12,6,11.5],"rotation":{"angle":0,"axis":"y","origin":[16.5,8,16]},"faces":{"north":{"uv":[0,1.5,1.5,4.5],"texture":"#0"},"east":{"uv":[0,1.5,1.5,4.5],"texture":"#0"},"south":{"uv":[0,1.5,1.5,4.5],"texture":"#0"},"west":{"uv":[0,1.5,1.5,4.5],"texture":"#0"},"up":{"uv":[0,0,1.5,1.5],"texture":"#0"},"down":{"uv":[0,4.5,1.5,6],"texture":"#0"}}},{"name":"bottle_one_neck","from":[9.5,6,9],"to":[11.5,10,11],"rotation":{"angle":0,"axis":"y","origin":[17.5,14,17]},"faces":{"north":{"uv":[2.5,1.5,1.5,3.5],"texture":"#0"},"east":{"uv":[1.5,1.5,2.5,3.5],"texture":"#0"},"south":{"uv":[2.5,1.5,1.5,3.5],"texture":"#0"},"west":{"uv":[1.5,1.5,2.5,3.5],"texture":"#0"},"up":{"uv":[1.5,3,2.5,4],"texture":"#0"}}},{"name":"bottle_two_cap","from":[6.9,5.9,0.9],"to":[10.1,7.1,4.1],"rotation":{"angle":22.5,"axis":"y","origin":[15,15,10]},"faces":{"north":{"uv":[5,1.5,6.5,2],"texture":"#0"},"east":{"uv":[5,1.5,6.5,2],"texture":"#0"},"south":{"uv":[5,1.5,6.5,2],"texture":"#0"},"west":{"uv":[5,1.5,6.5,2],"texture":"#0"},"up":{"uv":[5,0,6.5,1.5],"texture":"#0"}}},{"name":"bottle_two_bottom","from":[6.5,0,0.5],"to":[10.5,5,4.5],"rotation":{"angle":22.5,"axis":"y","origin":[15,15,10]},"faces":{"north":{"uv":[3,2,5,4.5],"texture":"#0"},"east":{"uv":[3,2,5,4.5],"texture":"#0"},"south":{"uv":[3,2,5,4.5],"texture":"#0"},"west":{"uv":[3,2,5,4.5],"texture":"#0"},"up":{"uv":[3,0,5,2],"texture":"#0"},"down":{"uv":[3,4.5,5,6.5],"texture":"#0"}}},{"name":"bottle_two_neck","from":[7,5,1],"to":[10,7,4],"rotation":{"angle":22.5,"axis":"y","origin":[15,15,10]},"faces":{"north":{"uv":[5,3,6.5,4],"texture":"#0"},"east":{"uv":[5,3,6.5,4],"texture":"#0"},"south":{"uv":[5,3,6.5,4],"texture":"#0"},"west":{"uv":[5,3,6.5,4],"texture":"#0"}}}],"display":{"thirdperson_righthand":{"rotation":[45,45,0],"translation":[-0.25,1.75,2],"scale":[0.5,0.5,0.5]},"thirdperson_lefthand":{"rotation":[45,-45,0],"translation":[0.25,1.75,1.5],"scale":[0.5,0.5,0.5]},"firstperson_righthand":{"rotation":[-15,0,0],"translation":[-2,6,0],"scale":[0.8,0.8,0.8]},"firstperson_lefthand":{"rotation":[-15,100,0],"translation":[-2,6,0],"scale":[0.8,0.8,0.8]},"ground":{"translation":[0,3,0],"scale":[0.7,0.7,0.7]},"gui":{"rotation":[15,18,0],"translation":[-0.25,3.75,0],"scale":[1.2,1.2,1.2]},"head":{"translation":[0,16,0],"scale":[1.2,1.2,1.2]},"fixed":{"rotation":[-90,0,0],"translation":[0,0,-15],"scale":[2,2,2]}},"groups":[{"name":"bottle_one","origin":[8,8,8],"children":[0,1,2]},{"name":"bottle_two","origin":[13,14,14],"children":[3,4,5]}]}