{"credit":"Made with Blockbench","textures":{"0":"custom/decorations/candle_1","1":"custom/decorations/book_stack_1","1_1_0":"custom/decorations/candle_1","particle":"custom/decorations/candle_1"},"elements":[{"from":[7,2,7],"to":[9,8,9],"shade":false,"rotation":{"angle":0,"axis":"y","origin":[8,6,8]},"faces":{"north":{"uv":[2,10,4,16],"texture":"#0"},"east":{"uv":[0,10,2,16],"texture":"#0"},"south":{"uv":[6,10,8,16],"texture":"#0"},"west":{"uv":[4,10,6,16],"texture":"#0"},"up":{"uv":[2,8,4,10],"texture":"#0"},"down":{"uv":[4,8,6,10],"texture":"#0"}}},{"from":[8,8.5,6.5],"to":[8,12.5,9.5],"shade":false,"rotation":{"angle":45,"axis":"y","origin":[8,6,8]},"faces":{"north":{"uv":[0,0,0,4],"texture":"#0"},"east":{"uv":[9,0,12,4],"texture":"#0"},"south":{"uv":[0,0,0,4],"texture":"#0"},"west":{"uv":[9,0,12,4],"texture":"#0"},"up":{"uv":[0,0,0,3],"texture":"#0"},"down":{"uv":[0,0,0,3],"texture":"#0"}}},{"from":[6.5,8.5,8],"to":[9.5,12.5,8],"shade":false,"rotation":{"angle":45,"axis":"y","origin":[8,6,8]},"faces":{"north":{"uv":[9,0,12,4],"texture":"#0"},"east":{"uv":[0,0,0,4],"texture":"#0"},"south":{"uv":[9,0,12,4],"texture":"#0"},"west":{"uv":[0,0,0,4],"texture":"#0"},"up":{"uv":[0,0,0,3],"rotation":270,"texture":"#0"},"down":{"uv":[0,0,0,3],"rotation":90,"texture":"#0"}}},{"from":[5,2.1,3],"to":[11,2.1,13],"shade":false,"rotation":{"angle":0,"axis":"y","origin":[8,6,8]},"faces":{"up":{"uv":[13.5,5.5,15,8],"texture":"#1"},"down":{"uv":[13.5,2.75,15,5.25],"texture":"#1"}}},{"from":[5,0.1,3],"to":[11,0.1,13],"shade":false,"rotation":{"angle":0,"axis":"y","origin":[8,6,8]},"faces":{"up":{"uv":[13.5,2.75,15,5.25],"texture":"#1"},"down":{"uv":[13.5,2.75,15,5.25],"texture":"#1"}}},{"from":[11,0.1,3],"to":[11,2.1,13],"shade":false,"rotation":{"angle":0,"axis":"y","origin":[8,6,8]},"faces":{"east":{"uv":[15,5.5,15.5,8],"rotation":90,"texture":"#1"},"west":{"uv":[15,5.5,15.5,8],"rotation":90,"texture":"#1"}}},{"from":[6,0.1,4],"to":[11,1.1,12],"shade":false,"rotation":{"angle":0,"axis":"y","origin":[8,6,8]},"faces":{"north":{"uv":[3.25,5.5,5.75,5.75],"texture":"#1"},"east":{"uv":[15.25,5.75,15.5,7.75],"rotation":90,"texture":"#1"},"south":{"uv":[3.25,5.5,5.75,5.75],"texture":"#1"},"west":{"uv":[3.25,5.5,5.75,5.75],"texture":"#1"},"up":{"uv":[0.25,5.75,1.5,7.75],"texture":"#1"},"down":{"uv":[13.75,3,15,5],"texture":"#1"}}},{"from":[6,1.1,4],"to":[11,2.1,12],"shade":false,"rotation":{"angle":0,"axis":"y","origin":[8,6,8]},"faces":{"north":{"uv":[0.25,5.5,2.75,5.75],"texture":"#1"},"east":{"uv":[15,5.75,15.25,7.75],"rotation":90,"texture":"#1"},"south":{"uv":[0.25,5.5,2.75,5.75],"texture":"#1"},"west":{"uv":[0.25,5.5,2.75,5.75],"texture":"#1"},"up":{"uv":[13.75,5.75,15,7.75],"texture":"#1"},"down":{"uv":[0.25,5.75,1.5,7.75],"texture":"#1"}}},{"from":[6.8,8.7,6.8],"to":[9.2,8.7,9.2],"shade":false,"rotation":{"angle":0,"axis":"y","origin":[9,10,5]},"faces":{"up":{"uv":[10,8,12,10],"texture":"#1_1_0"},"down":{"uv":[10,8,12.4,10.4],"texture":"#1_1_0"}}},{"from":[6.8,6.3,6.8],"to":[6.8,8.7,9.2],"shade":false,"rotation":{"angle":0,"axis":"y","origin":[9,10,5]},"faces":{"east":{"uv":[14,10,16,12],"texture":"#1_1_0"},"west":{"uv":[16,10,14,12],"texture":"#1_1_0"}}},{"from":[6.8,5.1,6.8],"to":[9.2,8.7,6.8],"shade":false,"rotation":{"angle":0,"axis":"y","origin":[9,10,5]},"faces":{"north":{"uv":[12,10,10,13],"texture":"#1_1_0"},"south":{"uv":[12,10,10,13],"texture":"#1_1_0"}}},{"from":[9.2,6.3,6.8],"to":[9.2,8.7,9.2],"shade":false,"rotation":{"angle":0,"axis":"y","origin":[9,10,5]},"faces":{"east":{"uv":[14,10,16,12],"texture":"#1_1_0"},"west":{"uv":[14,10,16,12],"texture":"#1_1_0"}}},{"from":[6.8,6.3,9.2],"to":[9.2,8.7,9.2],"shade":false,"rotation":{"angle":0,"axis":"y","origin":[9,10,5]},"faces":{"north":{"uv":[14,10,16,12],"texture":"#1_1_0"},"south":{"uv":[14,10,16,12],"texture":"#1_1_0"}}},{"from":[6.8,3.9,9.2],"to":[8,6.3,9.2],"shade":false,"rotation":{"angle":0,"axis":"y","origin":[8,5,8]},"faces":{"north":{"uv":[14,12,15,14],"texture":"#1_1_0"},"south":{"uv":[14,12,15,14],"texture":"#1_1_0"}}},{"from":[6.8,5.1,8],"to":[6.8,6.3,9.2],"shade":false,"rotation":{"angle":0,"axis":"y","origin":[8,5,8]},"faces":{"east":{"uv":[14,13,15,14],"texture":"#1_1_0"},"west":{"uv":[14,13,15,14],"texture":"#1_1_0"}}},{"from":[8,3.9,6.8],"to":[9.2,5.1,6.8],"shade":false,"rotation":{"angle":0,"axis":"y","origin":[8,5,8]},"faces":{"north":{"uv":[14,13,15,14],"texture":"#1_1_0"},"south":{"uv":[14,13,15,14],"texture":"#1_1_0"}}},{"from":[9.2,5.1,8],"to":[9.2,6.3,9.2],"shade":false,"rotation":{"angle":0,"axis":"y","origin":[8,5,8]},"faces":{"east":{"uv":[14,13,15,14],"texture":"#1_1_0"},"west":{"uv":[14,13,15,14],"texture":"#1_1_0"}}}],"display":{"thirdperson_righthand":{"rotation":[45,90,0],"translation":[0.5,3.25,5.25],"scale":[0.7,0.7,0.7]},"thirdperson_lefthand":{"rotation":[45,90,0],"translation":[0.5,3.25,5.25],"scale":[0.7,0.7,0.7]},"firstperson_righthand":{"rotation":[-6,36,0],"translation":[5.25,7.25,0.5]},"firstperson_lefthand":{"rotation":[-6,36,0],"translation":[5.25,7.25,0.5]},"ground":{"translation":[0,1.5,0],"scale":[0.5,0.5,0.5]},"gui":{"rotation":[22,-130,0],"translation":[-1.75,3.75,0]},"head":{"translation":[0.25,17.75,0.75],"scale":[1.4,1.4,1.4]},"fixed":{"rotation":[-90,0,0],"translation":[0,0,-15],"scale":[2.01,2.01,2.01]}},"groups":[{"name":"group","origin":[8,8,8],"children":[0,1,2,3,4,5,6,7,{"name":"group","origin":[8,8,8],"children":[8,9,10,11,12,13,14,15,16]}]}]}