{"credit":"Made with Blockbench","textures":{"0":"custom/decorations/candle_1","1":"custom/decorations/candle_3","particle":"custom/decorations/candle_1"},"elements":[{"from":[6,0,10],"to":[8,6,12],"rotation":{"angle":0,"axis":"y","origin":[7,4,11]},"faces":{"north":{"uv":[2,10,4,16],"texture":"#0"},"east":{"uv":[0,10,2,16],"texture":"#0"},"south":{"uv":[6,10,8,16],"texture":"#0"},"west":{"uv":[4,10,6,16],"texture":"#0"},"up":{"uv":[2,8,4,10],"texture":"#0"},"down":{"uv":[4,8,6,10],"texture":"#0"}}},{"from":[7,6.5,9.5],"to":[7,10.5,12.5],"shade":false,"rotation":{"angle":45,"axis":"y","origin":[7,4,11]},"faces":{"east":{"uv":[9,0,12,4],"texture":"#0"},"west":{"uv":[9,0,12,4],"texture":"#0"}}},{"from":[5.5,6.5,11],"to":[8.5,10.5,11],"shade":false,"rotation":{"angle":45,"axis":"y","origin":[7,4,11]},"faces":{"north":{"uv":[9,0,12,4],"texture":"#0"},"south":{"uv":[9,0,12,4],"texture":"#0"}}},{"from":[3,0,3],"to":[5,3,5],"shade":false,"rotation":{"angle":0,"axis":"y","origin":[4,4,4]},"faces":{"north":{"uv":[2,10,4,13],"texture":"#0"},"east":{"uv":[0,10,2,13],"texture":"#0"},"south":{"uv":[6,10,8,13],"texture":"#0"},"west":{"uv":[4,10,6,13],"texture":"#0"},"up":{"uv":[2,8,4,10],"texture":"#0"},"down":{"uv":[4,8,6,10],"texture":"#0"}}},{"from":[4,4.5,2.5],"to":[4,8.5,5.5],"shade":false,"rotation":{"angle":45,"axis":"y","origin":[4,2,4]},"faces":{"east":{"uv":[9,0,12,4],"texture":"#0"},"west":{"uv":[9,0,12,4],"texture":"#0"}}},{"from":[2.5,4.5,4],"to":[5.5,8.5,4],"shade":false,"rotation":{"angle":45,"axis":"y","origin":[4,2,4]},"faces":{"north":{"uv":[9,0,12,4],"texture":"#0"},"south":{"uv":[9,0,12,4],"texture":"#0"}}},{"from":[11,-1,6],"to":[13,2,8],"shade":false,"rotation":{"angle":0,"axis":"y","origin":[12,0,7]},"faces":{"north":{"uv":[2,10,4,13],"texture":"#0"},"east":{"uv":[2,10,4,13],"texture":"#0"},"south":{"uv":[2,10,4,13],"texture":"#0"},"west":{"uv":[2,10,4,13],"texture":"#0"},"up":{"uv":[2,8,4,10],"texture":"#0"},"down":{"uv":[4,8,6,10],"texture":"#0"}}},{"from":[12,2.5,5.5],"to":[12,6.5,8.5],"shade":false,"rotation":{"angle":45,"axis":"y","origin":[12,0,7]},"faces":{"east":{"uv":[9,0,12,4],"texture":"#0"},"west":{"uv":[9,0,12,4],"texture":"#0"}}},{"from":[10.5,2.5,7],"to":[13.5,6.5,7],"shade":false,"rotation":{"angle":45,"axis":"y","origin":[12,0,7]},"faces":{"north":{"uv":[9,0,12,4],"texture":"#0"},"south":{"uv":[9,0,12,4],"texture":"#0"}}},{"from":[0,0.25,0],"to":[16,0.25,16],"shade":false,"faces":{"up":{"uv":[0,0,16,16],"rotation":180,"texture":"#1"},"down":{"uv":[16,0,0,16],"texture":"#1"}}},{"from":[5.8,6.7,9.8],"to":[8.2,6.7,12.2],"shade":false,"faces":{"up":{"uv":[10,8,12,10],"texture":"#0"},"down":{"uv":[10,8,12.4,10.4],"texture":"#0"}}},{"from":[5.8,4.3,9.8],"to":[5.8,6.7,12.2],"shade":false,"faces":{"east":{"uv":[14,10,16,12],"texture":"#0"},"west":{"uv":[16,10,14,12],"texture":"#0"}}},{"from":[5.8,3.1,9.8],"to":[8.2,6.7,9.8],"shade":false,"faces":{"north":{"uv":[12,10,10,13],"texture":"#0"},"south":{"uv":[12,10,10,13],"texture":"#0"}}},{"from":[8.2,4.3,9.8],"to":[8.2,6.7,12.2],"shade":false,"faces":{"east":{"uv":[14,10,16,12],"texture":"#0"},"west":{"uv":[14,10,16,12],"texture":"#0"}}},{"from":[5.8,4.3,12.2],"to":[8.2,6.7,12.2],"shade":false,"faces":{"north":{"uv":[14,10,16,12],"texture":"#0"},"south":{"uv":[14,10,16,12],"texture":"#0"}}},{"from":[5.8,1.9,12.2],"to":[7,4.3,12.2],"shade":false,"rotation":{"angle":0,"axis":"y","origin":[7,3,11]},"faces":{"north":{"uv":[14,12,15,14],"texture":"#0"},"south":{"uv":[14,12,15,14],"texture":"#0"}}},{"from":[5.8,3.1,11],"to":[5.8,4.3,12.2],"shade":false,"rotation":{"angle":0,"axis":"y","origin":[7,3,11]},"faces":{"east":{"uv":[14,13,15,14],"texture":"#0"},"west":{"uv":[14,13,15,14],"texture":"#0"}}},{"from":[7,1.9,9.8],"to":[8.2,3.1,9.8],"shade":false,"rotation":{"angle":0,"axis":"y","origin":[7,3,11]},"faces":{"north":{"uv":[14,13,15,14],"texture":"#0"},"south":{"uv":[14,13,15,14],"texture":"#0"}}},{"from":[8.2,3.1,11],"to":[8.2,4.3,12.2],"shade":false,"rotation":{"angle":0,"axis":"y","origin":[7,3,11]},"faces":{"east":{"uv":[14,13,15,14],"texture":"#0"},"west":{"uv":[14,13,15,14],"texture":"#0"}}},{"from":[10.8,2.7,5.8],"to":[13.2,2.7,8.2],"shade":false,"rotation":{"angle":0,"axis":"y","origin":[13,4,4]},"faces":{"up":{"uv":[10,8,12,10],"texture":"#0"},"down":{"uv":[10,8,12.4,10.4],"texture":"#0"}}},{"from":[10.8,0.3,5.8],"to":[10.8,2.7,8.2],"shade":false,"rotation":{"angle":0,"axis":"y","origin":[13,4,4]},"faces":{"east":{"uv":[14,10,16,12],"texture":"#0"},"west":{"uv":[16,10,14,12],"texture":"#0"}}},{"from":[10.8,-0.9,5.8],"to":[13.2,2.7,5.8],"shade":false,"rotation":{"angle":0,"axis":"y","origin":[13,4,4]},"faces":{"north":{"uv":[12,10,10,13],"texture":"#0"},"south":{"uv":[12,10,10,13],"texture":"#0"}}},{"from":[13.2,0.3,5.8],"to":[13.2,2.7,8.2],"shade":false,"rotation":{"angle":0,"axis":"y","origin":[13,4,4]},"faces":{"east":{"uv":[14,10,16,12],"texture":"#0"},"west":{"uv":[14,10,16,12],"texture":"#0"}}},{"from":[10.8,0.3,8.2],"to":[13.2,2.7,8.2],"shade":false,"rotation":{"angle":0,"axis":"y","origin":[13,4,4]},"faces":{"north":{"uv":[14,10,16,12],"texture":"#0"},"south":{"uv":[14,10,16,12],"texture":"#0"}}},{"from":[10.8,-2.1,8.2],"to":[12,0.3,8.2],"shade":false,"rotation":{"angle":0,"axis":"y","origin":[12,-1,7]},"faces":{"north":{"uv":[14,12,15,14],"texture":"#0"},"south":{"uv":[14,12,15,14],"texture":"#0"}}},{"from":[10.8,-0.9,7],"to":[10.8,0.3,8.2],"shade":false,"rotation":{"angle":0,"axis":"y","origin":[12,-1,7]},"faces":{"east":{"uv":[14,13,15,14],"texture":"#0"},"west":{"uv":[14,13,15,14],"texture":"#0"}}},{"from":[12,-2.1,5.8],"to":[13.2,-0.9,5.8],"shade":false,"rotation":{"angle":0,"axis":"y","origin":[12,-1,7]},"faces":{"north":{"uv":[14,13,15,14],"texture":"#0"},"south":{"uv":[14,13,15,14],"texture":"#0"}}},{"from":[13.2,-0.9,7],"to":[13.2,0.3,8.2],"shade":false,"rotation":{"angle":0,"axis":"y","origin":[12,-1,7]},"faces":{"east":{"uv":[14,13,15,14],"texture":"#0"},"west":{"uv":[14,13,15,14],"texture":"#0"}}},{"from":[2.8,4.7,2.8],"to":[5.2,4.7,5.2],"shade":false,"rotation":{"angle":0,"axis":"y","origin":[5,6,1]},"faces":{"up":{"uv":[10,8,12,10],"texture":"#0"},"down":{"uv":[10,8,12.4,10.4],"texture":"#0"}}},{"from":[2.8,2.3,2.8],"to":[2.8,4.7,5.2],"shade":false,"rotation":{"angle":0,"axis":"y","origin":[5,6,1]},"faces":{"east":{"uv":[14,10,16,12],"texture":"#0"},"west":{"uv":[16,10,14,12],"texture":"#0"}}},{"from":[2.8,1.1,2.8],"to":[5.2,4.7,2.8],"shade":false,"rotation":{"angle":0,"axis":"y","origin":[5,6,1]},"faces":{"north":{"uv":[12,10,10,13],"texture":"#0"},"south":{"uv":[12,10,10,13],"texture":"#0"}}},{"from":[5.2,2.3,2.8],"to":[5.2,4.7,5.2],"shade":false,"rotation":{"angle":0,"axis":"y","origin":[5,6,1]},"faces":{"east":{"uv":[14,10,16,12],"texture":"#0"},"west":{"uv":[14,10,16,12],"texture":"#0"}}},{"from":[2.8,2.3,5.2],"to":[5.2,4.7,5.2],"shade":false,"rotation":{"angle":0,"axis":"y","origin":[5,6,1]},"faces":{"north":{"uv":[14,10,16,12],"texture":"#0"},"south":{"uv":[14,10,16,12],"texture":"#0"}}},{"from":[2.8,-0.1,5.2],"to":[4,2.3,5.2],"shade":false,"rotation":{"angle":0,"axis":"y","origin":[4,1,4]},"faces":{"north":{"uv":[14,12,15,14],"texture":"#0"},"south":{"uv":[14,12,15,14],"texture":"#0"}}},{"from":[2.8,1.1,4],"to":[2.8,2.3,5.2],"shade":false,"rotation":{"angle":0,"axis":"y","origin":[4,1,4]},"faces":{"east":{"uv":[14,13,15,14],"texture":"#0"},"west":{"uv":[14,13,15,14],"texture":"#0"}}},{"from":[4,-0.1,2.8],"to":[5.2,1.1,2.8],"shade":false,"rotation":{"angle":0,"axis":"y","origin":[4,1,4]},"faces":{"north":{"uv":[14,13,15,14],"texture":"#0"},"south":{"uv":[14,13,15,14],"texture":"#0"}}},{"from":[5.2,1.1,4],"to":[5.2,2.3,5.2],"shade":false,"rotation":{"angle":0,"axis":"y","origin":[4,1,4]},"faces":{"east":{"uv":[14,13,15,14],"texture":"#0"},"west":{"uv":[14,13,15,14],"texture":"#0"}}}],"display":{"thirdperson_righthand":{"rotation":[45,90,0],"translation":[0.5,3.25,5.25],"scale":[0.7,0.7,0.7]},"thirdperson_lefthand":{"rotation":[45,90,0],"translation":[0.5,3.25,5.25],"scale":[0.7,0.7,0.7]},"firstperson_righthand":{"rotation":[-6,36,0],"translation":[5.25,7.25,0.5]},"firstperson_lefthand":{"rotation":[-6,36,0],"translation":[5.25,7.25,0.5]},"ground":{"translation":[0,1.5,0],"scale":[0.5,0.5,0.5]},"gui":{"rotation":[22,-130,0],"translation":[-1.75,3.75,0]},"head":{"translation":[0.25,17.75,0.75],"scale":[1.4,1.4,1.4]},"fixed":{"rotation":[-90,0,0],"translation":[0,0,-15],"scale":[2.01,2.01,2.01]}},"groups":[{"name":"group","origin":[8,8,8],"children":[0,1,2]},{"name":"group","origin":[8,8,8],"children":[3,4,5]},{"name":"group","origin":[8,8,8],"children":[6,7,8,9]},{"name":"group","origin":[8,8,8],"children":[10,11,12,13,14,15,16,17,18]},{"name":"group","origin":[8,8,8],"children":[19,20,21,22,23,24,25,26,27]},{"name":"group","origin":[8,8,8],"children":[28,29,30,31,32,33,34,35,36]}]}