{"credit":"Made with Blockbench","textures":{"0":"custom/decorations/ceiling_fan","particle":"custom/decorations/ceiling_fan"},"elements":[{"from":[5,13,5],"to":[11,20,11],"rotation":{"angle":0,"axis":"y","origin":[14,6,7]},"faces":{"north":{"uv":[6,0,9,3.5],"texture":"#0"},"east":{"uv":[6,0,9,3.5],"texture":"#0"},"south":{"uv":[6,0,9,3.5],"texture":"#0"},"west":{"uv":[6,0,9,3.5],"texture":"#0"},"up":{"uv":[6,0,9,3],"texture":"#0"},"down":{"uv":[6,2.5,6.5,3.5],"texture":"#0"}}},{"from":[6,5,6],"to":[10,13,10],"rotation":{"angle":0,"axis":"y","origin":[14,6,7]},"faces":{"north":{"uv":[6.5,3.5,8.5,7.5],"texture":"#0"},"east":{"uv":[6.5,3.5,8.5,7.5],"texture":"#0"},"south":{"uv":[6.5,3.5,8.5,7.5],"texture":"#0"},"west":{"uv":[6.5,3.5,8.5,7.5],"texture":"#0"},"up":{"uv":[2,2,4,4],"texture":"#0"},"down":{"uv":[2,2,4,4],"texture":"#0"}}},{"from":[9,-9,3],"to":[10,0,3],"faces":{"north":{"uv":[6,4,6.5,8.5],"texture":"#0"},"south":{"uv":[6,4,6.5,8.5],"texture":"#0"}}},{"from":[2,0,2],"to":[14,5,14],"faces":{"north":{"uv":[0,6,6,8.5],"texture":"#0"},"east":{"uv":[0,6,6,8.5],"texture":"#0"},"south":{"uv":[0,6,6,8.5],"texture":"#0"},"west":{"uv":[0,6,6,8.5],"texture":"#0"},"up":{"uv":[0,0,6,6],"texture":"#0"},"down":{"uv":[0,0,6,6],"texture":"#0"}}}],"display":{"thirdperson_righthand":{"rotation":[13,45,0],"scale":[0.2,0.2,0.2]},"thirdperson_lefthand":{"rotation":[13,45,0],"scale":[0.2,0.2,0.2]},"firstperson_righthand":{"rotation":[0,21,0],"translation":[0,3.5,3.25],"scale":[0.3,0.3,0.3]},"firstperson_lefthand":{"rotation":[0,21,0],"translation":[0,3.5,3.25],"scale":[0.3,0.3,0.3]},"ground":{"translation":[0,1.5,0],"scale":[0.3,0.3,0.3]},"gui":{"rotation":[30,135,0],"translation":[0,0.75,0],"scale":[0.5,0.5,0.5]},"head":{"translation":[0,1,0]},"fixed":{"rotation":[90,0,0],"translation":[0,0,-22.5],"scale":[2,2,2]}},"groups":[{"name":"group","origin":[8,8,8],"children":[0,1,2,3]}]}