{"credit":"Made with Blockbench","textures":{"0":"custom/decorations/ceiling_fan","particle":"custom/decorations/ceiling_fan"},"elements":[{"from":[6,0,13],"to":[10,0.5,24],"faces":{"north":{"uv":[9,3,13,3.25],"texture":"#0"},"east":{"uv":[9,3,9.5,14],"rotation":90,"texture":"#0"},"south":{"uv":[9,13.5,13,13.75],"texture":"#0"},"west":{"uv":[9,3,9.5,14],"rotation":270,"texture":"#0"},"up":{"uv":[9,3,13,14],"texture":"#0"},"down":{"uv":[9,3,13,14],"rotation":180,"texture":"#0"}}},{"from":[7.5,0.25,10],"to":[8.5,0.25,13],"faces":{"up":{"uv":[10.5,0,11.5,3],"texture":"#0"},"down":{"uv":[10.5,0,11.5,3],"rotation":180,"texture":"#0"}}},{"from":[-8,0,6],"to":[3,0.5,10],"faces":{"north":{"uv":[9,3,9.5,14],"rotation":270,"texture":"#0"},"east":{"uv":[9,3,13,3.25],"texture":"#0"},"south":{"uv":[9,3,9.5,14],"rotation":90,"texture":"#0"},"west":{"uv":[9,13.5,13,13.75],"texture":"#0"},"up":{"uv":[9,3,13,14],"rotation":90,"texture":"#0"},"down":{"uv":[9,3,13,14],"rotation":90,"texture":"#0"}}},{"from":[3,0.25,7.5],"to":[6,0.25,8.5],"faces":{"up":{"uv":[10.5,0,11.5,3],"rotation":90,"texture":"#0"},"down":{"uv":[10.5,0,11.5,3],"rotation":90,"texture":"#0"}}},{"from":[6,0,-8],"to":[10,0.5,3],"faces":{"north":{"uv":[9,13.5,13,13.75],"texture":"#0"},"east":{"uv":[9,3,9.5,14],"rotation":270,"texture":"#0"},"south":{"uv":[9,3,13,3.25],"texture":"#0"},"west":{"uv":[9,3,9.5,14],"rotation":90,"texture":"#0"},"up":{"uv":[9,3,13,14],"rotation":180,"texture":"#0"},"down":{"uv":[9,3,13,14],"texture":"#0"}}},{"from":[7.5,0.25,3],"to":[8.5,0.25,6],"faces":{"up":{"uv":[10.5,0,11.5,3],"rotation":180,"texture":"#0"},"down":{"uv":[10.5,0,11.5,3],"texture":"#0"}}},{"from":[13,0,6],"to":[24,0.5,10],"faces":{"north":{"uv":[9,3,9.5,14],"rotation":90,"texture":"#0"},"east":{"uv":[9,13.5,13,13.75],"texture":"#0"},"south":{"uv":[9,3,9.5,14],"rotation":270,"texture":"#0"},"west":{"uv":[9,3,13,3.25],"texture":"#0"},"up":{"uv":[9,3,13,14],"rotation":270,"texture":"#0"},"down":{"uv":[9,3,13,14],"rotation":270,"texture":"#0"}}},{"from":[10,0.25,7.5],"to":[13,0.25,8.5],"faces":{"up":{"uv":[10.5,0,11.5,3],"rotation":270,"texture":"#0"},"down":{"uv":[10.5,0,11.5,3],"rotation":270,"texture":"#0"}}}],"display":{"thirdperson_righthand":{"rotation":[13,43,0],"translation":[0,2.75,1.75],"scale":[0.3,0.3,0.3]},"thirdperson_lefthand":{"rotation":[13,43,0],"translation":[0,2.75,1.75],"scale":[0.3,0.3,0.3]},"firstperson_righthand":{"rotation":[34,21,0],"translation":[0,5.25,4.25],"scale":[0.3,0.3,0.3]},"firstperson_lefthand":{"rotation":[34,21,0],"translation":[0,5.25,4.25],"scale":[0.3,0.3,0.3]},"ground":{"translation":[0,2.75,0],"scale":[0.3,0.3,0.3]},"gui":{"rotation":[30,135,0],"translation":[0,3.75,0],"scale":[0.6,0.6,0.6]},"head":{"translation":[0,23.75,0],"scale":[3.3,3.3,3.3]},"fixed":{"rotation":[90,0,0],"translation":[0,0,14.75],"scale":[2,2,2]}},"groups":[{"name":"group","origin":[8,8,8],"children":[{"name":"group","origin":[8,8,8],"children":[0,1]},{"name":"group","origin":[8,8,8],"children":[2,3]},{"name":"group","origin":[8,8,8],"children":[4,5]},{"name":"group","origin":[8,8,8],"children":[6,7]}]}]}