{"credit":"Made with Blockbench","texture_size":[128,128],"textures":{"0":"custom/decorations/cemetery_sign","particle":"custom/decorations/cemetery_sign"},"elements":[{"from":[4,-4,4],"to":[12,-2,12],"faces":{"north":{"uv":[0,2.125,2,2.625],"texture":"#0"},"east":{"uv":[0,2.125,2,2.625],"texture":"#0"},"south":{"uv":[0,2.125,2,2.625],"texture":"#0"},"west":{"uv":[0,2.125,2,2.625],"texture":"#0"},"up":{"uv":[0,0,2,2],"texture":"#0"},"down":{"uv":[0,0,2,2],"texture":"#0"}}},{"from":[5,-2,5],"to":[11,12,11],"faces":{"north":{"uv":[0,2.75,1.5,6.25],"texture":"#0"},"east":{"uv":[0,2.75,1.5,6.25],"texture":"#0"},"south":{"uv":[0,2.75,1.5,6.25],"texture":"#0"},"west":{"uv":[0,2.75,1.5,6.25],"texture":"#0"}}},{"from":[4,12,4],"to":[12,14,12],"faces":{"north":{"uv":[0,2.125,2,2.625],"texture":"#0"},"east":{"uv":[0,2.125,2,2.625],"texture":"#0"},"south":{"uv":[0,2.125,2,2.625],"texture":"#0"},"west":{"uv":[0,2.125,2,2.625],"texture":"#0"},"up":{"uv":[0,0,2,2],"texture":"#0"},"down":{"uv":[0,0,2,2],"texture":"#0"}}},{"from":[5.5,14,5.5],"to":[10.5,20,10.5],"faces":{"north":{"uv":[1.625,2.875,2.875,4.375],"texture":"#0"},"east":{"uv":[1.625,2.875,2.875,4.375],"texture":"#0"},"south":{"uv":[1.625,2.875,2.875,4.375],"texture":"#0"},"west":{"uv":[1.625,2.875,2.875,4.375],"texture":"#0"}}},{"from":[5,20,5],"to":[11,21,11],"faces":{"north":{"uv":[2.125,1.625,3.625,1.875],"texture":"#0"},"east":{"uv":[2.125,1.625,3.625,1.875],"texture":"#0"},"south":{"uv":[2.125,1.625,3.625,1.875],"texture":"#0"},"west":{"uv":[2.125,1.625,3.625,1.875],"texture":"#0"},"up":{"uv":[2.125,0,3.625,1.5],"texture":"#0"},"down":{"uv":[2.125,0,3.625,1.5],"texture":"#0"}}},{"from":[6.5,21,6.5],"to":[9.5,23.5,9.5],"faces":{"north":{"uv":[3,2,3.75,2.625],"texture":"#0"},"east":{"uv":[3,2,3.75,2.625],"texture":"#0"},"south":{"uv":[3,2,3.75,2.625],"texture":"#0"},"west":{"uv":[3,2,3.75,2.625],"texture":"#0"},"up":{"uv":[2.125,2,2.875,2.75],"texture":"#0"}}},{"name":"cube inverted","from":[11,12,11],"to":[5,-2,5],"faces":{"north":{"uv":[0,6.25,1.5,2.75],"texture":"#0"},"east":{"uv":[0,6.25,1.5,2.75],"texture":"#0"},"south":{"uv":[0,6.25,1.5,2.75],"texture":"#0"},"west":{"uv":[0,6.25,1.5,2.75],"texture":"#0"}}}],"display":{"thirdperson_righthand":{"rotation":[46,0,0],"scale":[0.26,0.26,0.26]},"thirdperson_lefthand":{"rotation":[46,0,0],"scale":[0.26,0.26,0.26]},"firstperson_righthand":{"rotation":[0,-32,0],"translation":[1.5,2.25,0],"scale":[0.2,0.2,0.2]},"firstperson_lefthand":{"rotation":[0,-32,0],"translation":[1.5,2.25,0],"scale":[0.2,0.2,0.2]},"gui":{"scale":[0.35,0.35,0.35]},"head":{"translation":[0,-4.75,0],"scale":[3.2,3.2,3.2]},"fixed":{"rotation":[-90,0,0],"translation":[0,0,48],"scale":[4,4,4]}},"groups":[{"name":"group","origin":[0,0,0],"color":0,"children":[0,1,2,3,4,5,6]}]}