{"credit":"Made with Blockbench","texture_size":[128,128],"textures":{"0":"custom/decorations/cemetery_sign","particle":"custom/decorations/cemetery_sign"},"elements":[{"from":[23,-4,4],"to":[31,-2,12],"faces":{"north":{"uv":[0,2.125,2,2.625],"texture":"#0"},"east":{"uv":[0,2.125,2,2.625],"texture":"#0"},"south":{"uv":[0,2.125,2,2.625],"texture":"#0"},"west":{"uv":[0,2.125,2,2.625],"texture":"#0"},"up":{"uv":[0,0,2,2],"texture":"#0"},"down":{"uv":[0,0,2,2],"texture":"#0"}}},{"from":[24,-2,5],"to":[30,12,11],"faces":{"north":{"uv":[0,2.75,1.5,6.25],"texture":"#0"},"east":{"uv":[0,2.75,1.5,6.25],"texture":"#0"},"south":{"uv":[0,2.75,1.5,6.25],"texture":"#0"},"west":{"uv":[0,2.75,1.5,6.25],"texture":"#0"}}},{"from":[23,12,4],"to":[31,14,12],"faces":{"north":{"uv":[0,2.125,2,2.625],"texture":"#0"},"east":{"uv":[0,2.125,2,2.625],"texture":"#0"},"south":{"uv":[0,2.125,2,2.625],"texture":"#0"},"west":{"uv":[0,2.125,2,2.625],"texture":"#0"},"up":{"uv":[0,0,2,2],"texture":"#0"},"down":{"uv":[0,0,2,2],"texture":"#0"}}},{"from":[24.5,14,5.5],"to":[29.5,20,10.5],"faces":{"north":{"uv":[1.625,2.875,2.875,4.375],"texture":"#0"},"east":{"uv":[1.625,2.875,2.875,4.375],"texture":"#0"},"south":{"uv":[1.625,2.875,2.875,4.375],"texture":"#0"},"west":{"uv":[1.625,2.875,2.875,4.375],"texture":"#0"}}},{"from":[24,20,5],"to":[30,21,11],"faces":{"north":{"uv":[2.125,1.625,3.625,1.875],"texture":"#0"},"east":{"uv":[2.125,1.625,3.625,1.875],"texture":"#0"},"south":{"uv":[2.125,1.625,3.625,1.875],"texture":"#0"},"west":{"uv":[2.125,1.625,3.625,1.875],"texture":"#0"},"up":{"uv":[2.125,0,3.625,1.5],"texture":"#0"},"down":{"uv":[2.125,0,3.625,1.5],"texture":"#0"}}},{"from":[25.5,21,6.5],"to":[28.5,23.5,9.5],"faces":{"north":{"uv":[3,2,3.75,2.625],"texture":"#0"},"east":{"uv":[3,2,3.75,2.625],"texture":"#0"},"south":{"uv":[3,2,3.75,2.625],"texture":"#0"},"west":{"uv":[3,2,3.75,2.625],"texture":"#0"},"up":{"uv":[2.125,2,2.875,2.75],"texture":"#0"}}},{"from":[-15,-4,4],"to":[-7,-2,12],"rotation":{"angle":0,"axis":"y","origin":[16,0,0]},"faces":{"north":{"uv":[2,2.125,0,2.625],"texture":"#0"},"east":{"uv":[2,2.125,0,2.625],"texture":"#0"},"south":{"uv":[2,2.125,0,2.625],"texture":"#0"},"west":{"uv":[2,2.125,0,2.625],"texture":"#0"},"up":{"uv":[2,0,0,2],"texture":"#0"},"down":{"uv":[2,0,0,2],"texture":"#0"}}},{"from":[-14,-2,5],"to":[-8,12,11],"rotation":{"angle":0,"axis":"y","origin":[16,0,0]},"faces":{"north":{"uv":[1.5,2.75,0,6.25],"texture":"#0"},"east":{"uv":[1.5,2.75,0,6.25],"texture":"#0"},"south":{"uv":[1.5,2.75,0,6.25],"texture":"#0"},"west":{"uv":[1.5,2.75,0,6.25],"texture":"#0"}}},{"from":[-15,12,4],"to":[-7,14,12],"rotation":{"angle":0,"axis":"y","origin":[16,0,0]},"faces":{"north":{"uv":[2,2.125,0,2.625],"texture":"#0"},"east":{"uv":[2,2.125,0,2.625],"texture":"#0"},"south":{"uv":[2,2.125,0,2.625],"texture":"#0"},"west":{"uv":[2,2.125,0,2.625],"texture":"#0"},"up":{"uv":[2,0,0,2],"texture":"#0"},"down":{"uv":[2,0,0,2],"texture":"#0"}}},{"from":[-13.5,14,5.5],"to":[-8.5,20,10.5],"rotation":{"angle":0,"axis":"y","origin":[16,0,0]},"faces":{"north":{"uv":[2.875,2.875,1.625,4.375],"texture":"#0"},"east":{"uv":[2.875,2.875,1.625,4.375],"texture":"#0"},"south":{"uv":[2.875,2.875,1.625,4.375],"texture":"#0"},"west":{"uv":[2.875,2.875,1.625,4.375],"texture":"#0"}}},{"from":[-14,20,5],"to":[-8,21,11],"rotation":{"angle":0,"axis":"y","origin":[16,0,0]},"faces":{"north":{"uv":[3.625,1.625,2.125,1.875],"texture":"#0"},"east":{"uv":[3.625,1.625,2.125,1.875],"texture":"#0"},"south":{"uv":[3.625,1.625,2.125,1.875],"texture":"#0"},"west":{"uv":[3.625,1.625,2.125,1.875],"texture":"#0"},"up":{"uv":[3.625,0,2.125,1.5],"texture":"#0"},"down":{"uv":[3.625,0,2.125,1.5],"texture":"#0"}}},{"from":[-12.5,21,6.5],"to":[-9.5,23.5,9.5],"rotation":{"angle":0,"axis":"y","origin":[16,0,0]},"faces":{"north":{"uv":[3.75,2,3,2.625],"texture":"#0"},"east":{"uv":[3.75,2,3,2.625],"texture":"#0"},"south":{"uv":[3.75,2,3,2.625],"texture":"#0"},"west":{"uv":[3.75,2,3,2.625],"texture":"#0"},"up":{"uv":[2.875,2,2.125,2.75],"texture":"#0"}}},{"from":[-8,0,6],"to":[24,12,10],"faces":{"north":{"uv":[4,0,12.75,3],"texture":"#0"},"south":{"uv":[4,0,12.75,3],"texture":"#0"},"up":{"uv":[4,3.125,12.75,4.125],"texture":"#0"},"down":{"uv":[4,4.25,12.75,5.25],"texture":"#0"}}}],"display":{"thirdperson_righthand":{"rotation":[46,0,0],"scale":[0.26,0.26,0.26]},"thirdperson_lefthand":{"rotation":[46,0,0],"scale":[0.26,0.26,0.26]},"firstperson_righthand":{"rotation":[0,-32,0],"translation":[1.5,2.25,0],"scale":[0.2,0.2,0.2]},"firstperson_lefthand":{"rotation":[0,-32,0],"translation":[1.5,2.25,0],"scale":[0.2,0.2,0.2]},"gui":{"scale":[0.35,0.35,0.35]},"head":{"translation":[0,-4.75,0],"scale":[3.2,3.2,3.2]}},"groups":[{"name":"group","origin":[0,0,0],"color":0,"children":[0,1,2,3,4,5,6,7,8,9,10,11,12]}]}