{"credit":"Made with Blockbench","texture_size":[32,32],"textures":{"0":"custom/decorations/christmas_chest","particle":"custom/decorations/christmas_chest"},"elements":[{"from":[-4,0,0],"to":[21,8,16],"rotation":{"angle":0,"axis":"y","origin":[4,8,8]},"faces":{"north":{"uv":[0,4,6.25,6],"texture":"#0"},"east":{"uv":[6.25,4,10.25,6],"texture":"#0"},"south":{"uv":[6.25,14,12.5,16],"texture":"#0"},"west":{"uv":[6.25,4,10.25,6],"texture":"#0"},"up":{"uv":[0,0,6.25,4],"rotation":180,"texture":"#0"},"down":{"uv":[0,6,6.25,10],"rotation":180,"texture":"#0"}}},{"from":[-4.5,7.5,-0.5],"to":[21.5,11,16.5],"rotation":{"angle":0,"axis":"x","origin":[8.26923,9.1647,15.84379]},"faces":{"north":{"uv":[6.25,13.25,12.5,14],"texture":"#0"},"east":{"uv":[0,15.25,4,16],"texture":"#0"},"south":{"uv":[6.25,13.25,12.5,14],"texture":"#0"},"west":{"uv":[0,15.25,4,16],"texture":"#0"}}},{"from":[-4.5,11,-0.5],"to":[21.5,16.5,16.5],"rotation":{"angle":0,"axis":"x","origin":[8.26923,9.1647,15.84379]},"faces":{"north":{"uv":[6.25,12,12.5,13.25],"texture":"#0"},"south":{"uv":[6.25,12,12.5,13.25],"texture":"#0"},"up":{"uv":[0,10,6.25,14],"rotation":180,"texture":"#0"}}},{"from":[-4,8,0],"to":[21,16,16],"rotation":{"angle":0,"axis":"x","origin":[8.26923,9.1647,15.84379]},"faces":{"north":{"uv":[6.25,6,12.5,8],"texture":"#0"},"east":{"uv":[10.25,4,14.25,6],"texture":"#0"},"south":{"uv":[6.25,6,12.5,8],"texture":"#0"},"west":{"uv":[10.25,4,14.25,6],"texture":"#0"},"up":{"uv":[6.25,8,12.5,12],"rotation":180,"texture":"#0"},"down":{"uv":[6.25,0,12.5,4],"rotation":180,"texture":"#0"}}},{"name":"cube inverted","from":[21.5,11,16.5],"to":[-4.5,7.5,-0.5],"rotation":{"angle":0,"axis":"x","origin":[8.26923,9.1647,15.84379]},"faces":{"north":{"uv":[6.25,14,12.5,13.25],"texture":"#0"},"east":{"uv":[0,16,4,15.25],"texture":"#0"},"south":{"uv":[6.25,14,12.5,13.25],"texture":"#0"},"west":{"uv":[0,16,4,15.25],"texture":"#0"}}},{"name":"cube inverted","from":[21.5,16.5,16.5],"to":[-4.5,11,-0.5],"rotation":{"angle":0,"axis":"x","origin":[8.26923,9.1647,15.84379]},"faces":{"north":{"uv":[6.25,13.25,12.5,12],"texture":"#0"},"down":{"uv":[6.25,10,0,14],"rotation":180,"texture":"#0"}}},{"name":"cube inverted","from":[21.5,11,16.5],"to":[-4.5,7.5,-0.5],"rotation":{"angle":0,"axis":"x","origin":[8.26923,9.1647,15.84379]},"faces":{"north":{"uv":[6.25,14,12.5,13.25],"texture":"#0"},"east":{"uv":[0,16,4,15.25],"texture":"#0"},"south":{"uv":[6.25,14,12.5,13.25],"texture":"#0"},"west":{"uv":[0,16,4,15.25],"texture":"#0"}}},{"from":[-2.44302,14.6113,6],"to":[3.55698,20.6113,10],"rotation":{"angle":-22.5,"axis":"z","origin":[8.26923,9.1647,15.84379]},"faces":{"east":{"uv":[12.5,0,13.5,1.5],"texture":"#0"},"west":{"uv":[13.5,0,14.5,1.5],"texture":"#0"},"up":{"uv":[13.5,0,14.5,1.5],"rotation":90,"texture":"#0"},"down":{"uv":[12.5,0,13.5,1.5],"rotation":270,"texture":"#0"}}},{"name":"cube inverted","from":[3.55698,20.6113,10],"to":[-2.44302,14.6113,6],"rotation":{"angle":-22.5,"axis":"z","origin":[8.26923,9.1647,15.84379]},"faces":{"east":{"uv":[13.5,1.5,14.5,0],"texture":"#0"},"west":{"uv":[12.5,1.5,13.5,0],"texture":"#0"},"up":{"uv":[12.5,1.5,13.5,0],"rotation":270,"texture":"#0"},"down":{"uv":[13.5,1.5,14.5,0],"rotation":90,"texture":"#0"}}},{"from":[12.48401,14.81736,6],"to":[18.48401,20.81736,10],"rotation":{"angle":22.5,"axis":"z","origin":[8.26923,9.1647,15.84379]},"faces":{"east":{"uv":[14.5,0,13.5,1.5],"texture":"#0"},"west":{"uv":[13.5,0,12.5,1.5],"texture":"#0"},"up":{"uv":[13.5,1.5,14.5,0],"rotation":90,"texture":"#0"},"down":{"uv":[12.5,1.5,13.5,0],"rotation":270,"texture":"#0"}}},{"name":"cube inverted","from":[18.48401,20.81736,10],"to":[12.48401,14.81736,6],"rotation":{"angle":22.5,"axis":"z","origin":[8.26923,9.1647,15.84379]},"faces":{"east":{"uv":[13.5,1.5,12.5,0],"texture":"#0"},"west":{"uv":[14.5,1.5,13.5,0],"texture":"#0"},"up":{"uv":[12.5,0,13.5,1.5],"rotation":270,"texture":"#0"},"down":{"uv":[13.5,0,14.5,1.5],"rotation":90,"texture":"#0"}}},{"from":[-7.24015,9.14944,-1],"to":[6.75985,14.14944,-1],"rotation":{"angle":22.5,"axis":"z","origin":[8.26923,9.1647,15.84379]},"faces":{"north":{"uv":[12.5,11.25,16,12.5],"texture":"#0"},"south":{"uv":[16,11.25,12.5,12.5],"texture":"#0"}}},{"from":[9.24015,9.14944,-1],"to":[23.24015,14.14944,-1],"rotation":{"angle":-22.5,"axis":"z","origin":[7.73077,9.1647,15.84379]},"faces":{"north":{"uv":[16,11.25,12.5,12.5],"texture":"#0"},"south":{"uv":[12.5,11.25,16,12.5],"texture":"#0"}}},{"from":[5,-2.43226,-3.64959],"to":[12,4.56774,3.35041],"rotation":{"angle":22.5,"axis":"x","origin":[8.26923,9.1647,15.84379]},"faces":{"north":{"uv":[12.5,7.75,14.25,9.5],"texture":"#0"},"east":{"uv":[12.5,7.75,14.25,9.5],"texture":"#0"},"south":{"uv":[12.5,7.75,14.25,9.5],"texture":"#0"},"west":{"uv":[12.5,7.75,14.25,9.5],"texture":"#0"},"up":{"uv":[12.5,6,14.25,7.75],"rotation":180,"texture":"#0"},"down":{"uv":[12.5,9.5,14.25,11.25],"texture":"#0"}}}],"display":{"thirdperson_righthand":{"rotation":[65,-12,0],"scale":[0.54,0.54,0.54]},"thirdperson_lefthand":{"rotation":[65,-12,0],"scale":[0.54,0.54,0.54]},"firstperson_righthand":{"translation":[10.25,0,-5.75]},"firstperson_lefthand":{"translation":[10.25,0,-5.75]},"ground":{"translation":[0,6.5,0],"scale":[0.42,0.42,0.42]},"gui":{"rotation":[30,0,0],"translation":[0,-1.5,0],"scale":[0.54,0.54,0.54]},"head":{"translation":[-0.75,8,-11.25],"scale":[1.61,1.61,1.61]},"fixed":{"rotation":[90,0,0],"translation":[0,0,-18],"scale":[4,4,4]}},"groups":[{"name":"group","origin":[0,0,0],"color":0,"children":[0]},{"name":"summer_chest_lid","origin":[8,8,8],"color":0,"children":[{"name":"patrick_chest_lid","origin":[8,8,8],"color":0,"children":[{"name":"group","origin":[14,13,6],"color":0,"children":[1,2,3,{"name":"group","origin":[14,13,6],"color":0,"children":[]},4,5,6]},{"name":"group","origin":[16.5,19.5,8],"color":0,"children":[]},{"name":"group","origin":[1.5,17.5,8],"color":0,"children":[]},7,8,9,10,11,12,13]},{"name":"group","origin":[0,0,0],"color":0,"children":[]},{"name":"group","origin":[0,0,0],"color":0,"children":[]}]}]}