{"credit":"Made with Blockbench","textures":{"0":"custom/decorations/clothes_piles1","particle":"custom/decorations/clothes_piles1"},"elements":[{"from":[1,0,2],"to":[11,3,12],"rotation":{"angle":22.5,"axis":"y","origin":[8,8,8]},"faces":{"north":{"uv":[0,0,5,1.5],"texture":"#0","tintindex":1},"east":{"uv":[0,1.5,5,3],"texture":"#0","tintindex":1},"south":{"uv":[5,0,0,1.5],"texture":"#0","tintindex":1},"west":{"uv":[5,0,10,1.5],"texture":"#0","tintindex":1},"up":{"uv":[5,1.5,10,6.5],"rotation":270,"texture":"#0","tintindex":1},"down":{"uv":[5,1.5,10,6.5],"rotation":270,"texture":"#0","tintindex":1}}},{"from":[8,3,5],"to":[18,6,15],"rotation":{"angle":-22.5,"axis":"z","origin":[8,8,8]},"faces":{"north":{"uv":[5,0,0,1.5],"texture":"#0","tintindex":1},"east":{"uv":[5,0,10,1.5],"texture":"#0","tintindex":1},"south":{"uv":[0,0,5,1.5],"texture":"#0","tintindex":1},"west":{"uv":[0,1.5,5,3],"texture":"#0","tintindex":1},"up":{"uv":[5,1.5,10,6.5],"rotation":90,"texture":"#0","tintindex":1},"down":{"uv":[5,1.5,10,6.5],"rotation":90,"texture":"#0","tintindex":1}}}],"display":{"thirdperson_righthand":{"rotation":[50,42,0],"translation":[0,4,4.75],"scale":[0.8,0.8,0.8]},"thirdperson_lefthand":{"rotation":[50,1,0],"translation":[0,4,4.75],"scale":[0.8,0.8,0.8]},"firstperson_righthand":{"rotation":[0,133,0],"translation":[4.25,4.25,-4.75]},"firstperson_lefthand":{"rotation":[0,131,0],"translation":[4.25,4.25,-4.75]},"ground":{"translation":[0,6,0],"scale":[0.4,0.4,0.4]},"gui":{"rotation":[30,45,0],"translation":[-1,4.5,0],"scale":[0.8,0.8,0.8]},"head":{"rotation":[0,149,0],"translation":[0,19.25,0],"scale":[1.6,1.6,1.6]},"fixed":{"rotation":[-90,0,0],"translation":[0,0,-16],"scale":[2,2,2]}}}