{"credit":"Made with Blockbench","textures":{"0":"custom/decorations/clothes_piles1","particle":"custom/decorations/clothes_piles1"},"elements":[{"from":[3,0,3],"to":[13,3,13],"faces":{"north":{"uv":[0,0,5,1.5],"texture":"#0","tintindex":1},"east":{"uv":[0,1.5,5,3],"texture":"#0","tintindex":1},"south":{"uv":[5,0,0,1.5],"texture":"#0","tintindex":1},"west":{"uv":[5,0,10,1.5],"texture":"#0","tintindex":1},"up":{"uv":[5,1.5,10,6.5],"rotation":270,"texture":"#0","tintindex":1},"down":{"uv":[5,1.5,10,6.5],"rotation":270,"texture":"#0","tintindex":1}}},{"from":[3,3,3],"to":[13,6,13],"rotation":{"angle":-22.5,"axis":"y","origin":[8,8,8]},"faces":{"north":{"uv":[5,0,0,1.5],"texture":"#0","tintindex":1},"east":{"uv":[5,0,10,1.5],"texture":"#0","tintindex":1},"south":{"uv":[0,0,5,1.5],"texture":"#0","tintindex":1},"west":{"uv":[0,1.5,5,3],"texture":"#0","tintindex":1},"up":{"uv":[5,1.5,10,6.5],"rotation":90,"texture":"#0","tintindex":1},"down":{"uv":[5,1.5,10,6.5],"rotation":90,"texture":"#0","tintindex":1}}},{"from":[3,6,3],"to":[13,9,13],"rotation":{"angle":22.5,"axis":"y","origin":[8,8,8]},"faces":{"north":{"uv":[5,8,0,9.5],"texture":"#0","tintindex":1},"east":{"uv":[5,0,10,1.5],"texture":"#0","tintindex":1},"south":{"uv":[0,8,5,9.5],"texture":"#0","tintindex":1},"west":{"uv":[5,8,10,9.5],"texture":"#0","tintindex":1},"up":{"uv":[0,3,5,8],"rotation":90,"texture":"#0","tintindex":1},"down":{"uv":[5,1.5,10,6.5],"rotation":90,"texture":"#0","tintindex":1}}}],"display":{"thirdperson_righthand":{"rotation":[49,0,0],"translation":[0,4,4.75],"scale":[0.8,0.8,0.8]},"thirdperson_lefthand":{"rotation":[49,0,0],"translation":[0,4,4.75],"scale":[0.8,0.8,0.8]},"firstperson_righthand":{"rotation":[0,99,0],"translation":[4.25,4.25,-4.75]},"firstperson_lefthand":{"rotation":[0,99,0],"translation":[4.25,4.25,-4.75]},"ground":{"translation":[0,6,0],"scale":[0.4,0.4,0.4]},"gui":{"rotation":[30,45,0],"translation":[0,3,0]},"head":{"rotation":[0,136,0],"translation":[0,19.25,0],"scale":[1.6,1.6,1.6]},"fixed":{"rotation":[-90,0,0],"translation":[0,0,-16],"scale":[2,2,2]}}}