{"credit":"Made with Blockbench","texture_size":[64,64],"textures":{"0":"custom/decorations/wall_of_fame_lamp","1":"custom/decorations/community_center_sign","particle":"custom/decorations/wall_of_fame_lamp"},"elements":[{"from":[7,11.25,5.25],"to":[9,14.25,7.25],"rotation":{"angle":0,"axis":"y","origin":[4,0,4]},"faces":{"north":{"uv":[0.5,0,1.5,1.5],"texture":"#0"},"east":{"uv":[0.5,0,1.5,1.5],"texture":"#0"},"south":{"uv":[0.5,0,1.5,1.5],"texture":"#0"},"west":{"uv":[0.5,0,1.5,1.5],"texture":"#0"},"up":{"uv":[1.5,1.25,2.5,2.25],"texture":"#0"},"down":{"uv":[0.5,1.5,1.5,2.5],"texture":"#0","tintindex":0}}},{"from":[7,8.75,5.25],"to":[9,11.25,7.25],"rotation":{"angle":0,"axis":"y","origin":[4,0,4]},"faces":{"north":{"uv":[3,0,4,6.25],"texture":"#0","tintindex":0},"east":{"uv":[3,0,4,6.25],"texture":"#0","tintindex":0},"south":{"uv":[3,0,4,6.25],"texture":"#0","tintindex":0},"west":{"uv":[3,0,4,6.25],"texture":"#0","tintindex":0}}},{"from":[7.5,12.75,7.25],"to":[8.5,13.75,10.25],"rotation":{"angle":0,"axis":"y","origin":[4,0,4]},"faces":{"north":{"uv":[0,1,0.5,1.5],"texture":"#0"},"east":{"uv":[0,0,0.5,1.5],"rotation":90,"texture":"#0"},"south":{"uv":[0,1,0.5,1.5],"texture":"#0"},"west":{"uv":[0,0,0.5,1.5],"rotation":90,"texture":"#0"},"up":{"uv":[0,0,0.5,1.5],"texture":"#0"},"down":{"uv":[0,0,0.5,1.5],"texture":"#0"}}},{"from":[6.75,12,10.25],"to":[9.25,14.5,10.75],"rotation":{"angle":0,"axis":"y","origin":[4,0,4]},"faces":{"north":{"uv":[1.5,0,2.75,1.25],"texture":"#0"},"east":{"uv":[1.5,0,1.75,1.25],"texture":"#0"},"south":{"uv":[1.5,0,2.75,1.25],"texture":"#0"},"west":{"uv":[1.5,0,1.75,1.25],"texture":"#0"},"up":{"uv":[1.5,0,2.75,0.25],"texture":"#0"},"down":{"uv":[1.5,1,2.75,1.25],"texture":"#0"}}},{"from":[-2,11.25,5.25],"to":[0,14.25,7.25],"rotation":{"angle":0,"axis":"y","origin":[4,0,4]},"faces":{"north":{"uv":[0.5,0,1.5,1.5],"texture":"#0"},"east":{"uv":[0.5,0,1.5,1.5],"texture":"#0"},"south":{"uv":[0.5,0,1.5,1.5],"texture":"#0"},"west":{"uv":[0.5,0,1.5,1.5],"texture":"#0"},"up":{"uv":[1.5,1.25,2.5,2.25],"texture":"#0"},"down":{"uv":[0.5,1.5,1.5,2.5],"texture":"#0","tintindex":0}}},{"from":[-2,8.75,5.25],"to":[0,11.25,7.25],"rotation":{"angle":0,"axis":"y","origin":[4,0,4]},"faces":{"north":{"uv":[3,0,4,6.25],"texture":"#0","tintindex":0},"east":{"uv":[3,0,4,6.25],"texture":"#0","tintindex":0},"south":{"uv":[3,0,4,6.25],"texture":"#0","tintindex":0},"west":{"uv":[3,0,4,6.25],"texture":"#0","tintindex":0}}},{"from":[-1.5,12.75,7.25],"to":[-0.5,13.75,10.25],"rotation":{"angle":0,"axis":"y","origin":[4,0,4]},"faces":{"north":{"uv":[0,1,0.5,1.5],"texture":"#0"},"east":{"uv":[0,0,0.5,1.5],"rotation":90,"texture":"#0"},"south":{"uv":[0,1,0.5,1.5],"texture":"#0"},"west":{"uv":[0,0,0.5,1.5],"rotation":90,"texture":"#0"},"up":{"uv":[0,0,0.5,1.5],"texture":"#0"},"down":{"uv":[0,0,0.5,1.5],"texture":"#0"}}},{"from":[-2.25,12,10.25],"to":[0.25,14.5,10.75],"rotation":{"angle":0,"axis":"y","origin":[4,0,4]},"faces":{"north":{"uv":[1.5,0,2.75,1.25],"texture":"#0"},"east":{"uv":[1.5,0,1.75,1.25],"texture":"#0"},"south":{"uv":[1.5,0,2.75,1.25],"texture":"#0"},"west":{"uv":[1.5,0,1.75,1.25],"texture":"#0"},"up":{"uv":[1.5,0,2.75,0.25],"texture":"#0"},"down":{"uv":[1.5,1,2.75,1.25],"texture":"#0"}}},{"from":[-11,11.25,5.25],"to":[-9,14.25,7.25],"rotation":{"angle":0,"axis":"y","origin":[4,0,4]},"faces":{"north":{"uv":[0.5,0,1.5,1.5],"texture":"#0"},"east":{"uv":[0.5,0,1.5,1.5],"texture":"#0"},"south":{"uv":[0.5,0,1.5,1.5],"texture":"#0"},"west":{"uv":[0.5,0,1.5,1.5],"texture":"#0"},"up":{"uv":[1.5,1.25,2.5,2.25],"texture":"#0"},"down":{"uv":[0.5,1.5,1.5,2.5],"texture":"#0","tintindex":0}}},{"from":[-11.25,12,10.25],"to":[-8.75,14.5,10.75],"rotation":{"angle":0,"axis":"y","origin":[4,0,4]},"faces":{"north":{"uv":[1.5,0,2.75,1.25],"texture":"#0"},"east":{"uv":[1.5,0,1.75,1.25],"texture":"#0"},"south":{"uv":[1.5,0,2.75,1.25],"texture":"#0"},"west":{"uv":[1.5,0,1.75,1.25],"texture":"#0"},"up":{"uv":[1.5,0,2.75,0.25],"texture":"#0"},"down":{"uv":[1.5,1,2.75,1.25],"texture":"#0"}}},{"from":[-10.5,12.75,7.25],"to":[-9.5,13.75,10.25],"rotation":{"angle":0,"axis":"y","origin":[4,0,4]},"faces":{"north":{"uv":[0,1,0.5,1.5],"texture":"#0"},"east":{"uv":[0,0,0.5,1.5],"rotation":90,"texture":"#0"},"south":{"uv":[0,1,0.5,1.5],"texture":"#0"},"west":{"uv":[0,0,0.5,1.5],"rotation":90,"texture":"#0"},"up":{"uv":[0,0,0.5,1.5],"texture":"#0"},"down":{"uv":[0,0,0.5,1.5],"texture":"#0"}}},{"from":[-11,8.75,5.25],"to":[-9,11.25,7.25],"rotation":{"angle":0,"axis":"y","origin":[4,0,4]},"faces":{"north":{"uv":[3,0,4,6.25],"texture":"#0","tintindex":0},"east":{"uv":[3,0,4,6.25],"texture":"#0","tintindex":0},"south":{"uv":[3,0,4,6.25],"texture":"#0","tintindex":0},"west":{"uv":[3,0,4,6.25],"texture":"#0","tintindex":0}}},{"from":[16,11.25,5.25],"to":[18,14.25,7.25],"rotation":{"angle":0,"axis":"y","origin":[12,0,4]},"faces":{"north":{"uv":[1.5,0,0.5,1.5],"texture":"#0"},"east":{"uv":[1.5,0,0.5,1.5],"texture":"#0"},"south":{"uv":[1.5,0,0.5,1.5],"texture":"#0"},"west":{"uv":[1.5,0,0.5,1.5],"texture":"#0"},"up":{"uv":[2.5,1.25,1.5,2.25],"texture":"#0"},"down":{"uv":[1.5,1.5,0.5,2.5],"texture":"#0","tintindex":0}}},{"from":[16.5,12.75,7.25],"to":[17.5,13.75,10.25],"rotation":{"angle":0,"axis":"y","origin":[12,0,4]},"faces":{"north":{"uv":[0.5,1,0,1.5],"texture":"#0"},"east":{"uv":[0,1.5,0.5,0],"rotation":90,"texture":"#0"},"south":{"uv":[0.5,1,0,1.5],"texture":"#0"},"west":{"uv":[0,1.5,0.5,0],"rotation":90,"texture":"#0"},"up":{"uv":[0.5,0,0,1.5],"texture":"#0"},"down":{"uv":[0.5,0,0,1.5],"texture":"#0"}}},{"from":[15.75,12,10.25],"to":[18.25,14.5,10.75],"rotation":{"angle":0,"axis":"y","origin":[12,0,4]},"faces":{"north":{"uv":[2.75,0,1.5,1.25],"texture":"#0"},"east":{"uv":[1.75,0,1.5,1.25],"texture":"#0"},"south":{"uv":[2.75,0,1.5,1.25],"texture":"#0"},"west":{"uv":[1.75,0,1.5,1.25],"texture":"#0"},"up":{"uv":[2.75,0,1.5,0.25],"texture":"#0"},"down":{"uv":[2.75,1,1.5,1.25],"texture":"#0"}}},{"from":[25,11.25,5.25],"to":[27,14.25,7.25],"rotation":{"angle":0,"axis":"y","origin":[12,0,4]},"faces":{"north":{"uv":[1.5,0,0.5,1.5],"texture":"#0"},"east":{"uv":[1.5,0,0.5,1.5],"texture":"#0"},"south":{"uv":[1.5,0,0.5,1.5],"texture":"#0"},"west":{"uv":[1.5,0,0.5,1.5],"texture":"#0"},"up":{"uv":[2.5,1.25,1.5,2.25],"texture":"#0"},"down":{"uv":[1.5,1.5,0.5,2.5],"texture":"#0","tintindex":0}}},{"from":[25.5,12.75,7.25],"to":[26.5,13.75,10.25],"rotation":{"angle":0,"axis":"y","origin":[12,0,4]},"faces":{"north":{"uv":[0.5,1,0,1.5],"texture":"#0"},"east":{"uv":[0,1.5,0.5,0],"rotation":90,"texture":"#0"},"south":{"uv":[0.5,1,0,1.5],"texture":"#0"},"west":{"uv":[0,1.5,0.5,0],"rotation":90,"texture":"#0"},"up":{"uv":[0.5,0,0,1.5],"texture":"#0"},"down":{"uv":[0.5,0,0,1.5],"texture":"#0"}}},{"from":[24.75,12,10.25],"to":[27.25,14.5,10.75],"rotation":{"angle":0,"axis":"y","origin":[12,0,4]},"faces":{"north":{"uv":[2.75,0,1.5,1.25],"texture":"#0"},"east":{"uv":[1.75,0,1.5,1.25],"texture":"#0"},"south":{"uv":[2.75,0,1.5,1.25],"texture":"#0"},"west":{"uv":[1.75,0,1.5,1.25],"texture":"#0"},"up":{"uv":[2.75,0,1.5,0.25],"texture":"#0"},"down":{"uv":[2.75,1,1.5,1.25],"texture":"#0"}}},{"from":[25,8.75,5.25],"to":[27,11.25,7.25],"rotation":{"angle":0,"axis":"y","origin":[12,0,4]},"faces":{"north":{"uv":[4,0,3,6.25],"texture":"#0","tintindex":0},"east":{"uv":[4,0,3,6.25],"texture":"#0","tintindex":0},"south":{"uv":[4,0,3,6.25],"texture":"#0","tintindex":0},"west":{"uv":[4,0,3,6.25],"texture":"#0","tintindex":0}}},{"from":[16,8.75,5.25],"to":[18,11.25,7.25],"rotation":{"angle":0,"axis":"y","origin":[12,0,4]},"faces":{"north":{"uv":[4,0,3,6.25],"texture":"#0","tintindex":0},"east":{"uv":[4,0,3,6.25],"texture":"#0","tintindex":0},"south":{"uv":[4,0,3,6.25],"texture":"#0","tintindex":0},"west":{"uv":[4,0,3,6.25],"texture":"#0","tintindex":0}}},{"from":[-12,-4,10],"to":[28,12,11],"faces":{"north":{"uv":[0,0,10,4],"texture":"#1"},"east":{"uv":[10.375,0,10.125,4],"texture":"#1"},"south":{"uv":[0,4.625,10,8.625],"texture":"#1"},"west":{"uv":[10.125,0,10.375,4],"texture":"#1"},"up":{"uv":[0,0,10,0.25],"texture":"#1"},"down":{"uv":[0,4.25,10,4],"texture":"#1"}}}],"display":{"firstperson_righthand":{"translation":[7.5,0,0],"scale":[0.61,0.61,0.61]},"firstperson_lefthand":{"translation":[7.5,0,0],"scale":[0.61,0.61,0.61]},"gui":{"rotation":[0,180,0],"scale":[0.37,0.37,0.37]},"head":{"translation":[0,-6.75,-7.75],"scale":[3.2,3.2,3.2]},"fixed":{"translation":[0,-9.25,-6],"scale":[2,2,2]}}}