{"credit":"Made with Blockbench","textures":{"1":"custom/decorations/cosmos_cosmetics_sign","2":"custom/decorations/cosmos_cosmetics_sign_lower","particle":"custom/decorations/cosmos_cosmetics_sign_lower"},"elements":[{"from":[-10,16,5.5],"to":[-8,18,7],"rotation":{"angle":0,"axis":"y","origin":[8,7,8]},"faces":{"north":{"uv":[0,0,0.5,0.5],"texture":"#1"},"east":{"uv":[1,0,1.5,0.375],"rotation":270,"texture":"#1"},"south":{"uv":[0.5,0,0,0.5],"texture":"#1"},"west":{"uv":[1,0,1.5,0.375],"rotation":270,"texture":"#1"},"up":{"uv":[1,0,1.5,0.375],"texture":"#1"},"down":{"uv":[1,0,1.5,0.375],"rotation":180,"texture":"#1"}}},{"from":[22,16,5.5],"to":[24,18,7],"rotation":{"angle":0,"axis":"y","origin":[8,7,8]},"faces":{"north":{"uv":[0.5,0,0,0.5],"texture":"#1"},"east":{"uv":[1,0,1.5,0.375],"rotation":270,"texture":"#1"},"south":{"uv":[0,0,0.5,0.5],"texture":"#1"},"west":{"uv":[1,0,1.5,0.375],"rotation":270,"texture":"#1"},"up":{"uv":[1,0,1.5,0.375],"texture":"#1"},"down":{"uv":[1,0,1.5,0.375],"rotation":180,"texture":"#1"}}},{"from":[22,29,5.5],"to":[24,31,7],"rotation":{"angle":0,"axis":"y","origin":[8,7,8]},"faces":{"north":{"uv":[0.5,0,0,0.5],"texture":"#1"},"east":{"uv":[1,0,1.5,0.375],"rotation":270,"texture":"#1"},"south":{"uv":[0,0,0.5,0.5],"texture":"#1"},"west":{"uv":[1,0,1.5,0.375],"rotation":270,"texture":"#1"},"up":{"uv":[1,0,1.5,0.375],"texture":"#1"},"down":{"uv":[1,0,1.5,0.375],"rotation":180,"texture":"#1"}}},{"from":[-10,29,5.5],"to":[-8,31,7],"rotation":{"angle":0,"axis":"y","origin":[8,7,8]},"faces":{"north":{"uv":[0,0,0.5,0.5],"texture":"#1"},"east":{"uv":[1,0,1.5,0.375],"rotation":270,"texture":"#1"},"south":{"uv":[0.5,0,0,0.5],"texture":"#1"},"west":{"uv":[1,0,1.5,0.375],"rotation":270,"texture":"#1"},"up":{"uv":[1,0,1.5,0.375],"texture":"#1"},"down":{"uv":[1,0,1.5,0.375],"rotation":180,"texture":"#1"}}},{"from":[-10,16,6.25],"to":[24,31,6.25],"rotation":{"angle":0,"axis":"y","origin":[8,7,8]},"faces":{"north":{"uv":[0,0,8.5,4],"texture":"#1"},"east":{"uv":[0,0,0.25,3.75],"texture":"#1"},"south":{"uv":[0,0,8.5,4],"texture":"#1"},"west":{"uv":[0,0,0.25,3.75],"texture":"#1"},"up":{"uv":[0,0,8,0.25],"texture":"#1"},"down":{"uv":[0,0,8,0.25],"texture":"#1"}}},{"from":[-10,1,6.25],"to":[24,16,6.25],"rotation":{"angle":0,"axis":"y","origin":[8,7,8]},"faces":{"north":{"uv":[0,0,16,8],"texture":"#2"},"east":{"uv":[0,0,0.25,3.75],"texture":"#1"},"south":{"uv":[16,0,0,8],"texture":"#2"},"west":{"uv":[0,0,0.25,3.75],"texture":"#1"},"up":{"uv":[0,0,8,0.25],"texture":"#1"},"down":{"uv":[0,0,8,0.25],"texture":"#1"}}},{"from":[-8,29.5,6],"to":[22,31,6.5],"rotation":{"angle":0,"axis":"y","origin":[8,7,8]},"faces":{"north":{"uv":[0.5,0,8,0.375],"texture":"#1"},"east":{"uv":[0,0,0.25,3.75],"texture":"#1"},"south":{"uv":[0.5,0,8,0.375],"texture":"#1"},"west":{"uv":[0,0,0.25,3.75],"texture":"#1"},"up":{"uv":[0.5,0.125,8,0.25],"texture":"#1"},"down":{"uv":[0.5,0.125,8,0.25],"texture":"#1"}}},{"from":[-8,16,6],"to":[22,17.5,6.5],"rotation":{"angle":0,"axis":"y","origin":[8,7,8]},"faces":{"north":{"uv":[0.5,0,8,0.375],"texture":"#1"},"east":{"uv":[0,0,0.25,3.75],"texture":"#1"},"south":{"uv":[0.5,0,8,0.375],"texture":"#1"},"west":{"uv":[0,0,0.25,3.75],"texture":"#1"},"up":{"uv":[0.5,0.125,8,0.25],"texture":"#1"},"down":{"uv":[0.5,0.125,8,0.25],"texture":"#1"}}}],"display":{"thirdperson_righthand":{"rotation":[69,0,0],"translation":[0,-1,-1.75],"scale":[0.2,0.2,0.2]},"thirdperson_lefthand":{"rotation":[69,0,0],"translation":[0,-1,-1.75],"scale":[0.2,0.2,0.2]},"firstperson_righthand":{"rotation":[0,137,0],"translation":[11.25,-10.5,-12.5]},"firstperson_lefthand":{"rotation":[0,137,0],"translation":[11.25,-10.5,-12.5]},"ground":{"translation":[0,1,0],"scale":[0.3,0.3,0.3]},"gui":{"rotation":[0,180,0],"translation":[-0.5,-5.25,0],"scale":[0.5,0.5,0.5]},"fixed":{"rotation":[90,0,0],"translation":[4,-7,-60],"scale":[4,4,4]}},"groups":[{"name":"group","origin":[8,8,8],"children":[0,1,2,3,4,5,6,7]}]}