{"credit":"Made with Blockbench","texture_size":[64,64],"textures":{"0":"custom/decorations/cosmo_chest","2_0":"custom/entities/cosmo/cosmo_base"},"elements":[{"from":[-4.5,-0.5,-0.5],"to":[21.5,8.5,16.5],"rotation":{"angle":0,"axis":"x","origin":[8.35,0.41585,16.22304]},"faces":{"north":{"uv":[6.25,12,12.5,14],"texture":"#0"},"east":{"uv":[4,14,0,16],"texture":"#0"},"south":{"uv":[6.25,12,12.5,14],"texture":"#0"},"west":{"uv":[4,14,0,16],"texture":"#0"},"up":{"uv":[0,14,6.25,10],"texture":"#0"}}},{"from":[21.5,8.5,16.5],"to":[-4.5,-0.5,-0.5],"rotation":{"angle":0,"axis":"x","origin":[8.35,0.41585,16.22304]},"faces":{"north":{"uv":[6.25,12,12.5,14],"rotation":180,"texture":"#0"},"east":{"uv":[0,14,4,16],"rotation":180,"texture":"#0"},"south":{"uv":[6.25,12,12.5,14],"rotation":180,"texture":"#0"},"west":{"uv":[0,14,4,16],"rotation":180,"texture":"#0"},"down":{"uv":[0,14,6.25,10],"texture":"#0"}}},{"from":[-4,0,0],"to":[21,8,16],"rotation":{"angle":0,"axis":"x","origin":[8.35,0.41585,16.22304]},"faces":{"north":{"uv":[6.25,6,12.5,8],"texture":"#0"},"east":{"uv":[14.25,4,10.25,6],"texture":"#0"},"south":{"uv":[6.25,6,12.5,8],"texture":"#0"},"west":{"uv":[10.25,4,14.25,6],"texture":"#0"},"up":{"uv":[6.25,12,12.5,8],"texture":"#0"},"down":{"uv":[6.25,4,12.5,0],"rotation":180,"texture":"#0"}}},{"from":[-6,8,2],"to":[-1,13,2],"rotation":{"angle":0,"axis":"x","origin":[8.35,0.41585,16.22304]},"faces":{"north":{"uv":[13.75,2.75,12.5,4],"texture":"#0"},"south":{"uv":[12.5,2.75,13.75,4],"texture":"#0"}}},{"from":[-6,8,14],"to":[-1,13,14],"rotation":{"angle":0,"axis":"x","origin":[8.35,0.41585,16.22304]},"faces":{"north":{"uv":[13.75,2.75,12.5,4],"texture":"#0"},"south":{"uv":[12.5,2.75,13.75,4],"texture":"#0"}}},{"from":[18,8,14],"to":[23,13,14],"rotation":{"angle":0,"axis":"x","origin":[8.35,0.41585,16.22304]},"faces":{"north":{"uv":[12.5,2.75,13.75,4],"texture":"#0"},"south":{"uv":[13.75,2.75,12.5,4],"texture":"#0"}}},{"from":[18,8,2],"to":[23,13,2],"rotation":{"angle":0,"axis":"x","origin":[8.35,0.41585,16.22304]},"faces":{"north":{"uv":[12.5,2.75,13.75,4],"texture":"#0"},"south":{"uv":[13.75,2.75,12.5,4],"texture":"#0"}}},{"from":[3.5,7.74302,0.04483],"to":[13.5,17.74302,10.04483],"rotation":{"angle":22.5,"axis":"x","origin":[8.35,0.41585,11.22304]},"faces":{"north":{"uv":[5,4,7.5,6.5],"texture":"#2_0"},"east":{"uv":[5,4,7.5,6.5],"texture":"#2_0"},"south":{"uv":[5,4,7.5,6.5],"texture":"#2_0"},"west":{"uv":[5,4,7.5,6.5],"texture":"#2_0"},"up":{"uv":[5,6.5,7.5,9],"texture":"#2_0"}}},{"from":[-1.5,7.74302,-4.95517],"to":[18.5,7.74302,15.04483],"rotation":{"angle":22.5,"axis":"x","origin":[8.35,0.41585,11.22304]},"faces":{"up":{"uv":[0,4,5,9],"texture":"#2_0"},"down":{"uv":[0,4,5,9],"texture":"#2_0"}}},{"from":[4.5,4,4],"to":[12.5,12,12],"rotation":{"angle":0,"axis":"y","origin":[0,-8,-5]},"faces":{"north":{"uv":[12.5,6,14.5,8],"texture":"#0"},"east":{"uv":[14.5,8,12.5,10],"texture":"#0"},"south":{"uv":[12.5,7.5,12.75,7.75],"texture":"#0"},"west":{"uv":[12.5,8,14.5,10],"texture":"#0"},"up":{"uv":[12.5,7.5,12.75,7.75],"texture":"#0"}}}],"display":{"thirdperson_righthand":{"rotation":[90,0,0],"translation":[-6.5,5,12]},"thirdperson_lefthand":{"rotation":[90,0,0],"translation":[-5.5,5,12]},"firstperson_righthand":{"rotation":[0,110,0],"translation":[9,5.5,-6.25]},"firstperson_lefthand":{"rotation":[0,110,0],"translation":[9,5.5,-6.25]},"ground":{"translation":[0,2.25,0],"scale":[0.4,0.4,0.4]},"gui":{"rotation":[30,135,0],"translation":[-0.25,0,0],"scale":[0.7,0.7,0.7]},"head":{"translation":[-0.75,8,-11.25],"scale":[1.61,1.61,1.61]},"fixed":{"rotation":[-90,0,0],"translation":[0,0,-16],"scale":[2,2,2]}},"groups":[{"name":"patrick_chest_lid","origin":[8,8,8],"children":[{"name":"group","origin":[14,13,6],"children":[{"name":"group","origin":[14,13,6],"children":[]}]},{"name":"cosmo_head","origin":[8,8,8],"children":[{"name":"group","origin":[8,8,8],"children":[0,1,2,3,4,5,6,{"name":"group","origin":[8.35,8.41585,16.22304],"children":[7,8,9]}]}]}]}]}