{"credit":"Made with Blockbench","textures":{"0":"custom/decorations/dressing_sign","particle":"custom/decorations/dressing_sign"},"elements":[{"from":[-2,2,7.5],"to":[0,10,8.5],"faces":{"north":{"uv":[9,5,10,9],"texture":"#0"},"east":{"uv":[0.5,5,1,9],"texture":"#0"},"south":{"uv":[10,5,9,9],"texture":"#0"},"west":{"uv":[0.5,5,1,9],"texture":"#0"}}},{"from":[16,2,7.5],"to":[18,10,8.5],"faces":{"north":{"uv":[0,5,1,9],"texture":"#0"},"east":{"uv":[0,5,0.5,9],"texture":"#0"},"south":{"uv":[1,5,0,9],"texture":"#0"},"west":{"uv":[0.5,5,1,9],"texture":"#0"}}},{"from":[-2,0,7.5],"to":[18,2,8.5],"faces":{"north":{"uv":[0,9,10,10],"texture":"#0"},"east":{"uv":[0,9,0.5,10],"texture":"#0"},"south":{"uv":[10,9,0,10],"texture":"#0"},"west":{"uv":[9.5,9,10,10],"texture":"#0"},"up":{"uv":[0,9.5,10,10],"rotation":180,"texture":"#0"},"down":{"uv":[0,9.5,10,10],"texture":"#0"}}},{"from":[-2,10,7.5],"to":[18,12,8.5],"faces":{"north":{"uv":[0,4,10,5],"texture":"#0"},"east":{"uv":[0,4,0.5,5],"texture":"#0"},"south":{"uv":[10,4,0,5],"texture":"#0"},"west":{"uv":[9.5,4,10,5],"texture":"#0"},"up":{"uv":[0,4,10,4.5],"rotation":180,"texture":"#0"},"down":{"uv":[0,9.5,10,10],"texture":"#0"}}},{"from":[0,2,8],"to":[16,10,8],"faces":{"north":{"uv":[1,5,9,9],"texture":"#0"},"south":{"uv":[9,5,1,9],"texture":"#0"}}},{"from":[-1,12,8],"to":[18,20,8],"faces":{"north":{"uv":[0,0,9.5,4],"texture":"#0"},"south":{"uv":[9.5,0,0,4],"texture":"#0"}}}],"display":{"thirdperson_righthand":{"rotation":[32,-15,0],"translation":[0,0.75,-0.25],"scale":[0.3,0.3,0.3]},"thirdperson_lefthand":{"rotation":[32,-15,0],"translation":[0,0.75,-0.25],"scale":[0.3,0.3,0.3]},"firstperson_righthand":{"rotation":[0,148,0],"translation":[7.5,0,-7.5]},"firstperson_lefthand":{"rotation":[0,148,0],"translation":[7.5,0,-7.5]},"ground":{"translation":[0,4.75,0],"scale":[0.4,0.4,0.4]},"gui":{"rotation":[0,180,0],"translation":[0,-1.75,0],"scale":[0.8,0.8,0.8]},"head":{"translation":[-22,-13.25,0],"scale":[1.6,1.6,1.6]},"fixed":{"rotation":[0,-90,0],"translation":[0,-8,-20],"scale":[2,2,2]}},"groups":[{"name":"group","origin":[8,8,8],"children":[0,1,2,3]},4,5]}