{"credit":"Made with Blockbench","texture_size":[64,64],"textures":{"0":"custom/decorations/easter_chest"},"elements":[{"from":[-4,0,0],"to":[21,8,16],"rotation":{"angle":0,"axis":"y","origin":[4,8,8]},"faces":{"north":{"uv":[0,4,6.25,6],"texture":"#0"},"east":{"uv":[6.25,4,10.25,6],"texture":"#0"},"south":{"uv":[6.25,14,12.5,16],"texture":"#0"},"west":{"uv":[6.25,4,10.25,6],"texture":"#0"},"up":{"uv":[0,0,6.25,4],"rotation":180,"texture":"#0"},"down":{"uv":[0,6,6.25,10],"texture":"#0"}}},{"from":[18,0.5,-3],"to":[24,0.5,3],"faces":{"up":{"uv":[12.5,1.5,14,3],"texture":"#0"},"down":{"uv":[12.5,1.5,14,3],"texture":"#0"}}},{"from":[-7,0.5,-3],"to":[-1,0.5,3],"faces":{"up":{"uv":[14,1.5,15.5,3],"rotation":270,"texture":"#0"},"down":{"uv":[14,1.5,15.5,3],"rotation":270,"texture":"#0"}}},{"from":[-7,0.5,14],"to":[-1,0.5,20],"faces":{"up":{"uv":[12.5,1.5,14,3],"rotation":90,"texture":"#0"},"down":{"uv":[12.5,1.5,14,3],"rotation":90,"texture":"#0"}}},{"from":[18,0.5,13],"to":[24,0.5,19],"faces":{"up":{"uv":[14,1.5,15.5,3],"rotation":90,"texture":"#0"},"down":{"uv":[14,1.5,15.5,3],"rotation":90,"texture":"#0"}}}],"display":{"thirdperson_righthand":{"rotation":[90,0,0],"translation":[-6.5,5,12]},"thirdperson_lefthand":{"rotation":[90,0,0],"translation":[-5.5,5,12]},"head":{"translation":[-0.75,8,-11.25],"scale":[1.61,1.61,1.61]}},"groups":[{"name":"valentine_chest_base","origin":[8,8,8],"children":[{"name":"valentine_chest_base","origin":[8,8,8],"children":[0]}]},1,2,3,4]}