{"credit":"Made with Blockbench","texture_size":[64,64],"textures":{"0":"custom/decorations/easter_chest"},"elements":[{"from":[-4.5,-0.5,-0.5],"to":[21.5,8.5,16.5],"rotation":{"angle":0,"axis":"x","origin":[8.5,2,15.75]},"faces":{"north":{"uv":[6.25,12,12.5,14],"texture":"#0"},"east":{"uv":[4,14,0,16],"texture":"#0"},"south":{"uv":[6.25,12,12.5,14],"texture":"#0"},"west":{"uv":[0,14,4,16],"texture":"#0"},"up":{"uv":[0,14,6.25,10],"texture":"#0"}}},{"from":[21.5,8.5,16.5],"to":[-4.5,-0.5,-0.5],"rotation":{"angle":0,"axis":"x","origin":[8.5,2,15.75]},"faces":{"north":{"uv":[6.25,12,12.5,14],"rotation":180,"texture":"#0"},"east":{"uv":[0,14,4,16],"rotation":180,"texture":"#0"},"south":{"uv":[6.25,12,12.5,14],"rotation":180,"texture":"#0"},"west":{"uv":[0,14,4,16],"rotation":180,"texture":"#0"},"down":{"uv":[0,14,6.25,10],"texture":"#0"}}},{"from":[-4,0,0],"to":[21,8,16],"rotation":{"angle":0,"axis":"x","origin":[8.5,2,15.75]},"faces":{"north":{"uv":[6.25,6,12.5,8],"texture":"#0"},"east":{"uv":[14.25,4,10.25,6],"texture":"#0"},"south":{"uv":[6.25,6,12.5,8],"texture":"#0"},"west":{"uv":[10.25,4,14.25,6],"texture":"#0"},"up":{"uv":[6.25,12,12.5,8],"texture":"#0"},"down":{"uv":[6.25,4,12.5,0],"rotation":180,"texture":"#0"}}},{"from":[0.5,-1,-2],"to":[6.5,5,-2],"rotation":{"angle":0,"axis":"x","origin":[8.5,2,15.75]},"faces":{"north":{"uv":[12.5,0,14,1.5],"rotation":90,"texture":"#0"},"south":{"uv":[12.5,0,14,1.5],"rotation":270,"texture":"#0"}}},{"from":[5.5,4,-2],"to":[11.5,10,-2],"rotation":{"angle":0,"axis":"x","origin":[8.5,2,15.75]},"faces":{"north":{"uv":[12.5,0,14,1.5],"texture":"#0"},"south":{"uv":[12.5,0,14,1.5],"texture":"#0"}}},{"from":[10.5,-1,-2],"to":[16.5,5,-2],"rotation":{"angle":0,"axis":"x","origin":[8.5,2,15.75]},"faces":{"north":{"uv":[12.5,0,14,1.5],"rotation":270,"texture":"#0"},"south":{"uv":[12.5,0,14,1.5],"rotation":90,"texture":"#0"}}},{"from":[5.5,-6,-2],"to":[11.5,0,-2],"rotation":{"angle":0,"axis":"x","origin":[8.5,2,15.75]},"faces":{"north":{"uv":[12.5,0,14,1.5],"rotation":180,"texture":"#0"},"south":{"uv":[12.5,0,14,1.5],"rotation":180,"texture":"#0"}}},{"from":[6.5,0,-2],"to":[10.5,4,0],"rotation":{"angle":0,"axis":"x","origin":[8.5,2,15.75]},"faces":{"north":{"uv":[12.5,6,13.5,7],"texture":"#0"},"east":{"uv":[14,6,13.5,7],"texture":"#0"},"south":{"uv":[12.5,6,13.5,7],"texture":"#0"},"west":{"uv":[13.5,6,14,7],"texture":"#0"},"up":{"uv":[12.5,7.5,13.5,8],"rotation":180,"texture":"#0"},"down":{"uv":[12.5,7,13.5,7.5],"rotation":180,"texture":"#0"}}},{"from":[-2,8,7],"to":[0,18,9],"rotation":{"angle":0,"axis":"x","origin":[8.5,2,15.75]},"faces":{"north":{"uv":[0.75,11.25,1.25,13.75],"texture":"#0"},"east":{"uv":[0.75,11.25,1.25,13.75],"texture":"#0"},"south":{"uv":[0.75,11.25,1.25,13.75],"texture":"#0"},"west":{"uv":[0.75,11.25,1.25,13.75],"texture":"#0"},"up":{"uv":[5,12.5,5.5,13],"texture":"#0"}}},{"from":[0,16,7],"to":[17,18,9],"rotation":{"angle":0,"axis":"x","origin":[8.5,2,15.75]},"faces":{"north":{"uv":[12.5,11,13,15.25],"rotation":270,"texture":"#0"},"south":{"uv":[12.5,11,13,15.25],"rotation":270,"texture":"#0"},"up":{"uv":[12.5,11,13,15.25],"rotation":270,"texture":"#0"},"down":{"uv":[12.5,11,13,15.25],"rotation":270,"texture":"#0"}}},{"from":[2,9,0.75],"to":[15,17,0.75],"rotation":{"angle":22.5,"axis":"x","origin":[8.5,2,15.75]},"faces":{"north":{"uv":[12.5,9,15.75,11],"texture":"#0"},"south":{"uv":[12.5,9,15.75,11],"texture":"#0"}}},{"from":[17,8,7],"to":[19,18,9],"rotation":{"angle":0,"axis":"x","origin":[8.5,2,15.75]},"faces":{"north":{"uv":[1.25,11.25,0.75,13.75],"texture":"#0"},"east":{"uv":[0.75,11.25,1.25,13.75],"texture":"#0"},"south":{"uv":[0.75,11.25,1.25,13.75],"texture":"#0"},"west":{"uv":[0.75,11.25,1.25,13.75],"texture":"#0"},"up":{"uv":[5,12.5,5.5,13],"texture":"#0"}}}],"display":{"thirdperson_righthand":{"rotation":[90,0,0],"translation":[-6.5,5,12]},"thirdperson_lefthand":{"rotation":[90,0,0],"translation":[-5.5,5,12]},"head":{"translation":[-0.75,8,-11.25],"scale":[1.61,1.61,1.61]}},"groups":[{"name":"patrick_chest_lid","origin":[8,8,8],"children":[{"name":"group","origin":[14,13,6],"children":[{"name":"group","origin":[14,13,6],"children":[]}]},0,1,2,3,4,5,6,7,8,9,10,11]}]}