{"credit":"Made with Blockbench","texture_size":[32,32],"textures":{"0":"custom/decorations/enchanted_ash_tray","particle":"custom/decorations/enchanted_ash_tray"},"elements":[{"from":[-0.25,-10.25,-0.25],"to":[16.25,0.25,16.25],"rotation":{"angle":0,"axis":"y","origin":[8,-2,8]},"faces":{"north":{"uv":[8,8,16,13],"texture":"#0"},"east":{"uv":[8,8,16,13],"texture":"#0"},"south":{"uv":[8,8,16,13],"texture":"#0"},"west":{"uv":[8,8,16,13],"texture":"#0"},"up":{"uv":[8,0,16,8],"texture":"#0"}}},{"from":[2,1,2],"to":[14,3,3],"rotation":{"angle":0,"axis":"y","origin":[10,9,10]},"faces":{"south":{"uv":[6,1.5,0,2.5],"texture":"#0"},"up":{"uv":[0,1.5,6,2],"rotation":180,"texture":"#0"},"down":{"uv":[0,2,6,2.5],"rotation":180,"texture":"#0"}}},{"from":[2,1,3],"to":[3,3,13],"rotation":{"angle":0,"axis":"y","origin":[10,9,11]},"faces":{"east":{"uv":[5.5,1.5,0.5,2.5],"texture":"#0"},"up":{"uv":[0.5,1.5,5.5,2],"rotation":90,"texture":"#0"},"down":{"uv":[0.5,2,5.5,2.5],"rotation":90,"texture":"#0"}}},{"from":[13,1,3],"to":[14,3,13],"rotation":{"angle":0,"axis":"y","origin":[21,9,11]},"faces":{"west":{"uv":[5.5,1.5,0.5,2.5],"texture":"#0"},"up":{"uv":[0.5,1.5,5.5,2],"rotation":270,"texture":"#0"},"down":{"uv":[0.5,2,5.5,2.5],"rotation":270,"texture":"#0"}}},{"from":[2,1,13],"to":[14,3,14],"rotation":{"angle":0,"axis":"y","origin":[10,9,21]},"faces":{"north":{"uv":[6,1.5,0,2.5],"texture":"#0"},"up":{"uv":[0,1.5,6,2],"texture":"#0"},"down":{"uv":[0,2,6,2.5],"texture":"#0"}}},{"from":[2,0,2],"to":[14,6,14],"rotation":{"angle":0,"axis":"y","origin":[10,8,10]},"faces":{"north":{"uv":[0,0,6,3],"texture":"#0"},"east":{"uv":[0,0,6,3],"texture":"#0"},"south":{"uv":[0,0,6,3],"texture":"#0"},"west":{"uv":[0,0,6,3],"texture":"#0"}}},{"from":[14,6,14],"to":[2,0,2],"rotation":{"angle":0,"axis":"y","origin":[22,14,22]},"faces":{"north":{"uv":[0,0,6,3],"rotation":180,"texture":"#0"},"east":{"uv":[0,0,6,3],"rotation":180,"texture":"#0"},"south":{"uv":[0,0,6,3],"rotation":180,"texture":"#0"},"west":{"uv":[0,0,6,3],"rotation":180,"texture":"#0"}}},{"from":[3,2,3],"to":[13,2,13],"rotation":{"angle":0,"axis":"y","origin":[11,10,11]},"faces":{"up":{"uv":[0.5,3,5.5,8],"texture":"#0"},"down":{"uv":[0.5,3,5.5,8],"texture":"#0"}}}],"display":{"thirdperson_righthand":{"rotation":[52,45,0],"translation":[0,3.5,2.25],"scale":[0.39,0.39,0.39]},"thirdperson_lefthand":{"rotation":[52,45,0],"translation":[0,3.5,2.25],"scale":[0.39,0.39,0.39]},"firstperson_righthand":{"rotation":[0,30,0],"translation":[14.75,5,-9.25]},"firstperson_lefthand":{"rotation":[0,30,0],"translation":[14.75,5,-9.25]},"ground":{"translation":[0,10.5,0],"scale":[0.39,0.39,0.39]},"gui":{"rotation":[30,45,0],"translation":[0,6,0],"scale":[0.69,0.69,0.69]},"head":{"translation":[0,16.5,0]},"fixed":{"rotation":[-90,0,0],"translation":[0,0,-16],"scale":[2,2,2]}}}