{"credit":"Made with Blockbench","textures":{"0":"custom/decorations/fire_hydrant","particle":"custom/decorations/fire_hydrant"},"elements":[{"from":[3.5,0,3.5],"to":[12.5,2,12.5],"faces":{"north":{"uv":[0,11,4.5,12],"texture":"#0","tintindex":1},"east":{"uv":[0,11,4.5,12],"texture":"#0","tintindex":1},"south":{"uv":[0,11,4.5,12],"texture":"#0","tintindex":1},"west":{"uv":[0,11,4.5,12],"texture":"#0","tintindex":1},"up":{"uv":[9.5,4.5,14,9],"texture":"#0","tintindex":1},"down":{"uv":[9.5,4.5,14,9],"texture":"#0","tintindex":1}}},{"from":[3.5,11,3.5],"to":[12.5,13,12.5],"faces":{"north":{"uv":[0,5.5,4.5,6.5],"texture":"#0","tintindex":1},"east":{"uv":[0,5.5,4.5,6.5],"texture":"#0","tintindex":1},"south":{"uv":[0,5.5,4.5,6.5],"texture":"#0","tintindex":1},"west":{"uv":[0,5.5,4.5,6.5],"texture":"#0","tintindex":1},"up":{"uv":[9.5,4.5,14,9],"texture":"#0","tintindex":1},"down":{"uv":[9.5,4.5,14,9],"texture":"#0","tintindex":1}}},{"from":[4.5,2,4.5],"to":[11.5,16,11.5],"faces":{"north":{"uv":[0.5,4,4,11],"texture":"#0","tintindex":1},"east":{"uv":[0.5,4,4,11],"texture":"#0","tintindex":1},"south":{"uv":[0.5,4,4,11],"texture":"#0","tintindex":1},"west":{"uv":[0.5,4,4,11],"texture":"#0","tintindex":1},"up":{"uv":[0.5,0.5,4,4],"texture":"#0","tintindex":1}}},{"from":[6.5,16,6.5],"to":[9.5,17,9.5],"faces":{"north":{"uv":[5.5,2,7,2.5],"texture":"#0","tintindex":1},"east":{"uv":[5.5,2,7,2.5],"texture":"#0","tintindex":1},"south":{"uv":[5.5,2,7,2.5],"texture":"#0","tintindex":1},"west":{"uv":[5.5,2,7,2.5],"texture":"#0","tintindex":1},"up":{"uv":[8.5,0,10,1.5],"texture":"#0","tintindex":1}}},{"from":[1.5,6,6.5],"to":[6.5,9,9.5],"faces":{"north":{"uv":[5,8.5,7.5,10],"texture":"#0","tintindex":1},"east":{"uv":[7.5,8.5,9,10],"texture":"#0","tintindex":1},"south":{"uv":[7.5,8.5,5,10],"texture":"#0","tintindex":1},"west":{"uv":[7.5,8.5,9,10],"texture":"#0","tintindex":1},"up":{"uv":[7.5,7,5,8.5],"texture":"#0","tintindex":1},"down":{"uv":[7.5,10,5,11.5],"texture":"#0","tintindex":1}}},{"from":[9.5,6,6.5],"to":[14.5,9,9.5],"faces":{"north":{"uv":[7.5,8.5,5,10],"texture":"#0","tintindex":1},"east":{"uv":[7.5,8.5,9,10],"texture":"#0","tintindex":1},"south":{"uv":[5,8.5,7.5,10],"texture":"#0","tintindex":1},"west":{"uv":[7.5,8.5,9,10],"texture":"#0","tintindex":1},"up":{"uv":[7.5,7,5,8.5],"rotation":180,"texture":"#0","tintindex":1},"down":{"uv":[7.5,10,5,11.5],"rotation":180,"texture":"#0","tintindex":1}}},{"from":[6,5.5,1.5],"to":[10,9.5,7.5],"faces":{"north":{"uv":[8,2,10,4],"texture":"#0","tintindex":1},"east":{"uv":[5,2,8,4],"texture":"#0","tintindex":1},"west":{"uv":[8,2,5,4],"texture":"#0","tintindex":1},"up":{"uv":[5,0,8,2],"rotation":270,"texture":"#0","tintindex":1},"down":{"uv":[5,4,8,6],"rotation":90,"texture":"#0","tintindex":1}}}],"display":{"thirdperson_righthand":{"rotation":[34,-40,0],"translation":[0,0.75,0.5],"scale":[0.4,0.4,0.4]},"thirdperson_lefthand":{"rotation":[34,-40,0],"translation":[0,0.75,0.5],"scale":[0.4,0.4,0.4]},"firstperson_righthand":{"rotation":[0,110,0],"translation":[8.75,-1.5,-4.75]},"firstperson_lefthand":{"rotation":[0,110,0],"translation":[8.75,-1.5,-4.75]},"ground":{"translation":[0,4.75,0],"scale":[0.4,0.4,0.4]},"gui":{"rotation":[30,135,0],"translation":[0,0.25,0],"scale":[0.8,0.8,0.8]},"head":{"translation":[0,13.5,0]},"fixed":{"rotation":[-90,0,0],"translation":[0,0,16],"scale":[2,2,2]}}}