{"credit":"Made with Blockbench","textures":{"0":"custom/decorations/fish_stream","particle":"custom/decorations/fish_stream"},"elements":[{"from":[8,-16,-16],"to":[8,16,16],"faces":{"east":{"uv":[0,0,15.75,15.75],"texture":"#0","tintindex":1},"west":{"uv":[15.75,0,0,15.75],"texture":"#0","tintindex":1}}}],"display":{"firstperson_righthand":{"rotation":[0,180,0],"translation":[4.5,7.5,-7.5]},"firstperson_lefthand":{"translation":[7.75,7.5,0]},"ground":{"translation":[0,12,0]},"gui":{"rotation":[5,-86,0],"translation":[-3.75,3.5,0],"scale":[0.4,0.4,0.4]},"head":{"rotation":[-1,0,0]},"fixed":{"rotation":[-90,0,0],"translation":[0,-14.25,-36],"scale":[4,4,4]}}}