{"credit":"Made with Blockbench","textures":{"0":"custom/decorations/flies","particle":"custom/decorations/flies"},"elements":[{"from":[0,0,8],"to":[16,16,8],"rotation":{"angle":22.5,"axis":"x","origin":[8,8,8]},"faces":{"north":{"uv":[0,0,16,16],"texture":"#0"},"south":{"uv":[16,16,0,0],"texture":"#0"}}},{"from":[8,0,0],"to":[8,16,16],"rotation":{"angle":-22.5,"axis":"z","origin":[8,8,8]},"faces":{"east":{"uv":[16,16,0,0],"texture":"#0"},"west":{"uv":[16,16,0,0],"texture":"#0"}}}],"display":{"thirdperson_righthand":{"scale":[0.4,0.4,0.4]},"thirdperson_lefthand":{"scale":[0.4,0.4,0.4]},"firstperson_righthand":{"translation":[3,3,0]},"firstperson_lefthand":{"rotation":[0,110,0],"translation":[3,3,0]},"ground":{"translation":[0,8.75,0]},"gui":{"rotation":[0,139,0]},"head":{"translation":[0,13,0],"scale":[1.6,1.6,1.6]},"fixed":{"rotation":[-90,0,0],"translation":[0,0,-14],"scale":[2,2,2]}}}