{"credit":"Made with Blockbench","textures":{"0":"custom/decorations/fracture_forge_sign","particle":"custom/decorations/fracture_forge_sign"},"elements":[{"from":[-16,16,7],"to":[-14,32,9],"faces":{"north":{"uv":[11.5,0,12,4],"texture":"#0"},"east":{"uv":[0,0,0.5,4],"texture":"#0"},"south":{"uv":[0,0,0.5,4],"texture":"#0"},"west":{"uv":[0,0,0.5,4],"texture":"#0"},"up":{"uv":[0,0,0.5,0.5],"texture":"#0"},"down":{"uv":[0,3.5,0.5,4],"texture":"#0"}}},{"from":[-16,-5,7],"to":[-14,4,9],"faces":{"north":{"uv":[11.5,7,12,9.25],"texture":"#0"},"east":{"uv":[0,7,0.5,9.25],"texture":"#0"},"south":{"uv":[0,7,0.5,9.25],"texture":"#0"},"west":{"uv":[0,7,0.5,9.25],"texture":"#0"},"down":{"uv":[0,8.75,0.5,9.25],"texture":"#0"}}},{"from":[30,-5,7],"to":[32,4,9],"faces":{"north":{"uv":[0,7,0.5,9.25],"texture":"#0"},"east":{"uv":[0,7,0.5,9.25],"texture":"#0"},"south":{"uv":[11.5,7,12,9.25],"texture":"#0"},"west":{"uv":[0,7,0.5,9.25],"texture":"#0"},"down":{"uv":[0,8.75,0.5,9.25],"texture":"#0"}}},{"from":[30,16,7],"to":[32,32,9],"faces":{"north":{"uv":[0,0,0.5,4],"texture":"#0"},"east":{"uv":[0,0,0.5,4],"texture":"#0"},"south":{"uv":[11.5,0,12,4],"texture":"#0"},"west":{"uv":[0,0,0.5,4],"texture":"#0"},"up":{"uv":[0,0,0.5,0.5],"rotation":90,"texture":"#0"},"down":{"uv":[0,3.5,0.5,4],"rotation":180,"texture":"#0"}}},{"from":[-14,30,7],"to":[30,32,9],"faces":{"north":{"uv":[0.5,0,11.5,0.5],"texture":"#0"},"south":{"uv":[0.5,0,11.5,0.5],"texture":"#0"},"up":{"uv":[0.5,0,11.5,0.5],"texture":"#0"},"down":{"uv":[0.5,0,11.5,0.5],"rotation":180,"texture":"#0"}}},{"from":[-14,-5,7],"to":[30,-3,9],"faces":{"north":{"uv":[0.5,8.75,11.5,9.25],"texture":"#0"},"south":{"uv":[0.5,8.75,11.5,9.25],"texture":"#0"},"up":{"uv":[0.5,8.75,11.5,9.25],"texture":"#0"},"down":{"uv":[0.5,8.75,11.5,9.25],"texture":"#0"}}},{"from":[-16,4,7],"to":[-9,6,9],"faces":{"north":{"uv":[10.25,6.5,12,7],"texture":"#0"},"south":{"uv":[0,6.5,1.75,7],"texture":"#0"},"west":{"uv":[12,6.5,11.5,7],"texture":"#0"},"up":{"uv":[0,6.5,1.75,7],"texture":"#0"},"down":{"uv":[10.25,6.5,12,7],"rotation":180,"texture":"#0"}}},{"from":[-14,16,7],"to":[-7,18,9],"faces":{"north":{"uv":[9.75,3.5,11.5,4],"texture":"#0"},"east":{"uv":[9.75,3.5,10.25,4],"texture":"#0"},"south":{"uv":[0.5,3.5,2.25,4],"texture":"#0"},"up":{"uv":[9.75,3.5,11.5,4],"rotation":180,"texture":"#0"},"down":{"uv":[0.5,3.5,2.25,4],"texture":"#0"}}},{"from":[23,16,7],"to":[30,18,9],"faces":{"north":{"uv":[0.5,3.5,2.25,4],"texture":"#0"},"south":{"uv":[9.75,3.5,11.5,4],"texture":"#0"},"west":{"uv":[9.75,3.5,10.25,4],"texture":"#0"},"up":{"uv":[0.5,3.5,2.25,4],"rotation":180,"texture":"#0"},"down":{"uv":[0.5,3.5,2.25,4],"rotation":180,"texture":"#0"}}},{"from":[25,4,7],"to":[32,6,9],"faces":{"north":{"uv":[0,6.5,1.75,7],"texture":"#0"},"east":{"uv":[12,6.5,11.5,7],"texture":"#0"},"south":{"uv":[10.25,6.5,12,7],"texture":"#0"},"up":{"uv":[10.25,6.5,12,7],"texture":"#0"},"down":{"uv":[0,6.5,1.75,7],"rotation":180,"texture":"#0"}}},{"from":[23,4,7],"to":[25,16,9],"faces":{"north":{"uv":[1.75,4,2.25,7],"texture":"#0"},"east":{"uv":[9.75,4,10.25,7],"texture":"#0"},"south":{"uv":[9.75,4,10.25,7],"texture":"#0"},"west":{"uv":[9.75,4,10.25,7],"texture":"#0"},"down":{"uv":[1.75,6.5,2.25,7],"rotation":180,"texture":"#0"}}},{"from":[-9,4,7],"to":[-7,16,9],"faces":{"north":{"uv":[9.75,4,10.25,7],"texture":"#0"},"east":{"uv":[9.75,4,10.25,7],"texture":"#0"},"south":{"uv":[1.75,4,2.25,7],"texture":"#0"},"west":{"uv":[9.75,4,10.25,7],"texture":"#0"},"down":{"uv":[1.75,6.5,2.25,7],"rotation":180,"texture":"#0"}}},{"from":[-14,18,8],"to":[30,30,8],"faces":{"north":{"uv":[0.5,0.5,11.5,3.5],"texture":"#0"},"south":{"uv":[0.5,0.5,11.5,3.5],"texture":"#0"}}},{"from":[-14,-3,8],"to":[30,4,8],"faces":{"north":{"uv":[0.5,7,11.5,8.75],"texture":"#0"},"south":{"uv":[0.5,7,11.5,8.75],"texture":"#0"}}},{"from":[-7,4,8],"to":[23,18,8],"faces":{"north":{"uv":[2.25,3.5,9.75,7],"texture":"#0"},"south":{"uv":[2.25,3.5,9.75,7],"texture":"#0"}}}],"display":{"thirdperson_righthand":{"rotation":[50,0,0],"scale":[0.2,0.2,0.2]},"thirdperson_lefthand":{"rotation":[50,0,0],"scale":[0.2,0.2,0.2]},"firstperson_righthand":{"rotation":[0,116,0],"translation":[23.5,-5.25,-25]},"firstperson_lefthand":{"rotation":[0,116,0],"translation":[23.5,-5.25,-25]},"ground":{"translation":[0,7.25,0],"scale":[0.4,0.4,0.4]},"gui":{"translation":[0,-1.75,0],"scale":[0.3,0.3,0.3]},"fixed":{"rotation":[90,0,0],"translation":[0,0,-16],"scale":[2,2,2]}},"groups":[{"name":"group","origin":[8,8,8],"children":[]},0,1,2,3,4,5,6,7,8,9,10,11,12,13,14]}