{"credit":"Made with Blockbench","texture_size":[32,32],"textures":{"0":"custom/decorations/gesture_chest","particle":"custom/furniture/halloween/gothic_chandelier"},"elements":[{"from":[-4.5,-0.5,-0.5],"to":[21.5,8.5,16.5],"rotation":{"angle":0,"axis":"x","origin":[8.38673,0.30007,16.14286]},"faces":{"north":{"uv":[6.25,12,12.5,14],"texture":"#0"},"east":{"uv":[0,14,4,16],"texture":"#0"},"south":{"uv":[6.25,12,12.5,14],"texture":"#0"},"west":{"uv":[0,14,4,16],"texture":"#0"},"up":{"uv":[0,10,6.25,14],"texture":"#0"}}},{"from":[-4,0,0],"to":[21,8,16],"rotation":{"angle":0,"axis":"x","origin":[8.38673,0.30007,16.14286]},"faces":{"north":{"uv":[6.25,6,12.5,8],"texture":"#0"},"east":{"uv":[10.25,0,6.25,2],"texture":"#0"},"south":{"uv":[12.5,6,6.25,8],"texture":"#0"},"west":{"uv":[10.25,4,14.25,6],"texture":"#0"},"up":{"uv":[6.25,8,12.5,12],"rotation":180,"texture":"#0"},"down":{"uv":[0,0,6.25,4],"texture":"#0"}}},{"name":"cube inverted","from":[21.5,8.5,16.5],"to":[-4.5,-0.5,-0.5],"rotation":{"angle":0,"axis":"x","origin":[8.38673,0.30007,16.14286]},"faces":{"north":{"uv":[6.25,14,12.5,12],"texture":"#0"},"east":{"uv":[0,16,4,14],"texture":"#0"},"south":{"uv":[6.25,14,12.5,12],"texture":"#0"},"west":{"uv":[0,16,4,14],"texture":"#0"},"down":{"uv":[6.25,10,0,14],"texture":"#0"}}},{"from":[-14,5,6],"to":[-9,10,11],"rotation":{"angle":0,"axis":"x","origin":[8.38673,0.30007,16.14286]},"faces":{"north":{"uv":[10.25,0,11.5,1.25],"texture":"#0"},"east":{"uv":[10.25,0,11.5,1.25],"texture":"#0"},"south":{"uv":[11.5,0,10.25,1.25],"texture":"#0"},"west":{"uv":[10.25,0,11.5,1.25],"texture":"#0"},"up":{"uv":[12.75,0,14,1.25],"rotation":180,"texture":"#0"},"down":{"uv":[11.5,0,12.75,1.25],"texture":"#0"}}},{"from":[6,-2,-5],"to":[11,3,0],"rotation":{"angle":22.5,"axis":"x","origin":[8.5,-0.5,-2.5]},"faces":{"north":{"uv":[10.25,0,11.5,1.25],"texture":"#0"},"east":{"uv":[10.25,0,11.5,1.25],"texture":"#0"},"south":{"uv":[10.25,0,11.5,1.25],"texture":"#0"},"west":{"uv":[11.5,0,10.25,1.25],"texture":"#0"},"up":{"uv":[12.75,0,14,1.25],"rotation":270,"texture":"#0"},"down":{"uv":[11.5,0,12.75,1.25],"rotation":270,"texture":"#0"}}},{"from":[0.96175,10.89257,3],"to":[7.96175,20.89257,13],"rotation":{"angle":45,"axis":"z","origin":[8.38673,0.30007,16.14286]},"faces":{"north":{"uv":[12.5,11,14.25,13.5],"texture":"#0"},"east":{"uv":[15,8.5,12.5,11],"texture":"#0"},"south":{"uv":[12.5,11,14.25,13.5],"texture":"#0"},"west":{"uv":[12.5,8.5,15,11],"texture":"#0"},"up":{"uv":[8.75,2,11.25,3.75],"rotation":90,"texture":"#0"},"down":{"uv":[11.25,9.5,12.25,10.75],"rotation":90,"texture":"#0"}}},{"from":[8.76479,10.84565,3],"to":[15.76479,20.84565,13],"rotation":{"angle":-45,"axis":"z","origin":[8.38673,0.30007,16.14286]},"faces":{"north":{"uv":[14.25,11,16,13.5],"texture":"#0"},"east":{"uv":[15,6,12.5,8.5],"texture":"#0"},"south":{"uv":[14.25,11,16,13.5],"texture":"#0"},"west":{"uv":[12.5,6,15,8.5],"texture":"#0"},"up":{"uv":[6.25,3.75,8.75,2],"rotation":90,"texture":"#0"},"down":{"uv":[6.75,10.25,7.25,9.5],"rotation":90,"texture":"#0"}}},{"from":[25.5,5,6],"to":[30.5,10,11],"rotation":{"angle":0,"axis":"x","origin":[8.38673,0.30007,16.14286]},"faces":{"north":{"uv":[11.5,0,10.25,1.25],"texture":"#0"},"east":{"uv":[11.5,0,10.25,1.25],"texture":"#0"},"south":{"uv":[10.25,0,11.5,1.25],"texture":"#0"},"west":{"uv":[11.5,0,10.25,1.25],"texture":"#0"},"up":{"uv":[14,0,12.75,1.25],"rotation":180,"texture":"#0"},"down":{"uv":[12.75,0,11.5,1.25],"texture":"#0"}}}],"display":{"thirdperson_righthand":{"rotation":[90,0,0],"translation":[-6.5,5,12]},"thirdperson_lefthand":{"rotation":[90,0,0],"translation":[-5.5,5,12]},"firstperson_righthand":{"rotation":[0,110,0],"translation":[9,5.5,-6.25]},"firstperson_lefthand":{"rotation":[0,110,0],"translation":[9,5.5,-6.25]},"ground":{"translation":[0,2.25,0],"scale":[0.4,0.4,0.4]},"gui":{"rotation":[30,135,0],"translation":[-0.25,0,0],"scale":[0.7,0.7,0.7]},"head":{"translation":[-0.75,8,-11.25],"scale":[1.61,1.61,1.61]},"fixed":{"rotation":[-90,0,0],"translation":[0,0,-16],"scale":[2,2,2]}},"groups":[{"name":"summer_chest_lid","origin":[8,8,8],"color":0,"children":[{"name":"patrick_chest_lid","origin":[8,8,8],"color":0,"children":[{"name":"group","origin":[14,13,6],"color":0,"children":[0,1,{"name":"group","origin":[14,13,6],"color":0,"children":[]},2]},{"name":"group","origin":[16.5,19.5,8],"color":0,"children":[]},{"name":"group","origin":[1.5,17.5,8],"color":0,"children":[]}]},{"name":"group","origin":[0,0,0],"color":0,"children":[]},3,4,5,6,7]}]}