{"credit":"Made with Blockbench","texture_size":[32,32],"textures":{"0":"custom/decorations/gesture_chest","particle":"custom/decorations/gesture_chest"},"elements":[{"from":[-4,0,0],"to":[21,8,16],"rotation":{"angle":0,"axis":"x","origin":[4,8,16]},"faces":{"north":{"uv":[0,4,6.25,6],"texture":"#0"},"east":{"uv":[6.25,4,10.25,6],"texture":"#0"},"south":{"uv":[6.25,14,12.5,16],"texture":"#0"},"west":{"uv":[6.25,4,10.25,6],"texture":"#0"},"up":{"uv":[0,0,6.25,4],"rotation":180,"texture":"#0"},"down":{"uv":[0,6,6.25,10],"rotation":180,"texture":"#0"}}},{"from":[-12,8.5,7.5],"to":[-9,9.5,8.5],"rotation":{"angle":45,"axis":"x","origin":[-4,4.91667,8]},"faces":{"north":{"uv":[12.5,2.5,13.25,2.75],"texture":"#0"},"south":{"uv":[13.25,2.5,12.5,2.75],"texture":"#0"},"west":{"uv":[13,2.5,13.25,2.75],"texture":"#0"},"up":{"uv":[13.25,2.5,12.5,2.75],"texture":"#0"},"down":{"uv":[13.25,2.5,12.5,2.75],"texture":"#0"}}},{"from":[-9,4.5,7.5],"to":[-4,5.5,8.5],"rotation":{"angle":45,"axis":"x","origin":[-4,4.91667,8]},"faces":{"north":{"uv":[11.25,3.5,12.5,3.75],"texture":"#0"},"south":{"uv":[12.5,3.5,11.25,3.75],"texture":"#0"},"west":{"uv":[12.25,3.5,12.5,3.75],"texture":"#0"},"up":{"uv":[12.5,3.5,11.25,3.75],"texture":"#0"},"down":{"uv":[12.5,3.5,11.25,3.75],"texture":"#0"}}},{"from":[-9,5.5,7.5],"to":[-8,9.5,8.5],"rotation":{"angle":45,"axis":"x","origin":[-4,4.91667,8]},"faces":{"north":{"uv":[12.25,2.5,12.5,3.5],"texture":"#0"},"east":{"uv":[12.25,2.5,12.5,3.5],"texture":"#0"},"south":{"uv":[12.25,2.5,12.5,3.5],"texture":"#0"},"west":{"uv":[12.25,2.5,12.5,3.5],"texture":"#0"},"up":{"uv":[12.25,2.5,12.5,2.75],"texture":"#0"}}},{"from":[-4.5,7.5,-0.5],"to":[21.5,16.5,16.5],"rotation":{"angle":0,"axis":"x","origin":[8.38673,8.30007,16.14286]},"faces":{"north":{"uv":[6.25,12,12.5,14],"texture":"#0"},"east":{"uv":[0,14,4,16],"texture":"#0"},"south":{"uv":[6.25,12,12.5,14],"texture":"#0"},"west":{"uv":[0,14,4,16],"texture":"#0"},"up":{"uv":[0,10,6.25,14],"texture":"#0"}}},{"from":[-4,8,0],"to":[21,16,16],"rotation":{"angle":0,"axis":"x","origin":[8.38673,8.30007,16.14286]},"faces":{"north":{"uv":[6.25,6,12.5,8],"texture":"#0"},"east":{"uv":[10.25,0,6.25,2],"texture":"#0"},"south":{"uv":[12.5,6,6.25,8],"texture":"#0"},"west":{"uv":[10.25,4,14.25,6],"texture":"#0"},"up":{"uv":[6.25,8,12.5,12],"rotation":180,"texture":"#0"},"down":{"uv":[0,0,6.25,4],"texture":"#0"}}},{"name":"cube inverted","from":[21.5,16.5,16.5],"to":[-4.5,7.5,-0.5],"rotation":{"angle":0,"axis":"x","origin":[8.38673,8.30007,16.14286]},"faces":{"north":{"uv":[6.25,14,12.5,12],"texture":"#0"},"east":{"uv":[0,16,4,14],"texture":"#0"},"south":{"uv":[6.25,14,12.5,12],"texture":"#0"},"west":{"uv":[0,16,4,14],"texture":"#0"},"down":{"uv":[6.25,10,0,14],"texture":"#0"}}},{"from":[-14,13,6],"to":[-9,18,11],"rotation":{"angle":0,"axis":"x","origin":[8.38673,8.30007,16.14286]},"faces":{"north":{"uv":[10.25,0,11.5,1.25],"texture":"#0"},"east":{"uv":[10.25,0,11.5,1.25],"texture":"#0"},"south":{"uv":[11.5,0,10.25,1.25],"texture":"#0"},"west":{"uv":[10.25,0,11.5,1.25],"texture":"#0"},"up":{"uv":[12.75,0,14,1.25],"rotation":180,"texture":"#0"},"down":{"uv":[11.5,0,12.75,1.25],"texture":"#0"}}},{"from":[6,6,-5],"to":[11,11,0],"rotation":{"angle":22.5,"axis":"x","origin":[8.5,7.5,-2.5]},"faces":{"north":{"uv":[10.25,0,11.5,1.25],"texture":"#0"},"east":{"uv":[10.25,0,11.5,1.25],"texture":"#0"},"south":{"uv":[10.25,0,11.5,1.25],"texture":"#0"},"west":{"uv":[11.5,0,10.25,1.25],"texture":"#0"},"up":{"uv":[12.75,0,14,1.25],"rotation":270,"texture":"#0"},"down":{"uv":[11.5,0,12.75,1.25],"rotation":270,"texture":"#0"}}},{"from":[0.96175,18.89257,3],"to":[7.96175,28.89257,13],"rotation":{"angle":45,"axis":"z","origin":[8.38673,8.30007,16.14286]},"faces":{"north":{"uv":[12.5,11,14.25,13.5],"texture":"#0"},"east":{"uv":[15,8.5,12.5,11],"texture":"#0"},"south":{"uv":[12.5,11,14.25,13.5],"texture":"#0"},"west":{"uv":[12.5,8.5,15,11],"texture":"#0"},"up":{"uv":[8.75,2,11.25,3.75],"rotation":90,"texture":"#0"},"down":{"uv":[11.25,9.5,12.25,10.75],"rotation":90,"texture":"#0"}}},{"from":[8.76479,18.84565,3],"to":[15.76479,28.84565,13],"rotation":{"angle":-45,"axis":"z","origin":[8.38673,8.30007,16.14286]},"faces":{"north":{"uv":[14.25,11,16,13.5],"texture":"#0"},"east":{"uv":[15,6,12.5,8.5],"texture":"#0"},"south":{"uv":[14.25,11,16,13.5],"texture":"#0"},"west":{"uv":[12.5,6,15,8.5],"texture":"#0"},"up":{"uv":[6.25,3.75,8.75,2],"rotation":90,"texture":"#0"},"down":{"uv":[6.75,10.25,7.25,9.5],"rotation":90,"texture":"#0"}}},{"from":[25.5,13,6],"to":[30.5,18,11],"rotation":{"angle":0,"axis":"x","origin":[8.38673,8.30007,16.14286]},"faces":{"north":{"uv":[11.5,0,10.25,1.25],"texture":"#0"},"east":{"uv":[11.5,0,10.25,1.25],"texture":"#0"},"south":{"uv":[10.25,0,11.5,1.25],"texture":"#0"},"west":{"uv":[11.5,0,10.25,1.25],"texture":"#0"},"up":{"uv":[14,0,12.75,1.25],"rotation":180,"texture":"#0"},"down":{"uv":[12.75,0,11.5,1.25],"texture":"#0"}}}],"display":{"thirdperson_righthand":{"rotation":[65,-12,0],"scale":[0.54,0.54,0.54]},"thirdperson_lefthand":{"rotation":[65,-12,0],"scale":[0.54,0.54,0.54]},"firstperson_righthand":{"translation":[10.25,0,-5.75]},"firstperson_lefthand":{"translation":[10.25,0,-5.75]},"ground":{"translation":[0,6.5,0],"scale":[0.42,0.42,0.42]},"gui":{"rotation":[30,0,0],"translation":[0,-1.5,0],"scale":[0.54,0.54,0.54]},"head":{"translation":[-0.75,8,-11.25],"scale":[1.61,1.61,1.61]},"fixed":{"rotation":[90,0,0],"translation":[0,0,-18],"scale":[4,4,4]}},"groups":[{"name":"group","origin":[0,0,0],"color":0,"children":[0,1,2,3]},{"name":"summer_chest_lid","origin":[8,8,8],"color":0,"children":[{"name":"patrick_chest_lid","origin":[8,8,8],"color":0,"children":[{"name":"group","origin":[14,13,6],"color":0,"children":[4,5,{"name":"group","origin":[14,13,6],"color":0,"children":[]},6]},{"name":"group","origin":[16.5,19.5,8],"color":0,"children":[]},{"name":"group","origin":[1.5,17.5,8],"color":0,"children":[]}]},{"name":"group","origin":[0,0,0],"color":0,"children":[]},7,8,9,10,11]}]}