{"credit":"Made with Blockbench","textures":{"0":"custom/decorations/globe_statue","particle":"custom/decorations/globe_statue"},"elements":[{"from":[-0.5,2,-0.5],"to":[16.5,14.5,16.5],"faces":{"north":{"uv":[0.375,1.375,4.625,4.5],"texture":"#0"},"east":{"uv":[0.375,1.375,4.625,4.5],"texture":"#0"},"south":{"uv":[0.375,1.375,4.625,4.5],"texture":"#0"},"west":{"uv":[0.375,1.375,4.625,4.5],"texture":"#0"},"up":{"uv":[9.125,0.375,4.875,4.625],"texture":"#0"},"down":{"uv":[4.375,4.25,4.125,4.5],"texture":"#0"}}},{"from":[1.5,14.5,1.5],"to":[14.5,18,14.5],"faces":{"north":{"uv":[0.875,0.5,4.125,1.375],"texture":"#0"},"east":{"uv":[0.875,0.5,4.125,1.375],"texture":"#0"},"south":{"uv":[0.875,0.5,4.125,1.375],"texture":"#0"},"west":{"uv":[0.875,0.5,4.125,1.375],"texture":"#0"},"up":{"uv":[5.375,0.875,8.625,4.125],"texture":"#0"}}},{"from":[4,18,4],"to":[12,20,12],"faces":{"north":{"uv":[1.5,0,3.5,0.5],"texture":"#0"},"east":{"uv":[1.5,0,3.5,0.5],"texture":"#0"},"south":{"uv":[1.5,0,3.5,0.5],"texture":"#0"},"west":{"uv":[1.5,0,3.5,0.5],"texture":"#0"},"up":{"uv":[6,1.5,8,3.5],"texture":"#0"}}},{"from":[2.5,0,2.5],"to":[13.5,2,13.5],"faces":{"north":{"uv":[1.125,4.5,3.875,5],"texture":"#0"},"east":{"uv":[1.125,4.5,3.875,5],"texture":"#0"},"south":{"uv":[1.125,4.5,3.875,5],"texture":"#0"},"west":{"uv":[1.125,4.5,3.875,5],"texture":"#0"},"down":{"uv":[4.375,4.25,4.125,4.5],"texture":"#0"}}}],"display":{"thirdperson_righthand":{"rotation":[63,0,0],"scale":[0.4,0.4,0.4]},"thirdperson_lefthand":{"rotation":[63,0,0],"scale":[0.4,0.4,0.4]},"firstperson_righthand":{"rotation":[10,-14,0],"translation":[-33.25,-6.5,-12.75]},"firstperson_lefthand":{"rotation":[10,-14,0],"translation":[-33.25,-6.5,-12.75]},"ground":{"translation":[0,10.5,0]},"gui":{"rotation":[30,45,0],"translation":[0,-1,0],"scale":[0.5,0.5,0.5]},"head":{"translation":[0,-8,0],"scale":[3.74,3.74,3.74]},"fixed":{"rotation":[-90,0,0],"translation":[0,0,-30],"scale":[4,4,4]}}}