{"credit":"Made with Blockbench","textures":{"0":"custom/decorations/globe_lantern","particle":"custom/decorations/globe_lantern"},"elements":[{"from":[2,18,2],"to":[14,20,14],"rotation":{"angle":0,"axis":"y","origin":[8,-8,8]},"faces":{"north":{"uv":[0,0,6,1],"texture":"#0"},"east":{"uv":[0,0,6,1],"texture":"#0"},"south":{"uv":[0,0,6,1],"texture":"#0"},"west":{"uv":[0,0,6,1],"texture":"#0"},"up":{"uv":[10,6,16,12],"texture":"#0"},"down":{"uv":[10,6,16,12],"texture":"#0"}}},{"from":[2,6,2],"to":[14,8,14],"rotation":{"angle":0,"axis":"y","origin":[8,-8,8]},"faces":{"north":{"uv":[0,0,6,1],"texture":"#0"},"east":{"uv":[0,0,6,1],"texture":"#0"},"south":{"uv":[0,0,6,1],"texture":"#0"},"west":{"uv":[0,0,6,1],"texture":"#0"},"up":{"uv":[10,6,16,12],"texture":"#0"},"down":{"uv":[10,6,16,12],"texture":"#0"}}},{"from":[5,-13,5],"to":[11,6,11],"rotation":{"angle":0,"axis":"y","origin":[8,-8,8]},"faces":{"north":{"uv":[7,6.5,10,16],"texture":"#0"},"east":{"uv":[7,6.5,10,16],"texture":"#0"},"south":{"uv":[7,6.5,10,16],"texture":"#0"},"west":{"uv":[7,6.5,10,16],"texture":"#0"}}},{"from":[3,-16,3],"to":[13,-13,13],"rotation":{"angle":0,"axis":"y","origin":[8,-8,8]},"faces":{"north":{"uv":[1.5,12,6.5,13.5],"texture":"#0"},"east":{"uv":[1.5,12,6.5,13.5],"texture":"#0"},"south":{"uv":[1.5,12,6.5,13.5],"texture":"#0"},"west":{"uv":[1.5,12,6.5,13.5],"texture":"#0"},"up":{"uv":[1.5,7,6.5,12],"texture":"#0"},"down":{"uv":[1.5,7,6.5,12],"texture":"#0"}}},{"from":[3,8,3],"to":[13,18,13],"faces":{"north":{"uv":[0.5,1,5.5,6],"texture":"#0"},"east":{"uv":[5.5,1,10.5,6],"texture":"#0"},"south":{"uv":[0.5,1,5.5,6],"texture":"#0"},"west":{"uv":[5.5,1,10.5,6],"texture":"#0"},"up":{"uv":[0,0,5,5],"texture":"#0"},"down":{"uv":[0,0,5,5],"texture":"#0"}}},{"from":[3,20,8],"to":[13,30,8],"rotation":{"angle":-45,"axis":"y","origin":[8,8,8]},"faces":{"north":{"uv":[10.5,1,15.5,6],"texture":"#0"},"east":{"uv":[0,0,0,5],"texture":"#0"},"south":{"uv":[10.5,1,15.5,6],"texture":"#0"},"west":{"uv":[0,0,0,5],"texture":"#0"},"up":{"uv":[0,0,5,0],"texture":"#0"},"down":{"uv":[0,0,5,0],"texture":"#0"}}},{"from":[3,20,8],"to":[13,30,8],"rotation":{"angle":45,"axis":"y","origin":[8,8,8]},"faces":{"north":{"uv":[10.5,1,15.5,6],"texture":"#0"},"east":{"uv":[0,0,0,5],"texture":"#0"},"south":{"uv":[10.5,1,15.5,6],"texture":"#0"},"west":{"uv":[0,0,0,5],"texture":"#0"},"up":{"uv":[0,0,5,0],"texture":"#0"},"down":{"uv":[0,0,5,0],"texture":"#0"}}}],"display":{"thirdperson_righthand":{"rotation":[49,31,0],"translation":[0,1,1.25],"scale":[0.2,0.2,0.2]},"thirdperson_lefthand":{"rotation":[49,31,0],"translation":[0,1,1.25],"scale":[0.2,0.2,0.2]},"firstperson_righthand":{"rotation":[0,-27,0],"translation":[19.75,-8.5,-18.75]},"firstperson_lefthand":{"rotation":[0,-27,0],"translation":[19.75,-8.5,-18.75]},"ground":{"translation":[0,3.5,0],"scale":[0.2,0.2,0.2]},"gui":{"rotation":[30,45,0],"translation":[0,1,0],"scale":[0.37,0.37,0.37]},"head":{"translation":[0,30,0]},"fixed":{"rotation":[-90,0,0],"translation":[10,10,-14],"scale":[2,2,2]}},"groups":[{"name":"group","origin":[8,8,8],"children":[0,1,2,3,4,5,6]}]}