{"credit":"Made with Blockbench","texture_size":[32,32],"textures":{"0":"custom/decorations/halloween_chest","2":"custom/furniture/halloween/soul_candle_blue","particle":"custom/furniture/halloween/gothic_chandelier","2_0":"custom/furniture/halloween/gothic_chandelier"},"elements":[{"from":[-4,0,0],"to":[21,8,16],"rotation":{"angle":0,"axis":"y","origin":[4,8,8]},"faces":{"north":{"uv":[0,4,6.25,6],"texture":"#0"},"east":{"uv":[6.25,4,10.25,6],"texture":"#0"},"south":{"uv":[6.25,14,12.5,16],"texture":"#0"},"west":{"uv":[6.25,4,10.25,6],"texture":"#0"},"up":{"uv":[0,0,6.25,4],"rotation":180,"texture":"#0"},"down":{"uv":[0,6,6.25,10],"rotation":180,"texture":"#0"}}},{"from":[-4.5,7.5,-0.5],"to":[21.5,11,16.5],"rotation":{"angle":0,"axis":"x","origin":[8.5,16.15789,6.73684]},"faces":{"north":{"uv":[6.25,13.25,12.5,14],"texture":"#0"},"east":{"uv":[0,15.25,4,16],"texture":"#0"},"south":{"uv":[6.25,13.25,12.5,14],"texture":"#0"},"west":{"uv":[0,15.25,4,16],"texture":"#0"}}},{"from":[-4.5,11,-0.5],"to":[21.5,16.5,16.5],"rotation":{"angle":0,"axis":"x","origin":[8.5,16.15789,6.73684]},"faces":{"south":{"uv":[6.25,12,12.5,13.25],"texture":"#0"},"up":{"uv":[0,10,6.25,14],"rotation":180,"texture":"#0"}}},{"from":[-4,8,0],"to":[21,16,16],"rotation":{"angle":0,"axis":"x","origin":[8.5,16.15789,6.73684]},"faces":{"north":{"uv":[6.25,6,12.5,8],"texture":"#0"},"east":{"uv":[10.25,4,14.25,6],"texture":"#0"},"south":{"uv":[6.25,6,12.5,8],"texture":"#0"},"west":{"uv":[10.25,4,14.25,6],"texture":"#0"},"up":{"uv":[6.25,8,12.5,12],"rotation":180,"texture":"#0"},"down":{"uv":[6.25,0,12.5,4],"rotation":180,"texture":"#0"}}},{"name":"cube inverted","from":[21.5,11,16.5],"to":[-4.5,7.5,-0.5],"rotation":{"angle":0,"axis":"x","origin":[8.5,16.15789,6.73684]},"faces":{"north":{"uv":[6.25,14,12.5,13.25],"texture":"#0"},"east":{"uv":[0,16,4,15.25],"texture":"#0"},"south":{"uv":[6.25,14,12.5,13.25],"texture":"#0"},"west":{"uv":[0,16,4,15.25],"texture":"#0"}}},{"name":"cube inverted","from":[21.5,16.5,16.5],"to":[-4.5,11,-0.5],"rotation":{"angle":0,"axis":"x","origin":[8.5,16.15789,6.73684]},"faces":{"north":{"uv":[6.25,13.25,12.5,12],"texture":"#0"},"down":{"uv":[6.25,10,0,14],"rotation":180,"texture":"#0"}}},{"name":"cube inverted","from":[21.5,11,16.5],"to":[-4.5,7.5,-0.5],"rotation":{"angle":0,"axis":"x","origin":[-8.5,-16.15789,-6.73684]},"faces":{"north":{"uv":[6.25,14,12.5,13.25],"texture":"#0"},"east":{"uv":[0,16,4,15.25],"texture":"#0"},"south":{"uv":[6.25,14,12.5,13.25],"texture":"#0"},"west":{"uv":[0,16,4,15.25],"texture":"#0"}}},{"from":[4,7,-3],"to":[13,12,0],"rotation":{"angle":0,"axis":"x","origin":[8.5,16.15789,6.73684]},"faces":{"north":{"uv":[12.5,0,14.75,1.25],"texture":"#0"},"east":{"uv":[15.5,0,14.75,1.25],"texture":"#0"},"south":{"uv":[25,0,29.5,2.5],"texture":"#0"},"west":{"uv":[14.75,0,15.5,1.25],"texture":"#0"},"up":{"uv":[12.5,1.25,14.75,2],"rotation":180,"texture":"#0"},"down":{"uv":[12.5,2,14.75,2.25],"rotation":180,"texture":"#0"}}},{"from":[4,5,-3],"to":[13,7,-3],"rotation":{"angle":0,"axis":"x","origin":[8.5,16.15789,6.73684]},"faces":{"north":{"uv":[12.5,2.25,14.75,2.75],"texture":"#0"},"south":{"uv":[25,4.5,29.5,5.5],"texture":"#0"}}},{"from":[2.75,10.5,-0.5],"to":[14.25,16.5,-0.5],"rotation":{"angle":0,"axis":"x","origin":[8.5,16.15789,6.73684]},"faces":{"north":{"uv":[12.5,6,15.25,7.5],"texture":"#0"},"south":{"uv":[12.5,6,15.25,7.5],"texture":"#0"}}},{"from":[6.56477,20,12.90821],"to":[6.56477,28,17.90821],"rotation":{"angle":-45,"axis":"y","origin":[8.5,16.15789,6.73684]},"faces":{"east":{"uv":[5,0,0,8],"texture":"#2","tintindex":0},"west":{"uv":[5,0,0,8],"texture":"#2","tintindex":0}}},{"from":[4.06477,20,15.40821],"to":[9.06477,28,15.40821],"rotation":{"angle":-45,"axis":"y","origin":[8.5,16.15789,6.73684]},"faces":{"north":{"uv":[5,0,0,8],"texture":"#2","tintindex":0},"south":{"uv":[5,0,0,8],"texture":"#2","tintindex":0}}},{"name":"cube inverted","from":[2.4,20.4,12.9],"to":[-0.4,13.6,10.1],"rotation":{"angle":0,"axis":"y","origin":[8.5,16.15789,6.73684]},"faces":{"north":{"uv":[9.25,1.5,9.75,0],"texture":"#2_0"},"east":{"uv":[9.75,1.5,9.25,0],"texture":"#2_0"},"south":{"uv":[9.25,1.5,9.75,0],"texture":"#2_0"},"west":{"uv":[9.75,1.5,9.25,0],"texture":"#2_0"},"down":{"uv":[9.25,0,9.5,0.25],"rotation":270,"texture":"#2_0"}}},{"from":[-0.4,13.6,10.1],"to":[2.4,20.4,12.9],"rotation":{"angle":0,"axis":"y","origin":[8.5,16.15789,6.73684]},"faces":{"north":{"uv":[9.25,0,9.75,1.5],"texture":"#2_0"},"east":{"uv":[9.75,0,9.25,1.5],"texture":"#2_0"},"south":{"uv":[9.25,0,9.75,1.5],"texture":"#2_0"},"west":{"uv":[9.75,0,9.25,1.5],"texture":"#2_0"},"up":{"uv":[9.5,0,9.25,0.25],"rotation":90,"texture":"#2_0"}}},{"from":[0,14,10.5],"to":[2,20,12.5],"rotation":{"angle":0,"axis":"y","origin":[8.5,16.15789,6.73684]},"faces":{"north":{"uv":[8.75,0,9.25,1.5],"texture":"#2_0"},"east":{"uv":[9.25,0,8.75,1.5],"texture":"#2_0"},"south":{"uv":[8.75,0,9.25,1.5],"texture":"#2_0"},"west":{"uv":[9.25,0,8.75,1.5],"texture":"#2_0"}}},{"from":[12.92873,22,-1.94103],"to":[12.92873,30,3.05897],"rotation":{"angle":-45,"axis":"y","origin":[8.5,16.15789,6.73684]},"faces":{"east":{"uv":[5,0,0,8],"texture":"#2","tintindex":0},"west":{"uv":[5,0,0,8],"texture":"#2","tintindex":0}}},{"from":[10.42873,22,0.55897],"to":[15.42873,30,0.55897],"rotation":{"angle":-45,"axis":"y","origin":[8.5,16.15789,6.73684]},"faces":{"north":{"uv":[5,0,0,8],"texture":"#2","tintindex":0},"south":{"uv":[5,0,0,8],"texture":"#2","tintindex":0}}},{"name":"cube inverted","from":[17.4,22.4,6.9],"to":[14.6,15.6,4.1],"rotation":{"angle":0,"axis":"y","origin":[8.5,16.15789,6.73684]},"faces":{"north":{"uv":[9.25,1.5,9.75,0],"texture":"#2_0"},"east":{"uv":[9.75,1.5,9.25,0],"texture":"#2_0"},"south":{"uv":[9.25,1.5,9.75,0],"texture":"#2_0"},"west":{"uv":[9.75,1.5,9.25,0],"texture":"#2_0"},"down":{"uv":[9.25,0,9.5,0.25],"rotation":270,"texture":"#2_0"}}},{"from":[14.6,15.6,4.1],"to":[17.4,22.4,6.9],"rotation":{"angle":0,"axis":"y","origin":[8.5,16.15789,6.73684]},"faces":{"north":{"uv":[9.25,0,9.75,1.5],"texture":"#2_0"},"east":{"uv":[9.75,0,9.25,1.5],"texture":"#2_0"},"south":{"uv":[9.25,0,9.75,1.5],"texture":"#2_0"},"west":{"uv":[9.75,0,9.25,1.5],"texture":"#2_0"},"up":{"uv":[9.5,0,9.25,0.25],"rotation":90,"texture":"#2_0"}}},{"from":[15,16,4.5],"to":[17,22,6.5],"rotation":{"angle":0,"axis":"y","origin":[8.5,16.15789,6.73684]},"faces":{"north":{"uv":[8.75,0,9.25,1.5],"texture":"#2_0"},"east":{"uv":[9.25,0,8.75,1.5],"texture":"#2_0"},"south":{"uv":[8.75,0,9.25,1.5],"texture":"#2_0"},"west":{"uv":[9.25,0,8.75,1.5],"texture":"#2_0"}}},{"from":[5,4,-2],"to":[12,8,0],"rotation":{"angle":0,"axis":"x","origin":[8.5,9.15,16]},"faces":{"north":{"uv":[12.5,2.75,14.25,3.75],"texture":"#0"},"east":{"uv":[15.25,1.25,14.75,2.25],"texture":"#0"},"west":{"uv":[14.75,1.25,15.25,2.25],"texture":"#0"},"up":{"uv":[12.5,2.75,14.25,3],"texture":"#0"},"down":{"uv":[12.5,3.25,14.25,3.75],"texture":"#0"}}},{"from":[5,8,-2],"to":[12,10,-2],"faces":{"north":{"uv":[14.25,2.75,16,3.25],"texture":"#0"},"south":{"uv":[12.5,2.75,14.25,3],"texture":"#0"}}}],"display":{"thirdperson_righthand":{"rotation":[65,-12,0],"scale":[0.54,0.54,0.54]},"thirdperson_lefthand":{"rotation":[65,-12,0],"scale":[0.54,0.54,0.54]},"firstperson_righthand":{"translation":[10.25,0,-5.75]},"firstperson_lefthand":{"translation":[10.25,0,-5.75]},"ground":{"translation":[0,6.5,0],"scale":[0.42,0.42,0.42]},"gui":{"rotation":[30,0,0],"translation":[0,-1.5,0],"scale":[0.54,0.54,0.54]},"head":{"translation":[-0.75,8,-11.25],"scale":[1.61,1.61,1.61]},"fixed":{"rotation":[90,0,0],"translation":[0,0,-18],"scale":[4,4,4]}},"groups":[{"name":"group","origin":[0,0,0],"color":0,"children":[0]},{"name":"summer_chest_lid","origin":[8,8,8],"color":0,"children":[{"name":"patrick_chest_lid","origin":[8,8,8],"color":0,"children":[{"name":"group","origin":[14,13,6],"color":0,"children":[1,2,3,{"name":"group","origin":[14,13,6],"color":0,"children":[]},4,5,6]},{"name":"group","origin":[16.5,19.5,8],"color":0,"children":[]},{"name":"group","origin":[1.5,17.5,8],"color":0,"children":[]}]},7,8,9,{"name":"group","origin":[0,0,0],"color":0,"children":[10,11,12,13,14]},{"name":"group","origin":[0,0,0],"color":0,"children":[15,16,17,18,19]}]},20,21]}