{"credit":"Made with Blockbench","texture_size":[64,64],"textures":{"0":"custom/decorations/halloween_chest"},"elements":[{"from":[-4,0,0],"to":[21,8,16],"rotation":{"angle":0,"axis":"y","origin":[4,8,8]},"faces":{"north":{"uv":[0,4,6.25,6],"texture":"#0"},"east":{"uv":[6.25,4,10.25,6],"texture":"#0"},"south":{"uv":[6.25,14,12.5,16],"texture":"#0"},"west":{"uv":[6.25,4,10.25,6],"texture":"#0"},"up":{"uv":[0,0,6.25,4],"rotation":180,"texture":"#0"},"down":{"uv":[0,6,6.25,10],"rotation":180,"texture":"#0"}}},{"from":[5,4,-2],"to":[12,8,0],"rotation":{"angle":0,"axis":"x","origin":[8.5,9.15,16]},"faces":{"north":{"uv":[12.5,2.75,14.25,3.75],"texture":"#0"},"east":{"uv":[15.25,1.25,14.75,2.25],"texture":"#0"},"west":{"uv":[14.75,1.25,15.25,2.25],"texture":"#0"},"up":{"uv":[12.5,3.25,14.25,3.5],"texture":"#0"},"down":{"uv":[12.5,3.25,14.25,3.75],"texture":"#0"}}},{"from":[5,8,-2],"to":[12,10,-2],"faces":{"north":{"uv":[14.25,2.75,16,3.25],"texture":"#0"},"south":{"uv":[14.25,2.75,16,3.25],"texture":"#0"}}}],"display":{"thirdperson_righthand":{"rotation":[90,0,0],"translation":[-6.5,5,12]},"thirdperson_lefthand":{"rotation":[90,0,0],"translation":[-5.5,5,12]},"firstperson_righthand":{"translation":[10.25,0,-5.75]},"firstperson_lefthand":{"translation":[10.25,0,-5.75]},"ground":{"translation":[0,6.5,0],"scale":[0.42,0.42,0.42]},"gui":{"rotation":[30,0,0],"translation":[0,-1.5,0],"scale":[0.54,0.54,0.54]},"head":{"translation":[-0.75,8,-11.25],"scale":[1.61,1.61,1.61]},"fixed":{"rotation":[90,0,0],"translation":[0,0,-18],"scale":[4,4,4]}},"groups":[{"name":"group","origin":[0,0,0],"color":0,"children":[0]},1,2]}