{"credit":"Made with Blockbench","texture_size":[64,64],"textures":{"0":"custom/decorations/halloween_chest","2":"custom/furniture/halloween/soul_candle_blue","particle":"custom/furniture/halloween/gothic_chandelier","2_0":"custom/furniture/halloween/gothic_chandelier"},"elements":[{"from":[-4.5,-0.5,-0.5],"to":[21.5,3,16.5],"rotation":{"angle":0,"axis":"x","origin":[8.5,8.15789,6.73684]},"faces":{"north":{"uv":[6.25,13.25,12.5,14],"texture":"#0"},"east":{"uv":[0,15.25,4,16],"texture":"#0"},"south":{"uv":[6.25,13.25,12.5,14],"texture":"#0"},"west":{"uv":[0,15.25,4,16],"texture":"#0"}}},{"from":[-4.5,3,-0.5],"to":[21.5,8.5,16.5],"rotation":{"angle":0,"axis":"x","origin":[8.5,8.15789,6.73684]},"faces":{"south":{"uv":[6.25,12,12.5,13.25],"texture":"#0"},"up":{"uv":[0,10,6.25,14],"rotation":180,"texture":"#0"}}},{"from":[-4,0,0],"to":[21,8,16],"rotation":{"angle":0,"axis":"x","origin":[8.5,8.15789,6.73684]},"faces":{"north":{"uv":[6.25,6,12.5,8],"texture":"#0"},"east":{"uv":[10.25,4,14.25,6],"texture":"#0"},"south":{"uv":[6.25,6,12.5,8],"texture":"#0"},"west":{"uv":[10.25,4,14.25,6],"texture":"#0"},"up":{"uv":[6.25,8,12.5,12],"texture":"#0"},"down":{"uv":[6.25,0,12.5,4],"texture":"#0"}}},{"name":"cube inverted","from":[21.5,3,16.5],"to":[-4.5,-0.5,-0.5],"rotation":{"angle":0,"axis":"x","origin":[-8.5,-8.15789,-6.73684]},"faces":{"north":{"uv":[6.25,14,12.5,13.25],"texture":"#0"},"east":{"uv":[0,16,4,15.25],"texture":"#0"},"south":{"uv":[6.25,14,12.5,13.25],"texture":"#0"},"west":{"uv":[0,16,4,15.25],"texture":"#0"}}},{"name":"cube inverted","from":[21.5,8.5,16.5],"to":[-4.5,3,-0.5],"rotation":{"angle":0,"axis":"x","origin":[-8.5,-8.15789,-6.73684]},"faces":{"north":{"uv":[6.25,13.25,12.5,12],"texture":"#0"},"down":{"uv":[6.25,10,0,14],"rotation":180,"texture":"#0"}}},{"from":[4,-1,-3],"to":[13,4,0],"rotation":{"angle":0,"axis":"x","origin":[8.5,8.15789,6.73684]},"faces":{"north":{"uv":[12.5,0,14.75,1.25],"texture":"#0"},"east":{"uv":[15.5,0,14.75,1.25],"texture":"#0"},"south":{"uv":[12.5,0,14.75,1.25],"texture":"#0"},"west":{"uv":[14.75,0,15.5,1.25],"texture":"#0"},"up":{"uv":[12.5,1.25,14.75,2],"rotation":180,"texture":"#0"},"down":{"uv":[12.5,2,14.75,2.25],"rotation":180,"texture":"#0"}}},{"from":[4,-3,-3],"to":[13,-1,-3],"rotation":{"angle":0,"axis":"x","origin":[8.5,8.15789,6.73684]},"faces":{"north":{"uv":[12.5,2.25,14.75,2.75],"rotation":180,"texture":"#0"},"south":{"uv":[12.5,2.25,14.75,2.75],"rotation":180,"texture":"#0"}}},{"from":[2.75,2.5,-0.5],"to":[14.25,8.5,-0.5],"rotation":{"angle":0,"axis":"x","origin":[8.5,8.15789,6.73684]},"faces":{"north":{"uv":[12.5,6,15.25,7.5],"texture":"#0"},"south":{"uv":[12.5,6,15.25,7.5],"texture":"#0"}}},{"from":[12.92873,14,-1.94103],"to":[12.92873,22,3.05897],"rotation":{"angle":-45,"axis":"y","origin":[8.5,8.15789,6.73684]},"faces":{"east":{"uv":[5,0,0,8],"texture":"#2","tintindex":0},"west":{"uv":[5,0,0,8],"texture":"#2","tintindex":0}}},{"from":[10.42873,14,0.55897],"to":[15.42873,22,0.55897],"rotation":{"angle":-45,"axis":"y","origin":[8.5,8.15789,6.73684]},"faces":{"north":{"uv":[5,0,0,8],"texture":"#2","tintindex":0},"south":{"uv":[5,0,0,8],"texture":"#2","tintindex":0}}},{"from":[14.6,7.6,4.1],"to":[17.4,14.4,6.9],"rotation":{"angle":0,"axis":"y","origin":[8.5,8.15789,6.73684]},"faces":{"north":{"uv":[9.75,0,9.25,1.5],"texture":"#2_0"},"east":{"uv":[9.25,0,9.75,1.5],"texture":"#2_0"},"south":{"uv":[9.75,0,9.25,1.5],"texture":"#2_0"},"west":{"uv":[9.25,0,9.75,1.5],"texture":"#2_0"},"up":{"uv":[9.25,0,9.5,0.25],"texture":"#2_0"}}},{"from":[15,8,4.5],"to":[17,14,6.5],"rotation":{"angle":0,"axis":"y","origin":[8.5,8.15789,6.73684]},"faces":{"north":{"uv":[9.25,0,8.75,1.5],"texture":"#2_0"},"east":{"uv":[8.75,0,9.25,1.5],"texture":"#2_0"},"south":{"uv":[9.25,0,8.75,1.5],"texture":"#2_0"},"west":{"uv":[8.75,0,9.25,1.5],"texture":"#2_0"},"up":{"uv":[8.75,0,9.25,0.25],"texture":"#2_0"},"down":{"uv":[8.75,0,9.25,0.25],"texture":"#2_0"}}},{"name":"cube inverted","from":[17.4,14.4,6.9],"to":[14.6,7.6,4.1],"rotation":{"angle":0,"axis":"y","origin":[-8.5,-8.15789,-6.73684]},"faces":{"north":{"uv":[9.75,1.5,9.25,0],"texture":"#2_0"},"east":{"uv":[9.25,1.5,9.75,0],"texture":"#2_0"},"south":{"uv":[9.75,1.5,9.25,0],"texture":"#2_0"},"west":{"uv":[9.25,1.5,9.75,0],"texture":"#2_0"},"down":{"uv":[9.5,0,9.25,0.25],"texture":"#2_0"}}},{"from":[-2.07127,12,4.05897],"to":[-2.07127,20,9.05897],"rotation":{"angle":-45,"axis":"y","origin":[-6.5,6.15789,12.73684]},"faces":{"east":{"uv":[5,0,0,8],"texture":"#2","tintindex":0},"west":{"uv":[5,0,0,8],"texture":"#2","tintindex":0}}},{"from":[-4.57127,12,6.55897],"to":[0.42873,20,6.55897],"rotation":{"angle":-45,"axis":"y","origin":[-6.5,6.15789,12.73684]},"faces":{"north":{"uv":[5,0,0,8],"texture":"#2","tintindex":0},"south":{"uv":[5,0,0,8],"texture":"#2","tintindex":0}}},{"from":[-0.4,5.6,10.1],"to":[2.4,12.4,12.9],"rotation":{"angle":0,"axis":"y","origin":[-6.5,6.15789,12.73684]},"faces":{"north":{"uv":[9.75,0,9.25,1.5],"texture":"#2_0"},"east":{"uv":[9.25,0,9.75,1.5],"texture":"#2_0"},"south":{"uv":[9.75,0,9.25,1.5],"texture":"#2_0"},"west":{"uv":[9.25,0,9.75,1.5],"texture":"#2_0"},"up":{"uv":[9.25,0,9.5,0.25],"texture":"#2_0"}}},{"from":[0,6,10.5],"to":[2,12,12.5],"rotation":{"angle":0,"axis":"y","origin":[-6.5,6.15789,12.73684]},"faces":{"north":{"uv":[9.25,0,8.75,1.5],"texture":"#2_0"},"east":{"uv":[8.75,0,9.25,1.5],"texture":"#2_0"},"south":{"uv":[9.25,0,8.75,1.5],"texture":"#2_0"},"west":{"uv":[8.75,0,9.25,1.5],"texture":"#2_0"},"up":{"uv":[8.75,0,9.25,0.25],"texture":"#2_0"},"down":{"uv":[8.75,0,9.25,0.25],"texture":"#2_0"}}},{"name":"cube inverted","from":[2.4,12.4,12.9],"to":[-0.4,5.6,10.1],"rotation":{"angle":0,"axis":"y","origin":[-23.5,-10.15789,-0.73684]},"faces":{"north":{"uv":[9.75,1.5,9.25,0],"texture":"#2_0"},"east":{"uv":[9.25,1.5,9.75,0],"texture":"#2_0"},"south":{"uv":[9.75,1.5,9.25,0],"texture":"#2_0"},"west":{"uv":[9.25,1.5,9.75,0],"texture":"#2_0"},"down":{"uv":[9.5,0,9.25,0.25],"texture":"#2_0"}}}],"display":{"thirdperson_righthand":{"rotation":[90,0,0],"translation":[-6.5,5,12]},"thirdperson_lefthand":{"rotation":[90,0,0],"translation":[-5.5,5,12]},"firstperson_righthand":{"rotation":[0,110,0],"translation":[9,5.5,-6.25]},"firstperson_lefthand":{"rotation":[0,110,0],"translation":[9,5.5,-6.25]},"ground":{"translation":[0,2.25,0],"scale":[0.4,0.4,0.4]},"gui":{"rotation":[30,135,0],"translation":[-0.25,0,0],"scale":[0.7,0.7,0.7]},"head":{"translation":[-0.75,8,-11.25],"scale":[1.61,1.61,1.61]},"fixed":{"rotation":[-90,0,0],"translation":[0,0,-16],"scale":[2,2,2]}},"groups":[{"name":"summer_chest_lid","origin":[8,8,8],"color":0,"children":[{"name":"patrick_chest_lid","origin":[8,8,8],"color":0,"children":[{"name":"group","origin":[14,13,6],"color":0,"children":[0,1,2,{"name":"group","origin":[14,13,6],"color":0,"children":[]},3,4]},{"name":"group","origin":[16.5,19.5,8],"color":0,"children":[]},{"name":"group","origin":[1.5,17.5,8],"color":0,"children":[]}]},5,6,7,{"name":"group","origin":[0,0,0],"color":0,"children":[8,9,10,11,12]},{"name":"group","origin":[0,0,0],"color":0,"children":[13,14,15,16,17]}]}]}