{"credit":"Made with Blockbench","textures":{"0":"custom/decorations/hanger_shirt","particle":"custom/decorations/hanger_shirt"},"elements":[{"from":[12,8,7],"to":[16,12,9],"rotation":{"angle":0,"axis":"y","origin":[12,8,15]},"faces":{"north":{"uv":[10,4,12,6],"texture":"#0","tintindex":1},"east":{"uv":[12,4,11,6],"texture":"#0","tintindex":1},"south":{"uv":[12,4,10,6],"texture":"#0","tintindex":1},"west":{"uv":[0,0,1,2],"texture":"#0","tintindex":1},"up":{"uv":[10,2,12,3],"texture":"#0","tintindex":1}}},{"from":[16,12,9],"to":[12,8,7],"rotation":{"angle":0,"axis":"y","origin":[12,8,15]},"faces":{"north":{"uv":[10,4,12,6],"rotation":180,"texture":"#0","tintindex":1},"south":{"uv":[12,4,10,6],"rotation":180,"texture":"#0","tintindex":1},"west":{"uv":[12,4,11,6],"rotation":180,"texture":"#0","tintindex":1},"down":{"uv":[10,2,12,3],"rotation":180,"texture":"#0","tintindex":1}}},{"from":[4,12,9],"to":[0,8,7],"rotation":{"angle":0,"axis":"y","origin":[12,8,15]},"faces":{"north":{"uv":[12,4,10,6],"rotation":180,"texture":"#0","tintindex":1},"east":{"uv":[12,4,11,6],"rotation":180,"texture":"#0","tintindex":1},"south":{"uv":[10,4,12,6],"rotation":180,"texture":"#0","tintindex":1},"down":{"uv":[10,2,12,3],"rotation":180,"texture":"#0","tintindex":1}}},{"from":[4,0,7],"to":[12,12,9],"rotation":{"angle":0,"axis":"y","origin":[12,8,15]},"faces":{"north":{"uv":[0,2,4,8],"texture":"#0","tintindex":1},"east":{"uv":[5,2,4,8],"texture":"#0","tintindex":1},"south":{"uv":[6,2,10,8],"texture":"#0","tintindex":1},"west":{"uv":[4,2,5,8],"texture":"#0","tintindex":1},"up":{"uv":[0,1,4,2],"texture":"#0","tintindex":1}}},{"from":[12,12,9],"to":[4,0,7],"rotation":{"angle":0,"axis":"y","origin":[12,8,15]},"faces":{"north":{"uv":[0,2,4,8],"rotation":180,"texture":"#0","tintindex":1},"east":{"uv":[5,2,4,8],"rotation":180,"texture":"#0","tintindex":1},"south":{"uv":[6,2,10,8],"rotation":180,"texture":"#0","tintindex":1},"west":{"uv":[4,2,5,8],"rotation":180,"texture":"#0","tintindex":1},"up":{"uv":[0,1,4,2],"texture":"#0","tintindex":1}}},{"from":[0,8,7],"to":[4,12,9],"rotation":{"angle":0,"axis":"y","origin":[12,8,15]},"faces":{"north":{"uv":[12,4,10,6],"texture":"#0","tintindex":1},"east":{"uv":[0,0,1,2],"texture":"#0","tintindex":1},"south":{"uv":[10,4,12,6],"texture":"#0","tintindex":1},"west":{"uv":[11,4,12,6],"texture":"#0","tintindex":1},"up":{"uv":[12,2,10,3],"texture":"#0","tintindex":1}}},{"from":[2.5,10,8],"to":[13.5,17,8],"faces":{"north":{"uv":[0,8,5.5,11.5],"texture":"#0"},"south":{"uv":[5.5,8,0,11.5],"texture":"#0"}}}],"display":{"thirdperson_righthand":{"rotation":[50,39,0],"translation":[0,1,0],"scale":[0.4,0.4,0.4]},"thirdperson_lefthand":{"rotation":[50,39,0],"translation":[0,1,0],"scale":[0.4,0.4,0.4]},"firstperson_righthand":{"rotation":[0,128,0],"translation":[7.5,-1.25,-4]},"firstperson_lefthand":{"rotation":[0,128,0],"translation":[7.75,-1.25,-4]},"ground":{"translation":[0,3.75,0],"scale":[0.4,0.4,0.4]},"gui":{"rotation":[30,145,0],"scale":[0.9,0.9,0.9]},"head":{"rotation":[8,0,0],"translation":[0,-11.75,-4],"scale":[1.61,1.6,1.6]},"fixed":{"rotation":[90,180,0],"translation":[0,2.25,-20],"scale":[2.25,2.25,2.25]}},"groups":[{"name":"group","origin":[8,8,8],"color":0,"children":[0,1,2,3,4,5]},6]}