{"credit":"Made with Blockbench","textures":{"0":"custom/decorations/hanger_coat","particle":"custom/decorations/hanger_coat"},"elements":[{"from":[5,0,15],"to":[11,7,16],"faces":{"north":{"uv":[8,0,11,3.5],"texture":"#0"},"east":{"uv":[8,0,8.5,3.5],"texture":"#0"},"south":{"uv":[8,0,11,3.5],"texture":"#0"},"west":{"uv":[8,0,8.5,3.5],"texture":"#0"},"up":{"uv":[8,0,11,0.5],"texture":"#0"},"down":{"uv":[8,3,11,3.5],"texture":"#0"}}},{"from":[7.5,1.48867,7.48867],"to":[8.5,2.48867,14.48867],"rotation":{"angle":22.5,"axis":"x","origin":[8.0192,0.48867,15]},"faces":{"north":{"uv":[7.5,0,8,0.5],"rotation":180,"texture":"#0"},"east":{"uv":[7.5,0,8,3.5],"rotation":90,"texture":"#0"},"south":{"uv":[7.5,3,8,3.5],"texture":"#0"},"west":{"uv":[7.5,0,8,3.5],"rotation":270,"texture":"#0"},"up":{"uv":[7.5,0,8,3.5],"texture":"#0"},"down":{"uv":[7.5,0,8,3.5],"rotation":180,"texture":"#0"}}},{"from":[5.5,-10,7],"to":[10.5,6,12],"faces":{"north":{"uv":[0,0,2.5,8],"texture":"#0","tintindex":1},"east":{"uv":[0,0,2.5,8],"texture":"#0","tintindex":1},"south":{"uv":[11,0,13.5,8],"texture":"#0","tintindex":1},"west":{"uv":[0,0,2.5,8],"texture":"#0","tintindex":1},"up":{"uv":[2.5,8,5,10.5],"rotation":180,"texture":"#0","tintindex":1},"down":{"uv":[0,8,2.5,10.5],"rotation":180,"texture":"#0","tintindex":1}}},{"from":[10.5,6,12],"to":[5.5,-10,7],"faces":{"north":{"uv":[11,0,13.5,8],"rotation":180,"texture":"#0","tintindex":1},"east":{"uv":[0,0,2.5,8],"rotation":180,"texture":"#0","tintindex":1},"south":{"uv":[0,0,2.5,8],"rotation":180,"texture":"#0","tintindex":1},"west":{"uv":[0,0,2.5,8],"rotation":180,"texture":"#0","tintindex":1},"up":{"uv":[0,8,2.5,10.5],"rotation":180,"texture":"#0","tintindex":1},"down":{"uv":[2.5,8,5,10.5],"rotation":180,"texture":"#0","tintindex":1}}},{"from":[3.5,-9,8],"to":[5.5,5,12],"faces":{"north":{"uv":[2.5,0,3.5,7],"texture":"#0","tintindex":1},"east":{"uv":[3.5,0,5.5,7],"texture":"#0","tintindex":1},"south":{"uv":[3.5,0,2.5,7],"texture":"#0","tintindex":1},"west":{"uv":[3.5,0,5.5,7],"texture":"#0","tintindex":1},"up":{"uv":[5.5,0,6.5,2],"rotation":180,"texture":"#0","tintindex":1},"down":{"uv":[5.5,2,6.5,4],"rotation":180,"texture":"#0","tintindex":1}}},{"from":[10.5,-9,8],"to":[12.5,5,12],"faces":{"north":{"uv":[3.5,0,2.5,7],"texture":"#0","tintindex":1},"east":{"uv":[3.5,0,5.5,7],"texture":"#0","tintindex":1},"south":{"uv":[2.5,0,3.5,7],"texture":"#0","tintindex":1},"west":{"uv":[3.5,0,5.5,7],"texture":"#0","tintindex":1},"up":{"uv":[5.5,0,6.5,2],"texture":"#0","tintindex":1},"down":{"uv":[5.5,2,6.5,4],"texture":"#0","tintindex":1}}},{"from":[12.5,5,12],"to":[10.5,-9,8],"faces":{"north":{"uv":[3.5,0,2.5,7],"rotation":180,"texture":"#0","tintindex":1},"east":{"uv":[3.5,0,5.5,7],"rotation":180,"texture":"#0","tintindex":1},"south":{"uv":[3.5,0,2.5,7],"rotation":180,"texture":"#0","tintindex":1},"west":{"uv":[3.5,0,5.5,7],"rotation":180,"texture":"#0","tintindex":1},"up":{"uv":[5.5,2,6.5,4],"rotation":180,"texture":"#0","tintindex":1},"down":{"uv":[5.5,0,6.5,2],"rotation":180,"texture":"#0","tintindex":1}}},{"from":[5.5,5,12],"to":[3.5,-9,8],"faces":{"north":{"uv":[3.5,0,2.5,7],"rotation":180,"texture":"#0","tintindex":1},"east":{"uv":[3.5,0,5.5,7],"rotation":180,"texture":"#0","tintindex":1},"south":{"uv":[3.5,0,2.5,7],"rotation":180,"texture":"#0","tintindex":1},"west":{"uv":[3.5,0,5.5,7],"rotation":180,"texture":"#0","tintindex":1},"up":{"uv":[5.5,2,6.5,4],"texture":"#0","tintindex":1},"down":{"uv":[5.5,0,6.5,2],"rotation":180,"texture":"#0","tintindex":1}}}],"display":{"thirdperson_righthand":{"rotation":[47,50,0],"translation":[-1.5,3.75,1.25],"scale":[0.4,0.4,0.4]},"thirdperson_lefthand":{"rotation":[47,50,0],"translation":[-1.5,3.75,1.25],"scale":[0.4,0.4,0.4]},"firstperson_righthand":{"rotation":[0,112,0],"translation":[5.75,6.5,-6]},"firstperson_lefthand":{"rotation":[0,112,0],"translation":[5.75,6.5,-6]},"ground":{"translation":[0,6,-0.75],"scale":[0.4,0.4,0.4]},"gui":{"rotation":[30,135,0],"translation":[-1.75,5.5,0],"scale":[0.8,0.8,0.8]},"head":{"rotation":[0,180,0],"translation":[0,6.5,19],"scale":[1.6,1.6,1.6]},"fixed":{"translation":[0,5.5,-16],"scale":[2,2,2]}}}