{"credit":"Made with Blockbench","textures":{"1":"custom/decorations/hanger_pants"},"elements":[{"from":[4,-2,7],"to":[12,12,9],"rotation":{"angle":0,"axis":"y","origin":[12,8,15]},"faces":{"north":{"uv":[0,1,4,8],"texture":"#1","tintindex":1},"east":{"uv":[4,1,5,8],"texture":"#1","tintindex":1},"south":{"uv":[0,1,4,8],"texture":"#1","tintindex":1},"west":{"uv":[4,1,5,8],"texture":"#1","tintindex":1},"down":{"uv":[0,0,4,1],"texture":"#1","tintindex":1}}},{"from":[12,12,9],"to":[4,-2,7],"rotation":{"angle":0,"axis":"y","origin":[12,8,15]},"faces":{"north":{"uv":[0,1,4,8],"rotation":180,"texture":"#1","tintindex":1},"east":{"uv":[4,1,5,8],"rotation":180,"texture":"#1","tintindex":1},"south":{"uv":[0,1,4,8],"rotation":180,"texture":"#1","tintindex":1},"west":{"uv":[4,1,5,8],"rotation":180,"texture":"#1","tintindex":1},"up":{"uv":[0,0,4,1],"texture":"#1","tintindex":1}}},{"from":[2.5,10,8],"to":[13.5,17,8],"faces":{"north":{"uv":[0,8,5.5,11.5],"texture":"#1"},"south":{"uv":[5.5,8,0,11.5],"texture":"#1"}}}],"display":{"thirdperson_righthand":{"rotation":[50,39,0],"translation":[0,1,0],"scale":[0.4,0.4,0.4]},"thirdperson_lefthand":{"rotation":[50,39,0],"translation":[0,1,0],"scale":[0.4,0.4,0.4]},"firstperson_righthand":{"rotation":[0,128,0],"translation":[7.5,-1.25,-4]},"firstperson_lefthand":{"rotation":[0,128,0],"translation":[7.75,-1.25,-4]},"ground":{"translation":[0,3.75,0],"scale":[0.4,0.4,0.4]},"gui":{"rotation":[30,145,0],"translation":[0,0.5,0],"scale":[0.8,0.8,0.8]},"head":{"rotation":[8,0,0],"translation":[0,-11.75,-4],"scale":[1.61,1.6,1.6]},"fixed":{"rotation":[90,180,0],"translation":[0,2.25,-20],"scale":[2.25,2.25,2.25]}},"groups":[{"name":"group","origin":[8,8,8],"color":0,"children":[0,1]},2]}