{"credit":"Made with Blockbench","texture_size":[64,64],"textures":{"0":"custom/decorations/jackos_farm_sign","particle":"custom/decorations/jackos_farm_sign"},"elements":[{"from":[-5,0,14],"to":[21,30,15],"rotation":{"angle":-22.5,"axis":"x","origin":[8,14.375,14.125]},"faces":{"north":{"uv":[0,7.5,6.5,15],"texture":"#0"},"east":{"uv":[0,0,0.25,7.5],"texture":"#0"},"south":{"uv":[0,7.5,6.5,15],"texture":"#0"},"west":{"uv":[0,0,0.25,7.5],"texture":"#0"},"up":{"uv":[0,0,6.5,0.25],"texture":"#0"},"down":{"uv":[0,7.25,6.5,7.5],"texture":"#0"}}},{"from":[-7,-2,13],"to":[-5,30,15],"rotation":{"angle":-22.5,"axis":"x","origin":[8,14.375,14.125]},"faces":{"north":{"uv":[6.5,0,7,8],"texture":"#0"},"east":{"uv":[6.5,0,7,8],"texture":"#0"},"south":{"uv":[6.5,0,7,8],"texture":"#0"},"west":{"uv":[6.5,0,7,8],"texture":"#0"},"up":{"uv":[6.5,0,7,0.5],"texture":"#0"},"down":{"uv":[6.5,7.75,6.75,8],"texture":"#0"}}},{"from":[21,-2,13],"to":[23,30,15],"rotation":{"angle":-22.5,"axis":"x","origin":[8,14.375,14.125]},"faces":{"north":{"uv":[6.5,0,7,8],"texture":"#0"},"east":{"uv":[6.5,0,7,8],"texture":"#0"},"south":{"uv":[6.5,0,7,8],"texture":"#0"},"west":{"uv":[6.5,0,7,8],"texture":"#0"},"up":{"uv":[6.5,0,7,0.5],"texture":"#0"},"down":{"uv":[6.5,7.75,6.75,8],"texture":"#0"}}},{"from":[-7.2,-1.2,12.8],"to":[23.2,30.2,15.2],"rotation":{"angle":-22.5,"axis":"x","origin":[8,14.375,14.125]},"faces":{"north":{"uv":[15.75,0,8.25,7.75],"texture":"#0"},"east":{"uv":[7,0,7.5,7.5],"texture":"#0"},"south":{"uv":[8.25,0,15.75,7.75],"texture":"#0"},"west":{"uv":[7.5,0,8,7.5],"texture":"#0"}}},{"from":[-5,0,1],"to":[21,30,2],"rotation":{"angle":22.5,"axis":"x","origin":[8,14.375,1.125]},"faces":{"north":{"uv":[0,0,6.5,7.5],"texture":"#0"},"east":{"uv":[0,0,0.25,7.5],"texture":"#0"},"south":{"uv":[0,7.5,6.5,15],"texture":"#0"},"west":{"uv":[0,0,0.25,7.5],"texture":"#0"},"up":{"uv":[0,0,6.5,0.25],"texture":"#0"},"down":{"uv":[0,7.25,6.5,7.5],"texture":"#0"}}},{"from":[-7,-2,0],"to":[-5,30,2],"rotation":{"angle":22.5,"axis":"x","origin":[8,14.375,1.125]},"faces":{"north":{"uv":[6.5,0,7,8],"texture":"#0"},"east":{"uv":[6.5,0,7,8],"texture":"#0"},"south":{"uv":[6.5,0,7,8],"texture":"#0"},"west":{"uv":[6.5,0,7,8],"texture":"#0"},"up":{"uv":[6.5,0,7,0.5],"texture":"#0"},"down":{"uv":[6.5,7.75,6.75,8],"texture":"#0"}}},{"from":[21,-2,0],"to":[23,30,2],"rotation":{"angle":22.5,"axis":"x","origin":[8,14.375,1.125]},"faces":{"north":{"uv":[6.5,0,7,8],"texture":"#0"},"east":{"uv":[6.5,0,7,8],"texture":"#0"},"south":{"uv":[6.5,0,7,8],"texture":"#0"},"west":{"uv":[6.5,0,7,8],"texture":"#0"},"up":{"uv":[6.5,0,7,0.5],"texture":"#0"},"down":{"uv":[6.5,7.75,6.75,8],"texture":"#0"}}},{"from":[-7.2,-1.2,-0.2],"to":[23.2,30.2,2.2],"rotation":{"angle":22.5,"axis":"x","origin":[8,14.375,1.125]},"faces":{"north":{"uv":[8.25,0,15.75,7.75],"texture":"#0"},"east":{"uv":[7.5,0,8,7.5],"texture":"#0"},"south":{"uv":[15.75,0,8.25,7.75],"texture":"#0"},"west":{"uv":[7,0,7.5,7.5],"texture":"#0"}}},{"from":[-16,0,0],"to":[-6,10,10],"rotation":{"angle":-22.5,"axis":"y","origin":[-8,8,8]},"faces":{"north":{"uv":[13.5,13.5,16,16],"texture":"#0"},"east":{"uv":[9.5,13.5,12,16],"texture":"#0"},"south":{"uv":[13.5,13.5,16,16],"texture":"#0"},"west":{"uv":[13.5,13.5,16,16],"texture":"#0"},"up":{"uv":[13.5,11,16,13.5],"texture":"#0"},"down":{"uv":[13.5,11,16,13.5],"texture":"#0"}}},{"from":[20,0,4],"to":[30,10,14],"rotation":{"angle":-22.5,"axis":"y","origin":[22,8,6]},"faces":{"north":{"uv":[13.5,13.5,16,16],"texture":"#0"},"east":{"uv":[13.5,13.5,16,16],"texture":"#0"},"south":{"uv":[13.5,13.5,16,16],"texture":"#0"},"west":{"uv":[9.5,13.5,12,16],"texture":"#0"},"up":{"uv":[13.5,11,16,13.5],"rotation":180,"texture":"#0"},"down":{"uv":[13.5,11,16,13.5],"rotation":180,"texture":"#0"}}},{"from":[-9,10,-2],"to":[-7,12,5],"rotation":{"angle":0,"axis":"x","origin":[-1,18,-3]},"faces":{"north":{"uv":[12,13.75,12.5,14.25],"rotation":180,"texture":"#0"},"east":{"uv":[12.5,14.25,12,16],"rotation":90,"texture":"#0"},"south":{"uv":[12,15.5,12.5,16],"texture":"#0"},"west":{"uv":[12.5,14.25,12,16],"rotation":270,"texture":"#0"},"up":{"uv":[12,14.25,12.5,16],"texture":"#0"},"down":{"uv":[12,14.25,12.5,16],"rotation":180,"texture":"#0"}}},{"from":[-13.73223,11.86827,1],"to":[-6.73223,13.86827,3],"rotation":{"angle":45,"axis":"z","origin":[-10.23223,12.86827,2]},"faces":{"north":{"uv":[12,14.25,12.5,16],"rotation":270,"texture":"#0"},"east":{"uv":[12,13.75,12.5,14.25],"rotation":270,"texture":"#0"},"south":{"uv":[12,14.25,12.5,16],"rotation":90,"texture":"#0"},"west":{"uv":[12,15.5,12.5,16],"rotation":270,"texture":"#0"},"up":{"uv":[12.5,14.25,12,16],"rotation":90,"texture":"#0"},"down":{"uv":[12.5,14.25,12,16],"rotation":90,"texture":"#0"}}},{"from":[-15.41421,0,-8.07107],"to":[-11.41421,4,-0.07107],"rotation":{"angle":-45,"axis":"y","origin":[-13.41421,2,-4.07107]},"faces":{"north":{"uv":[12.5,13,13.5,14],"rotation":270,"texture":"#0"},"east":{"uv":[12.5,14,13.5,16],"rotation":270,"texture":"#0"},"south":{"uv":[12.5,12,13.5,13],"rotation":270,"texture":"#0"},"west":{"uv":[12.5,14,13.5,16],"rotation":90,"texture":"#0"},"up":{"uv":[12.5,14,13.5,16],"rotation":180,"texture":"#0"},"down":{"uv":[12.5,14,13.5,16],"texture":"#0"}}},{"from":[23.58579,0,-4.07107],"to":[27.58579,8,-0.07107],"rotation":{"angle":22.5,"axis":"z","origin":[25.58579,4,-2.07107]},"faces":{"north":{"uv":[12.5,14,13.5,16],"texture":"#0"},"east":{"uv":[12.5,14,13.5,16],"texture":"#0"},"south":{"uv":[12.5,14,13.5,16],"texture":"#0"},"west":{"uv":[12.5,14,13.5,16],"texture":"#0"},"up":{"uv":[12.5,12,13.5,13],"rotation":270,"texture":"#0"},"down":{"uv":[12.5,13,13.5,14],"rotation":90,"texture":"#0"}}},{"from":[-13.41421,0,13.92893],"to":[-5.41421,4,17.92893],"rotation":{"angle":22.5,"axis":"y","origin":[-9.41421,2,15.92893]},"faces":{"north":{"uv":[12.5,14,13.5,16],"rotation":270,"texture":"#0"},"east":{"uv":[12.5,12,13.5,13],"rotation":270,"texture":"#0"},"south":{"uv":[12.5,14,13.5,16],"rotation":90,"texture":"#0"},"west":{"uv":[12.5,13,13.5,14],"rotation":270,"texture":"#0"},"up":{"uv":[12.5,14,13.5,16],"rotation":90,"texture":"#0"},"down":{"uv":[12.5,14,13.5,16],"rotation":90,"texture":"#0"}}}],"display":{"thirdperson_righthand":{"rotation":[48,19,0],"translation":[1,0,0],"scale":[0.2,0.2,0.2]},"thirdperson_lefthand":{"rotation":[48,19,0],"translation":[1,0,0],"scale":[0.2,0.2,0.2]},"firstperson_righthand":{"rotation":[0,141,0],"translation":[23,-13,-18]},"firstperson_lefthand":{"rotation":[0,141,0],"translation":[23,-13,-18]},"ground":{"translation":[0,6.75,0],"scale":[0.4,0.4,0.4]},"gui":{"rotation":[30,135,0],"translation":[0.25,-0.75,0],"scale":[0.35,0.35,0.35]},"fixed":{"rotation":[-90,0,0],"translation":[3.75,0,15.5],"scale":[2,2,2]}},"groups":[{"name":"group","origin":[8,8,8],"children":[{"name":"group","origin":[1,7,7],"children":[0,1,2,3]},{"name":"group","origin":[1,7,7],"children":[4,5,6,7]}]},8,9,10,11,12,13,14]}