{"credit":"Made with Blockbench","textures":{"0":"custom/decorations/jester_puppet","particle":"custom/decorations/jester_puppet"},"elements":[{"from":[6,6,6],"to":[10,13,10],"faces":{"north":{"uv":[4,0,8,7],"texture":"#0"},"east":{"uv":[0,0,4,7],"texture":"#0"},"south":{"uv":[12,7,10,14],"texture":"#0"},"west":{"uv":[8,0,12,7],"texture":"#0"},"up":{"uv":[12,0,16,4],"rotation":180,"texture":"#0"},"down":{"uv":[12,4,16,8],"texture":"#0"}}},{"from":[6,-1,7],"to":[10,6,9],"faces":{"north":{"uv":[2,7,6,14],"texture":"#0"},"east":{"uv":[6,7,8,14],"texture":"#0"},"south":{"uv":[2,7,6,14],"texture":"#0"},"west":{"uv":[6,7,8,14],"texture":"#0"}}},{"from":[3.5,12,7],"to":[6.5,14,9],"rotation":{"angle":22.5,"axis":"z","origin":[6,13,8]},"faces":{"north":{"uv":[8,0,6,3],"rotation":90,"texture":"#0"},"east":{"uv":[6,1,7,3],"texture":"#0"},"south":{"uv":[8,3,6,0],"rotation":90,"texture":"#0"},"west":{"uv":[7,0,8,2],"texture":"#0"},"up":{"uv":[7,3,8,0],"rotation":90,"texture":"#0"},"down":{"uv":[6,3,7,0],"rotation":90,"texture":"#0"}}},{"from":[2.5,9.25,7.25],"to":[4.5,11.25,9.25],"faces":{"north":{"uv":[2,7,0,9],"texture":"#0"},"east":{"uv":[2,8,0,9],"texture":"#0"},"south":{"uv":[2,8,0,9],"texture":"#0"},"west":{"uv":[0,7,2,9],"texture":"#0"},"up":{"uv":[0,9,2,7],"rotation":90,"texture":"#0"},"down":{"uv":[2,8,0,9],"texture":"#0"}}},{"from":[9.5,12,7],"to":[12.5,14,9],"rotation":{"angle":-22.5,"axis":"z","origin":[10,13,8]},"faces":{"north":{"uv":[4,3,6,0],"rotation":90,"texture":"#0"},"east":{"uv":[5,0,4,2],"texture":"#0"},"south":{"uv":[4,0,6,3],"rotation":90,"texture":"#0"},"west":{"uv":[6,1,5,3],"texture":"#0"},"up":{"uv":[4,0,5,3],"rotation":90,"texture":"#0"},"down":{"uv":[5,0,6,3],"rotation":90,"texture":"#0"}}},{"from":[11.5,9.25,7.25],"to":[13.5,11.25,9.25],"rotation":{"angle":0,"axis":"y","origin":[16,0,0]},"faces":{"north":{"uv":[0,7,2,9],"texture":"#0"},"east":{"uv":[2,7,0,9],"texture":"#0"},"south":{"uv":[0,8,2,9],"texture":"#0"},"west":{"uv":[0,8,2,9],"texture":"#0"},"up":{"uv":[0,7,2,9],"rotation":90,"texture":"#0"},"down":{"uv":[0,8,2,9],"texture":"#0"}}},{"name":"cube inverted","from":[10,6,9],"to":[6,-1,7],"faces":{"north":{"uv":[2,14,6,7],"texture":"#0"},"east":{"uv":[6,14,8,7],"texture":"#0"},"south":{"uv":[2,14,6,7],"texture":"#0"},"west":{"uv":[6,14,8,7],"texture":"#0"}}},{"from":[2,4,7],"to":[6,6,9],"rotation":{"angle":-22.5,"axis":"z","origin":[6,5,8]},"faces":{"north":{"uv":[0,13,2,9],"rotation":90,"texture":"#0"},"east":{"uv":[0,9,1,10],"texture":"#0"},"south":{"uv":[0,9,2,13],"rotation":90,"texture":"#0"},"west":{"uv":[0,12,1,13],"texture":"#0"},"up":{"uv":[0,9,2,13],"rotation":90,"texture":"#0"},"down":{"uv":[0,9,2,13],"rotation":90,"texture":"#0"}}},{"from":[10,4,7],"to":[14,6,9],"rotation":{"angle":22.5,"axis":"z","origin":[10,5,8]},"faces":{"north":{"uv":[0,9,2,13],"rotation":90,"texture":"#0"},"east":{"uv":[1,12,0,13],"texture":"#0"},"south":{"uv":[0,13,2,9],"rotation":90,"texture":"#0"},"west":{"uv":[1,9,0,10],"texture":"#0"},"up":{"uv":[0,13,2,9],"rotation":90,"texture":"#0"},"down":{"uv":[0,13,2,9],"rotation":90,"texture":"#0"}}},{"from":[7,-12,8],"to":[9,4,8],"faces":{"north":{"uv":[16,14,0,16],"rotation":90,"texture":"#0"},"south":{"uv":[16,16,0,14],"rotation":90,"texture":"#0"}}}],"display":{"head":{"translation":[0,25,0],"scale":[1.6,1.6,1.6]}}}