{"credit":"Made with Blockbench","textures":{"0":"custom/decorations/lamppost","particle":"custom/decorations/lamppost"},"elements":[{"from":[-8,1,5],"to":[-2,11,11],"rotation":{"angle":0,"axis":"y","origin":[-5,-8,8]},"faces":{"north":{"uv":[4,1,7,6],"texture":"#0"},"east":{"uv":[4,1,7,6],"texture":"#0"},"south":{"uv":[4,1,7,6],"texture":"#0"},"west":{"uv":[4,1,7,6],"texture":"#0"},"up":{"uv":[8,4,11,7],"texture":"#0"},"down":{"uv":[8,4,11,7],"texture":"#0"}}},{"from":[-9,-1,4],"to":[-1,1,12],"rotation":{"angle":0,"axis":"y","origin":[-5,-8,8]},"faces":{"north":{"uv":[3.5,6,7.5,7],"texture":"#0"},"east":{"uv":[3.5,6,7.5,7],"texture":"#0"},"south":{"uv":[3.5,6,7.5,7],"texture":"#0"},"west":{"uv":[3.5,6,7.5,7],"texture":"#0"},"up":{"uv":[7,7.5,11,11.5],"texture":"#0"},"down":{"uv":[7,11.5,11,15.5],"texture":"#0"}}},{"from":[-7,16,6],"to":[5,20,10],"faces":{"north":{"uv":[1,6.5,3,12.5],"rotation":90,"texture":"#0"},"east":{"uv":[1,3,3,3.5],"texture":"#0"},"south":{"uv":[1,6.5,3,12.5],"rotation":270,"texture":"#0"},"west":{"uv":[8.5,4.5,10.5,6.5],"texture":"#0"},"up":{"uv":[1,6.5,3,12.5],"rotation":270,"texture":"#0"},"down":{"uv":[1,6.5,3,12.5],"rotation":270,"texture":"#0"}}},{"from":[-7,11,8],"to":[-3,16,8],"rotation":{"angle":-45,"axis":"y","origin":[-5.00956,13.47725,8.03227]},"faces":{"north":{"uv":[8.5,1,10.5,3.5],"texture":"#0"},"south":{"uv":[8.5,1,10.5,3.5],"texture":"#0"}}},{"from":[-7,11,8],"to":[-3,16,8],"rotation":{"angle":45,"axis":"y","origin":[-5.00956,13.47725,8.03227]},"faces":{"north":{"uv":[8.5,1,10.5,3.5],"texture":"#0"},"south":{"uv":[8.5,1,10.5,3.5],"texture":"#0"}}},{"from":[18,1,5],"to":[24,11,11],"rotation":{"angle":0,"axis":"y","origin":[8,10.17865,8]},"faces":{"north":{"uv":[4,1,7,6],"texture":"#0"},"east":{"uv":[4,1,7,6],"texture":"#0"},"south":{"uv":[4,1,7,6],"texture":"#0"},"west":{"uv":[4,1,7,6],"texture":"#0"},"up":{"uv":[8,4,11,7],"rotation":180,"texture":"#0"},"down":{"uv":[8,4,11,7],"rotation":180,"texture":"#0"}}},{"from":[17,-1,4],"to":[25,1,12],"rotation":{"angle":0,"axis":"y","origin":[8,10.17865,8]},"faces":{"north":{"uv":[3.5,6,7.5,7],"texture":"#0"},"east":{"uv":[3.5,6,7.5,7],"texture":"#0"},"south":{"uv":[3.5,6,7.5,7],"texture":"#0"},"west":{"uv":[3.5,6,7.5,7],"texture":"#0"},"up":{"uv":[7,7.5,11,11.5],"rotation":180,"texture":"#0"},"down":{"uv":[7,11.5,11,15.5],"rotation":180,"texture":"#0"}}},{"from":[11,16,6],"to":[23,20,10],"rotation":{"angle":0,"axis":"y","origin":[8,10.17865,8]},"faces":{"north":{"uv":[1,6.5,3,12.5],"rotation":270,"texture":"#0"},"east":{"uv":[8.5,4.5,10.5,6.5],"texture":"#0"},"south":{"uv":[1,6.5,3,12.5],"rotation":90,"texture":"#0"},"west":{"uv":[1,3,3,3.5],"texture":"#0"},"up":{"uv":[1,6.5,3,12.5],"rotation":90,"texture":"#0"},"down":{"uv":[1,6.5,3,12.5],"rotation":90,"texture":"#0"}}},{"from":[14.95432,11,-1.76037],"to":[18.95432,16,-1.76037],"rotation":{"angle":-45,"axis":"y","origin":[8,10.17865,8]},"faces":{"north":{"uv":[8.5,1,10.5,3.5],"texture":"#0"},"south":{"uv":[8.5,1,10.5,3.5],"texture":"#0"}}},{"from":[16.99615,11,-3.78307],"to":[16.99615,16,0.21693],"rotation":{"angle":-45,"axis":"y","origin":[8,10.17865,8]},"faces":{"east":{"uv":[8.5,1,10.5,3.5],"texture":"#0"},"west":{"uv":[8.5,1,10.5,3.5],"texture":"#0"}}},{"from":[6,0,6],"to":[10,15,10],"faces":{"north":{"uv":[4.5,7,6.5,14.5],"texture":"#0"},"east":{"uv":[4.5,7,6.5,14.5],"texture":"#0"},"south":{"uv":[4.5,7,6.5,14.5],"texture":"#0"},"west":{"uv":[4.5,7,6.5,14.5],"texture":"#0"},"up":{"uv":[1,0.5,3,2.5],"texture":"#0"},"down":{"uv":[1,0.5,3,2.5],"texture":"#0"}}},{"from":[5,15,5],"to":[11,21,11],"faces":{"north":{"uv":[0.5,0,3.5,3],"texture":"#0"},"east":{"uv":[0.5,0,3.5,3],"texture":"#0"},"south":{"uv":[0.5,0,3.5,3],"texture":"#0"},"west":{"uv":[0.5,0,3.5,3],"texture":"#0"},"up":{"uv":[8,4,11,7],"texture":"#0"},"down":{"uv":[7.5,12,10.5,15],"texture":"#0"}}}],"display":{"thirdperson_righthand":{"rotation":[40,-157,0],"translation":[0.5,0,0],"scale":[0.4,0.4,0.4]},"thirdperson_lefthand":{"rotation":[40,-157,0],"translation":[0.5,0,0],"scale":[0.4,0.4,0.4]},"firstperson_righthand":{"rotation":[0,-67,0],"translation":[14.5,-5,-11.5]},"firstperson_lefthand":{"rotation":[0,118,0],"translation":[14.25,-8,-11.5]},"ground":{"translation":[0,4.25,0],"scale":[0.4,0.4,0.4]},"gui":{"rotation":[30,45,0],"translation":[0,-0.5,0],"scale":[0.5,0.5,0.5]},"head":{"translation":[0,14.25,0]},"fixed":{"rotation":[-90,0,0],"translation":[0,0,18],"scale":[2,2,2]}},"groups":[{"name":"group","origin":[8,8,8],"children":[{"name":"group","origin":[8,8,8],"children":[0,1,2,3,4]},{"name":"group","origin":[8,8,8],"children":[5,6,7,8,9]},10,11]}]}