{"credit":"Made with Blockbench","textures":{"0":"custom/decorations/lamppost","particle":"custom/decorations/lamppost"},"elements":[{"from":[5,17,5],"to":[11,27,11],"faces":{"north":{"uv":[4,1,7,6],"texture":"#0"},"east":{"uv":[4,1,7,6],"texture":"#0"},"south":{"uv":[4,1,7,6],"texture":"#0"},"west":{"uv":[4,1,7,6],"texture":"#0"},"up":{"uv":[8,4,11,7],"texture":"#0"},"down":{"uv":[8,4,11,7],"texture":"#0"}}},{"from":[4,15,4],"to":[12,17,12],"faces":{"north":{"uv":[3.5,6,7.5,7],"texture":"#0"},"east":{"uv":[3.5,6,7.5,7],"texture":"#0"},"south":{"uv":[3.5,6,7.5,7],"texture":"#0"},"west":{"uv":[3.5,6,7.5,7],"texture":"#0"},"up":{"uv":[7,7.5,11,11.5],"texture":"#0"},"down":{"uv":[7,11.5,11,15.5],"texture":"#0"}}},{"from":[6,0,6],"to":[10,15,10],"faces":{"north":{"uv":[4.5,7,6.5,14.5],"texture":"#0"},"east":{"uv":[4.5,7,6.5,14.5],"texture":"#0"},"south":{"uv":[4.5,7,6.5,14.5],"texture":"#0"},"west":{"uv":[4.5,7,6.5,14.5],"texture":"#0"},"up":{"uv":[1,0.5,3,2.5],"texture":"#0"},"down":{"uv":[1,0.5,3,2.5],"texture":"#0"}}},{"from":[7,27,7],"to":[9,29,9],"faces":{"north":{"uv":[5,0,6,1],"texture":"#0"},"east":{"uv":[5,0,6,1],"texture":"#0"},"south":{"uv":[5,0,6,1],"texture":"#0"},"west":{"uv":[5,0,6,1],"texture":"#0"},"up":{"uv":[9,5,10,6],"texture":"#0"},"down":{"uv":[8,12.5,9,13.5],"texture":"#0"}}}],"display":{"thirdperson_righthand":{"rotation":[36,0,0],"scale":[0.4,0.4,0.4]},"thirdperson_lefthand":{"rotation":[36,0,0],"scale":[0.4,0.4,0.4]},"firstperson_righthand":{"translation":[14.25,-8,-11.5]},"firstperson_lefthand":{"translation":[14.25,-8,-11.5]},"ground":{"translation":[0,4.25,0],"scale":[0.4,0.4,0.4]},"gui":{"rotation":[30,45,0],"translation":[0,-2.5,0],"scale":[0.5,0.5,0.5]},"head":{"translation":[0,14.25,0]},"fixed":{"rotation":[-90,0,0],"translation":[0,0,18],"scale":[2,2,2]}},"groups":[{"name":"group","origin":[8,8,8],"children":[0,1,2,3]}]}