{"credit":"Made with Blockbench","textures":{"0":"custom/decorations/lamppost","particle":"custom/decorations/lamppost"},"elements":[{"from":[4,0,4],"to":[12,1,12],"shade":false,"faces":{"north":{"uv":[0,15.5,4,16],"texture":"#0"},"east":{"uv":[0,15.5,4,16],"texture":"#0"},"south":{"uv":[0,15.5,4,16],"texture":"#0"},"west":{"uv":[0,15.5,4,16],"texture":"#0"},"up":{"uv":[7,7.5,11,11.5],"texture":"#0"},"down":{"uv":[7,11.5,11,15.5],"texture":"#0"}}},{"from":[5,1,5],"to":[11,7,11],"shade":false,"faces":{"north":{"uv":[0.5,12.5,3.5,15.5],"texture":"#0"},"east":{"uv":[0.5,12.5,3.5,15.5],"texture":"#0"},"south":{"uv":[0.5,12.5,3.5,15.5],"texture":"#0"},"west":{"uv":[0.5,12.5,3.5,15.5],"texture":"#0"},"up":{"uv":[8,4,11,7],"texture":"#0"},"down":{"uv":[7.5,12,10.5,15],"texture":"#0"}}},{"from":[5,26,5],"to":[11,32,11],"shade":false,"faces":{"north":{"uv":[0.5,12.5,3.5,15.5],"texture":"#0"},"east":{"uv":[0.5,12.5,3.5,15.5],"texture":"#0"},"south":{"uv":[0.5,12.5,3.5,15.5],"texture":"#0"},"west":{"uv":[0.5,12.5,3.5,15.5],"texture":"#0"},"up":{"uv":[8,4,11,7],"texture":"#0"},"down":{"uv":[7.5,12,10.5,15],"texture":"#0"}}},{"from":[6,7,6],"to":[10,26,10],"shade":false,"faces":{"north":{"uv":[1,3,3,12.5],"texture":"#0"},"east":{"uv":[1,3,3,12.5],"texture":"#0"},"south":{"uv":[1,3,3,12.5],"texture":"#0"},"west":{"uv":[1,3,3,12.5],"texture":"#0"},"up":{"uv":[1,3,3,3.5],"texture":"#0"},"down":{"uv":[1,3,3,3.5],"texture":"#0"}}}],"display":{"thirdperson_righthand":{"rotation":[36,0,0],"scale":[0.4,0.4,0.4]},"thirdperson_lefthand":{"rotation":[36,0,0],"scale":[0.4,0.4,0.4]},"firstperson_righthand":{"translation":[14.25,-8,-11.5]},"firstperson_lefthand":{"translation":[14.25,-8,-11.5]},"ground":{"translation":[0,4.25,0],"scale":[0.4,0.4,0.4]},"gui":{"rotation":[30,45,0],"translation":[0,-3.5,0],"scale":[0.5,0.5,0.5]},"head":{"translation":[0,14.25,0]},"fixed":{"rotation":[-90,0,0],"translation":[0,0,18],"scale":[2,2,2]}},"groups":[{"name":"group","origin":[8,8,8],"children":[0,1,2,3]}]}