{"credit":"Made with Blockbench","textures":{"0":"custom/decorations/lantern1","particle":"custom/decorations/lantern1"},"elements":[{"from":[5,0,5],"to":[11,11,11],"faces":{"north":{"uv":[0,0,6,11],"texture":"#0"},"east":{"uv":[0,0,6,11],"texture":"#0"},"south":{"uv":[0,0,6,11],"texture":"#0"},"west":{"uv":[0,0,6,11],"texture":"#0"},"up":{"uv":[6,6,12,12],"texture":"#0"},"down":{"uv":[6,0,12,6],"texture":"#0"}}},{"from":[11,11,11],"to":[5,0,5],"faces":{"north":{"uv":[0,0,6,11],"rotation":180,"texture":"#0"},"east":{"uv":[0,0,6,11],"rotation":180,"texture":"#0"},"south":{"uv":[0,0,6,11],"rotation":180,"texture":"#0"},"west":{"uv":[0,0,6,11],"rotation":180,"texture":"#0"},"up":{"uv":[6,0,12,6],"texture":"#0"}}}],"display":{"thirdperson_righthand":{"rotation":[42,0,0],"translation":[0,1.75,1.25],"scale":[0.5,0.5,0.5]},"thirdperson_lefthand":{"rotation":[42,0,0],"translation":[0,1.75,1.25],"scale":[0.5,0.5,0.5]},"firstperson_righthand":{"rotation":[-22,16,0],"translation":[6.25,3.5,-2.5]},"firstperson_lefthand":{"rotation":[-22,16,0],"translation":[6.25,3.5,-2.5]},"ground":{"translation":[0,4.5,0],"scale":[0.6,0.6,0.6]},"gui":{"translation":[0,2.25,0]},"head":{"translation":[0,18.25,0],"scale":[1.5,1.5,1.5]},"fixed":{"rotation":[-90,0,0],"translation":[0,0,-17],"scale":[2,2,2]}}}