{"credit":"Made with Blockbench","ambientocclusion":false,"textures":{"0":"custom/decorations/leaf_pile_oak","particle":"custom/decorations/leaf_pile_oak"},"elements":[{"from":[0,0.25,0],"to":[16,0.25,16],"faces":{"up":{"uv":[0,0,16,16],"texture":"#0"},"down":{"uv":[0,0,16,16],"texture":"#0"}}}],"display":{"thirdperson_righthand":{"rotation":[26,45,0],"translation":[0,3,0.75],"scale":[0.3,0.3,0.3]},"thirdperson_lefthand":{"rotation":[26,45,0],"translation":[0,3,0.75],"scale":[0.3,0.3,0.3]},"firstperson_righthand":{"rotation":[0,43,0],"translation":[4.5,8.5,-1.25]},"firstperson_lefthand":{"rotation":[0,43,0],"translation":[4.5,8.5,-1.25]},"ground":{"translation":[0,1.75,0],"scale":[0.3,0.3,0.3]},"gui":{"rotation":[30,-45,0],"translation":[0,4.5,0],"scale":[0.8,0.8,0.8]},"head":{"rotation":[0,86,0],"translation":[0,14.5,0]},"fixed":{"rotation":[-90,0,0],"translation":[0,0,-15],"scale":[2,2,2]}}}