{"credit":"Made with Blockbench","textures":{"0":"custom/decorations/legendary_chest_base","particle":"custom/decorations/legendary_chest_base"},"elements":[{"from":[-4.5,0,0],"to":[20.5,8,16],"faces":{"north":{"uv":[0,4,6.25,6],"texture":"#0"},"east":{"uv":[10.25,4,6.25,6],"texture":"#0"},"south":{"uv":[6.25,0,12.5,2],"texture":"#0"},"west":{"uv":[6.25,4,10.25,6],"texture":"#0"},"up":{"uv":[0,0,6.25,4],"texture":"#0"},"down":{"uv":[0,6,6.25,10],"texture":"#0"}}}],"display":{"thirdperson_righthand":{"rotation":[90,0,0],"translation":[-6,5,12]},"thirdperson_lefthand":{"rotation":[90,0,0],"translation":[-6,5,12]},"firstperson_righthand":{"rotation":[9,123,0],"translation":[11.75,2.25,-7.25]},"firstperson_lefthand":{"rotation":[9,123,0],"translation":[11.75,2.25,-7.25]},"ground":{"translation":[0,2,0],"scale":[0.4,0.4,0.4]},"gui":{"rotation":[30,135,0],"translation":[0,1,0],"scale":[0.5,0.5,0.5]},"head":{"rotation":[-22,0,0],"translation":[0,-4.5,-1.25]},"fixed":{"rotation":[-90,0,0],"translation":[0,0,-14],"scale":[2,2,2]}}}