{"credit":"Made with Blockbench","textures":{"0":"custom/decorations/legendary_chest_lid","particle":"custom/decorations/legendary_chest_lid"},"elements":[{"from":[-5.5,4,-1],"to":[-1.5,12,3],"faces":{"north":{"uv":[2,7.5,3,9.5],"texture":"#0"},"east":{"uv":[2,7.5,3,9.5],"texture":"#0"},"south":{"uv":[3,7.5,2,9.5],"texture":"#0"},"west":{"uv":[3,7.5,2,9.5],"texture":"#0"},"up":{"uv":[3,7.5,4,8.5],"texture":"#0"},"down":{"uv":[2,1.25,3,2.25],"texture":"#0"}}},{"from":[-5.5,4,13],"to":[-1.5,12,17],"faces":{"north":{"uv":[2,7.5,3,9.5],"texture":"#0"},"east":{"uv":[3,7.5,2,9.5],"texture":"#0"},"south":{"uv":[3,7.5,2,9.5],"texture":"#0"},"west":{"uv":[2,7.5,3,9.5],"texture":"#0"},"up":{"uv":[3,7.5,4,8.5],"texture":"#0"},"down":{"uv":[2,1.25,3,2.25],"texture":"#0"}}},{"from":[17.5,4,-1],"to":[21.5,12,3],"faces":{"north":{"uv":[3,7.5,2,9.5],"texture":"#0"},"east":{"uv":[2,7.5,3,9.5],"texture":"#0"},"south":{"uv":[2,7.5,3,9.5],"texture":"#0"},"west":{"uv":[3,7.5,2,9.5],"texture":"#0"},"up":{"uv":[3,7.5,4,8.5],"texture":"#0"},"down":{"uv":[2,1.25,3,2.25],"texture":"#0"}}},{"from":[17.5,4,13],"to":[21.5,12,17],"faces":{"north":{"uv":[3,7.5,2,9.5],"texture":"#0"},"east":{"uv":[3,7.5,2,9.5],"texture":"#0"},"south":{"uv":[2,7.5,3,9.5],"texture":"#0"},"west":{"uv":[2,7.5,3,9.5],"texture":"#0"},"up":{"uv":[3,7.5,4,8.5],"texture":"#0"},"down":{"uv":[2,1.25,3,2.25],"texture":"#0"}}},{"from":[-5.5,0,-1],"to":[21.5,4,17],"faces":{"north":{"uv":[4.5,4.5,11.25,5.5],"texture":"#0"},"east":{"uv":[0,4.5,4.5,5.5],"texture":"#0"},"south":{"uv":[4.5,4.5,11.25,5.5],"texture":"#0"},"west":{"uv":[0,4.5,4.5,5.5],"texture":"#0"},"up":{"uv":[0,0,6.75,4.5],"texture":"#0"},"down":{"uv":[6.75,0,13.5,4.5],"texture":"#0"}}},{"from":[-4.5,4,0],"to":[20.5,9,16],"faces":{"north":{"uv":[4,9.5,10.25,10.75],"texture":"#0"},"east":{"uv":[0,9.5,4,10.75],"texture":"#0"},"south":{"uv":[4,9.5,10.25,10.75],"texture":"#0"},"west":{"uv":[0,9.5,4,10.75],"texture":"#0"},"up":{"uv":[4,5.5,10.25,9.5],"texture":"#0"},"down":{"uv":[7,0.25,13.25,4.25],"texture":"#0"}}},{"from":[5,0,0],"to":[11,11,18],"faces":{"north":{"uv":[0,0,1.5,2.75],"texture":"#0"},"east":{"uv":[1.5,10.75,6,13.5],"texture":"#0"},"south":{"uv":[0,10.75,1.5,13.5],"texture":"#0"},"west":{"uv":[6,10.75,1.5,13.5],"texture":"#0"},"up":{"uv":[10.5,5.75,12,10.25],"rotation":180,"texture":"#0"},"down":{"uv":[12,5.75,13.5,10.25],"texture":"#0"}}},{"from":[5,-4,-2],"to":[11,11,0],"faces":{"north":{"uv":[0,5.75,1.5,9.5],"texture":"#0"},"east":{"uv":[2,5.75,1.5,9.5],"texture":"#0"},"south":{"uv":[1,0.25,2.5,4],"texture":"#0"},"west":{"uv":[1.5,5.75,2,9.5],"texture":"#0"},"up":{"uv":[2.25,6.5,3.75,7],"rotation":180,"texture":"#0"},"down":{"uv":[2.25,5.75,3.75,6.25],"texture":"#0"}}}],"display":{"thirdperson_righthand":{"rotation":[64,31,0],"scale":[0.3,0.3,0.3]},"thirdperson_lefthand":{"rotation":[64,31,0],"scale":[0.3,0.3,0.3]},"firstperson_righthand":{"rotation":[9,123,0],"translation":[11.75,2.25,-7.25]},"firstperson_lefthand":{"rotation":[9,123,0],"translation":[11.75,2.25,-7.25]},"ground":{"translation":[0,3,0],"scale":[0.4,0.4,0.4]},"gui":{"rotation":[30,135,0],"translation":[0,1,0],"scale":[0.5,0.5,0.5]},"head":{"translation":[0,8,-11.25],"scale":[1.6,1.6,1.6]},"fixed":{"rotation":[-90,0,0],"translation":[0,0,-14],"scale":[2,2,2]}},"groups":[{"name":"group","origin":[8,8,8],"children":[0,1,2,3,4,5,6,7]}]}