{"credit":"Made with Blockbench","texture_size":[128,128],"textures":{"0":"custom/decorations/lighthouse_light_base","particle":"custom/decorations/lighthouse_light_base"},"elements":[{"from":[-16,0,-8],"to":[32,32,24],"rotation":{"angle":0,"axis":"y","origin":[-8,8,0]},"faces":{"north":{"uv":[0,0,6,4],"texture":"#0"},"east":{"uv":[10,0,14,4],"texture":"#0"},"south":{"uv":[0,0,6,4],"texture":"#0"},"west":{"uv":[10,0,14,4],"texture":"#0"},"up":{"uv":[0,4,6,8],"texture":"#0"},"down":{"uv":[6,4,12,8],"texture":"#0"}}}],"display":{"thirdperson_righthand":{"rotation":[90,90,0],"translation":[-6,-2,-8]},"thirdperson_lefthand":{"rotation":[90,90,0],"translation":[-6,-2,-8]},"firstperson_righthand":{"rotation":[26,-51,0],"translation":[43.75,-26.25,-28.75]},"firstperson_lefthand":{"rotation":[26,-51,0],"translation":[43.75,-26.25,-28.75]},"ground":{"translation":[0,7,0],"scale":[0.19,0.19,0.19]},"gui":{"rotation":[0,90,0],"translation":[0,-3.25,0],"scale":[0.49,0.49,0.49]},"head":{"rotation":[0,90,24],"translation":[0,8.25,-1.5]},"fixed":{"rotation":[-90,0,0],"translation":[0,0,-16.25],"scale":[2,2,2]}}}