{"credit":"Made with Blockbench","textures":{"0":"custom/decorations/legendary_chest_glow","particle":"custom/decorations/legendary_chest_glow"},"elements":[{"from":[-3.5,0,1],"to":[19.5,20,15],"faces":{"north":{"uv":[15.75,0,16,16],"texture":"#0","tintindex":0},"east":{"uv":[15.75,0,16,16],"texture":"#0","tintindex":0},"south":{"uv":[15.75,0,16,16],"texture":"#0","tintindex":0},"west":{"uv":[15.75,0,16,16],"texture":"#0","tintindex":0}}},{"from":[19.5,20,15],"to":[-3.5,0,1],"faces":{"north":{"uv":[15.75,0,16,16],"rotation":180,"texture":"#0","tintindex":0},"east":{"uv":[15.75,0,16,16],"rotation":180,"texture":"#0","tintindex":0},"south":{"uv":[15.75,0,16,16],"rotation":180,"texture":"#0","tintindex":0},"west":{"uv":[15.75,0,16,16],"rotation":180,"texture":"#0","tintindex":0}}}],"display":{"ground":{"translation":[0,0.25,0]},"gui":{"translation":[0,-1.25,0],"scale":[0.69,0.85,1]},"head":{"translation":[0,8,0],"scale":[1.6,1.6,1.6]},"fixed":{"rotation":[-90,0,0],"translation":[0,0,-22],"scale":[1.2,3,2]}}}