{"credit":"Made with Blockbench","textures":{"0":"custom/decorations/log_stool","particle":"custom/decorations/log_stool"},"elements":[{"from":[2,0,2],"to":[14,10,14],"faces":{"north":{"uv":[0,6,6,11],"texture":"#0"},"east":{"uv":[0,6,6,11],"texture":"#0"},"south":{"uv":[0,6,6,11],"texture":"#0"},"west":{"uv":[0,6,6,11],"texture":"#0"},"up":{"uv":[0,0,6,6],"texture":"#0"},"down":{"uv":[0,0,6,6],"texture":"#0"}}}],"display":{"thirdperson_righthand":{"rotation":[47,45,0],"translation":[0,1.75,0.75],"scale":[0.3,0.3,0.3]},"thirdperson_lefthand":{"rotation":[47,45,0],"translation":[0,1.75,0.75],"scale":[0.3,0.3,0.3]},"firstperson_righthand":{"rotation":[0,56,0],"translation":[6.25,0,-6.25]},"firstperson_lefthand":{"rotation":[0,56,0],"translation":[6.25,0,-6.25]},"ground":{"translation":[0,4.25,0],"scale":[0.4,0.4,0.4]},"gui":{"rotation":[30,45,0],"translation":[0,2,0],"scale":[0.8,0.8,0.8]},"head":{"translation":[0,18.5,0],"scale":[1.6,1.6,1.6]},"fixed":{"rotation":[-90,0,0],"translation":[0,0,-16],"scale":[2,2,2]}}}