{"credit":"Made with Blockbench","textures":{"0":"custom/decorations/log_stack","1":"custom/decorations/log_stool","particle":"custom/decorations/log_stack"},"elements":[{"from":[0,0,0],"to":[6,6,14],"faces":{"north":{"uv":[3,0,0,3],"texture":"#1"},"east":{"uv":[14,12,0,6],"rotation":180,"texture":"#0"},"south":{"uv":[0,0,3,3],"texture":"#1"},"west":{"uv":[0,0,14,6],"rotation":180,"texture":"#0"},"up":{"uv":[0,0,14,6],"rotation":90,"texture":"#0"},"down":{"uv":[14,12,0,6],"rotation":90,"texture":"#0"}}},{"from":[0.00699,6,7.01394],"to":[14.00699,12,13.01394],"rotation":{"angle":22.5,"axis":"y","origin":[2.99652,8.993,7.01046]},"faces":{"north":{"uv":[0,0,14,6],"rotation":180,"texture":"#0"},"east":{"uv":[3,0,0,3],"texture":"#1"},"south":{"uv":[14,12,0,6],"rotation":180,"texture":"#0"},"west":{"uv":[0,0,3,3],"texture":"#1"},"up":{"uv":[0,0,14,6],"rotation":180,"texture":"#0"},"down":{"uv":[14,12,0,6],"texture":"#0"}}},{"from":[9.01394,0.01401,2],"to":[15.01394,6.01401,16],"rotation":{"angle":-22.5,"axis":"y","origin":[11.00697,3.00701,6.98603]},"faces":{"north":{"uv":[3,0,0,3],"rotation":180,"texture":"#1"},"east":{"uv":[0,0,14,6],"rotation":180,"texture":"#0"},"south":{"uv":[0,0,3,3],"rotation":180,"texture":"#1"},"west":{"uv":[14,12,0,6],"texture":"#0"},"up":{"uv":[14,12,0,6],"rotation":270,"texture":"#0"},"down":{"uv":[0,0,14,6],"rotation":90,"texture":"#0"}}}],"display":{"thirdperson_righthand":{"rotation":[20,0,0],"translation":[0,1.75,1.5],"scale":[0.4,0.4,0.4]},"thirdperson_lefthand":{"rotation":[20,0,0],"translation":[0,1.75,1.5],"scale":[0.4,0.4,0.4]},"firstperson_righthand":{"rotation":[0,-11,0],"translation":[11.5,0,-9.75]},"firstperson_lefthand":{"rotation":[0,-11,0],"translation":[11.5,0,-9.75]},"ground":{"translation":[0,4.5,0],"scale":[0.4,0.4,0.4]},"gui":{"rotation":[30,45,0],"translation":[0.75,1.5,0],"scale":[0.7,0.7,0.7]},"head":{"translation":[0,14.25,0]},"fixed":{"rotation":[-90,0,0],"translation":[0,0,-16],"scale":[2,2,2]}}}