{"credit":"Made with Blockbench","textures":{"0":"custom/decorations/log_stack","1":"custom/decorations/log_stool","particle":"custom/decorations/log_stack"},"elements":[{"from":[1,0,0],"to":[7,6,14],"faces":{"north":{"uv":[3,0,0,3],"texture":"#1"},"east":{"uv":[14,12,0,6],"rotation":180,"texture":"#0"},"south":{"uv":[0,0,3,3],"texture":"#1"},"west":{"uv":[0,0,14,6],"rotation":180,"texture":"#0"},"up":{"uv":[0,0,14,6],"rotation":90,"texture":"#0"},"down":{"uv":[14,12,0,6],"rotation":90,"texture":"#0"}}},{"from":[5,12,0],"to":[11,18,14],"rotation":{"angle":22.5,"axis":"y","origin":[8,8,8]},"faces":{"north":{"uv":[3,0,0,3],"texture":"#1"},"east":{"uv":[14,12,0,6],"rotation":180,"texture":"#0"},"south":{"uv":[0,0,3,3],"texture":"#1"},"west":{"uv":[0,0,14,6],"rotation":180,"texture":"#0"},"up":{"uv":[0,0,14,6],"rotation":90,"texture":"#0"},"down":{"uv":[14,12,0,6],"rotation":90,"texture":"#0"}}},{"from":[8.00352,5.98952,-1],"to":[14.00352,11.98952,13],"rotation":{"angle":0,"axis":"y","origin":[2.99652,8.993,7.01046]},"faces":{"north":{"uv":[3,0,0,3],"rotation":270,"texture":"#1"},"east":{"uv":[0,0,14,6],"rotation":180,"texture":"#0"},"south":{"uv":[0,0,3,3],"rotation":90,"texture":"#1"},"west":{"uv":[14,12,0,6],"rotation":180,"texture":"#0"},"up":{"uv":[0,0,14,6],"rotation":90,"texture":"#0"},"down":{"uv":[14,12,0,6],"rotation":270,"texture":"#0"}}},{"from":[1.99305,5.986,1],"to":[7.99305,11.986,15],"rotation":{"angle":0,"axis":"z","origin":[2.99652,8.993,7.01046]},"faces":{"north":{"uv":[3,0,0,3],"rotation":180,"texture":"#1"},"east":{"uv":[0,0,14,6],"rotation":180,"texture":"#0"},"south":{"uv":[0,0,3,3],"rotation":180,"texture":"#1"},"west":{"uv":[14,12,0,6],"texture":"#0"},"up":{"uv":[14,12,0,6],"rotation":270,"texture":"#0"},"down":{"uv":[0,0,14,6],"rotation":90,"texture":"#0"}}},{"from":[10.01394,0.01401,2],"to":[16.01394,6.01401,16],"rotation":{"angle":0,"axis":"y","origin":[11.00697,3.00701,6.98603]},"faces":{"north":{"uv":[3,0,0,3],"rotation":180,"texture":"#1"},"east":{"uv":[0,0,14,6],"rotation":180,"texture":"#0"},"south":{"uv":[0,0,3,3],"rotation":180,"texture":"#1"},"west":{"uv":[14,12,0,6],"texture":"#0"},"up":{"uv":[14,12,0,6],"rotation":270,"texture":"#0"},"down":{"uv":[0,0,14,6],"rotation":270,"texture":"#0"}}}],"display":{"thirdperson_righthand":{"rotation":[44,26,0],"translation":[0,0.75,1.75],"scale":[0.4,0.4,0.4]},"thirdperson_lefthand":{"rotation":[44,26,0],"translation":[0,0.75,1.75],"scale":[0.4,0.4,0.4]},"firstperson_righthand":{"rotation":[0,-59,0],"translation":[10.75,-1.5,-11]},"firstperson_lefthand":{"rotation":[0,-59,0],"translation":[10.75,-1.5,-11]},"ground":{"translation":[0,4.5,0],"scale":[0.4,0.4,0.4]},"gui":{"rotation":[30,45,0],"translation":[-0.25,0,0],"scale":[0.7,0.7,0.7]},"head":{"rotation":[0,19,0],"translation":[0,14,0]},"fixed":{"rotation":[-90,0,0],"translation":[0,0,-16],"scale":[2,2,2]}}}