{"credit":"Made with Blockbench","texture_size":[32,32],"textures":{"0":"custom/decorations/lunar_crate","particle":"custom/decorations/lunar_crate"},"elements":[{"from":[-4.5,1.5,-0.5],"to":[21.5,4,16.5],"rotation":{"angle":0,"axis":"x","origin":[8.5,0.38992,15.69832]},"faces":{"north":{"uv":[6.25,13.5,12.5,14],"texture":"#0"},"east":{"uv":[4,15.5,0,16],"texture":"#0"},"south":{"uv":[6.25,13.5,12.5,14],"texture":"#0"},"west":{"uv":[0,15.5,4,16],"texture":"#0"}}},{"from":[-4.5,3,-0.5],"to":[21.5,8.5,4.5],"rotation":{"angle":0,"axis":"x","origin":[8.5,0.38992,15.69832]},"faces":{"north":{"uv":[6.25,12,12.5,13.25],"texture":"#0"},"up":{"uv":[0,14,6.25,15.25],"rotation":180,"texture":"#0"}}},{"from":[-4,0,0],"to":[21,8,16],"rotation":{"angle":0,"axis":"x","origin":[8.5,0.38992,15.69832]},"faces":{"north":{"uv":[6.25,6,12.5,8],"texture":"#0"},"east":{"uv":[14.25,4,10.25,6],"texture":"#0"},"south":{"uv":[6.25,6,12.5,8],"texture":"#0"},"west":{"uv":[10.25,4,14.25,6],"texture":"#0"},"up":{"uv":[6.25,8,12.5,12],"rotation":180,"texture":"#0"},"down":{"uv":[6.25,0,12.5,4],"texture":"#0"}}},{"name":"cube inverted","from":[21.5,4,16.5],"to":[-4.5,1.5,-0.5],"rotation":{"angle":0,"axis":"x","origin":[8.5,0.38992,15.69832]},"faces":{"north":{"uv":[6.25,14,12.5,13.5],"texture":"#0"},"east":{"uv":[0,16,4,15.5],"texture":"#0"},"south":{"uv":[6.25,14,12.5,13.5],"texture":"#0"},"west":{"uv":[4,16,0,15.5],"texture":"#0"}}},{"name":"cube inverted","from":[21.5,8.5,4.5],"to":[-4.5,3,-0.5],"rotation":{"angle":0,"axis":"x","origin":[8.5,0.38992,15.69832]},"faces":{"south":{"uv":[6.25,13.25,12.5,12],"texture":"#0"},"down":{"uv":[6.25,14,0,15.25],"rotation":180,"texture":"#0"}}},{"from":[-1,8,11],"to":[18,15,16],"rotation":{"angle":0,"axis":"x","origin":[8.5,0.38992,15.69832]},"faces":{"north":{"uv":[0,10,4.75,11.75],"texture":"#0"},"east":{"uv":[6,10,4.75,11.75],"texture":"#0"},"south":{"uv":[12.5,6,14.25,10.75],"rotation":270,"texture":"#0"},"west":{"uv":[4.75,10,6,11.75],"texture":"#0"},"up":{"uv":[0,11.75,4.75,13],"rotation":180,"texture":"#0"}}},{"from":[10,15.68584,16.94867],"to":[18,20.68584,16.94867],"rotation":{"angle":-22.5,"axis":"x","origin":[8.5,0.38992,15.69832]},"faces":{"north":{"uv":[14.5,10.75,12.5,12],"texture":"#0"},"south":{"uv":[14.5,10.75,12.5,12],"texture":"#0"}}},{"from":[-1,15.68584,16.94867],"to":[7,20.68584,16.94867],"rotation":{"angle":-22.5,"axis":"x","origin":[8.5,0.38992,15.69832]},"faces":{"north":{"uv":[12.5,10.75,14.5,12],"texture":"#0"},"south":{"uv":[12.5,10.75,14.5,12],"texture":"#0"}}},{"from":[3.5,-2.71194,0.19134],"to":[13.5,7.28806,1.19134],"rotation":{"angle":22.5,"axis":"x","origin":[8.5,6.75,-0.5]},"faces":{"north":{"uv":[12.5,0,15,2.5],"texture":"#0"},"east":{"uv":[12.5,0,12.75,2.5],"texture":"#0"},"south":{"uv":[12.5,0,15,2.5],"texture":"#0"},"west":{"uv":[12.5,0,12.75,2.5],"texture":"#0"},"up":{"uv":[12.5,0,15,0.25],"texture":"#0"},"down":{"uv":[12.5,2.25,15,2.5],"texture":"#0"}}},{"name":"cube inverted","from":[13.5,7.28806,1.19134],"to":[3.5,-2.71194,0.19134],"rotation":{"angle":22.5,"axis":"x","origin":[8.5,6.75,-0.5]},"faces":{"north":{"uv":[12.5,2.5,15,0],"texture":"#0"},"east":{"uv":[12.5,2.5,12.75,0],"texture":"#0"},"south":{"uv":[12.5,2.5,15,0],"texture":"#0"},"west":{"uv":[12.5,2.5,12.75,0],"texture":"#0"},"up":{"uv":[15,2.25,12.5,2.5],"texture":"#0"},"down":{"uv":[15,0,12.5,0.25],"texture":"#0"}}}],"display":{"thirdperson_righthand":{"rotation":[65,-12,0],"scale":[0.54,0.54,0.54]},"thirdperson_lefthand":{"rotation":[65,-12,0],"scale":[0.54,0.54,0.54]},"firstperson_righthand":{"translation":[10.25,0,-5.75]},"firstperson_lefthand":{"translation":[10.25,0,-5.75]},"ground":{"translation":[0,6.5,0],"scale":[0.42,0.42,0.42]},"gui":{"rotation":[30,0,0],"translation":[0,-1.5,0],"scale":[0.54,0.54,0.54]},"head":{"translation":[-0.75,8,-11.25],"scale":[1.61,1.61,1.61]},"fixed":{"rotation":[90,0,0],"translation":[0,0,-18],"scale":[4,4,4]}},"groups":[{"name":"group","origin":[0,0,0],"color":0,"children":[]},{"name":"summer_chest_lid","origin":[8,8,8],"color":0,"children":[{"name":"patrick_chest_lid","origin":[8,8,8],"color":0,"children":[{"name":"group","origin":[14,13,6],"color":0,"children":[0,1,2,{"name":"group","origin":[14,13,6],"color":0,"children":[]},3,4]},{"name":"group","origin":[16.5,19.5,8],"color":0,"children":[]},{"name":"group","origin":[1.5,17.5,8],"color":0,"children":[]},5,6,7]},{"name":"group","origin":[0,0,0],"color":0,"children":[]},{"name":"group","origin":[0,0,0],"color":0,"children":[]}]},{"name":"group","origin":[8.5,6.25,-0.5],"color":0,"children":[8,9]}]}