{"credit":"Made with Blockbench","texture_size":[64,64],"textures":{"0":"custom/decorations/mannequin","particle":"custom/decorations/mannequin"},"elements":[{"from":[6,0,6],"to":[10,12,10],"rotation":{"angle":0,"axis":"z","origin":[8,10,8]},"faces":{"north":{"uv":[0,4,1,7],"texture":"#0"},"east":{"uv":[2,4,3,7],"texture":"#0"},"south":{"uv":[1,4,0,7],"texture":"#0"},"west":{"uv":[1,4,2,7],"texture":"#0"},"up":{"uv":[3,4,4,5],"rotation":180,"texture":"#0"},"down":{"uv":[3,5,4,6],"rotation":180,"texture":"#0"}}}],"display":{"thirdperson_righthand":{"rotation":[90,-180,0],"translation":[0,-2,8]},"thirdperson_lefthand":{"rotation":[90,0,0],"translation":[0,-2,8]},"firstperson_righthand":{"rotation":[0,118,0],"translation":[15.5,-6.5,-12.75]},"firstperson_lefthand":{"rotation":[0,118,0],"translation":[15.5,-6.5,-12.75]},"ground":{"translation":[0,3.25,0],"scale":[0.29,0.29,0.29]},"gui":{"rotation":[30,135,0],"translation":[0,1.5,0],"scale":[0.99,0.99,0.99]},"head":{"translation":[0,8.5,0]},"fixed":{"translation":[0,4,-4.75],"scale":[2,2,2]}}}