{"credit":"Made with Blockbench","texture_size":[64,64],"textures":{"0":"custom/decorations/mannequin","particle":"custom/decorations/mannequin"},"elements":[{"from":[4,22,4],"to":[12,30,12],"rotation":{"angle":0,"axis":"y","origin":[12,30,12]},"faces":{"north":{"uv":[0,0,2,2],"texture":"#0"},"east":{"uv":[4,0,2,2],"texture":"#0"},"south":{"uv":[6,0,4,2],"texture":"#0"},"west":{"uv":[2,0,4,2],"texture":"#0"},"up":{"uv":[4,2,2,4],"rotation":180,"texture":"#0"},"down":{"uv":[2,2,0,4],"texture":"#0"}}},{"from":[4,10,6],"to":[12,22,10],"rotation":{"angle":0,"axis":"y","origin":[12,18,14]},"faces":{"north":{"uv":[4,3,6,6],"texture":"#0"},"east":{"uv":[6,3,7,6],"texture":"#0"},"south":{"uv":[7,3,9,6],"texture":"#0"},"west":{"uv":[6,3,7,6],"texture":"#0"},"up":{"uv":[4,2,6,3],"texture":"#0"},"down":{"uv":[4,2,6,3],"texture":"#0"}}},{"from":[7,2,7],"to":[9,10,9],"rotation":{"angle":0,"axis":"y","origin":[15,10,15]},"faces":{"north":{"uv":[6,0,6.5,2],"texture":"#0"},"east":{"uv":[6.5,0,7,2],"texture":"#0"},"south":{"uv":[6,0,6.5,2],"texture":"#0"},"west":{"uv":[6.5,0,7,2],"texture":"#0"}}},{"from":[7,0,2],"to":[9,2,14],"rotation":{"angle":0,"axis":"y","origin":[15,8,10]},"faces":{"north":{"uv":[6,6.25,6.5,6.75],"texture":"#0"},"east":{"uv":[3,6.5,6,7],"texture":"#0"},"south":{"uv":[6,6.25,6.5,6.75],"texture":"#0"},"west":{"uv":[3,6.5,6,7],"texture":"#0"},"up":{"uv":[3,6,6,6.5],"rotation":90,"texture":"#0"},"down":{"uv":[3,7,6,7.5],"rotation":90,"texture":"#0"}}},{"from":[2,0,7],"to":[14,2,9],"rotation":{"angle":0,"axis":"y","origin":[8,1,8]},"faces":{"north":{"uv":[3,6.5,6,7],"texture":"#0"},"east":{"uv":[6,6.25,6.5,6.75],"texture":"#0"},"south":{"uv":[3,6.5,6,7],"texture":"#0"},"west":{"uv":[6,6.25,6.5,6.75],"texture":"#0"},"up":{"uv":[3,6,6,6.5],"rotation":180,"texture":"#0"},"down":{"uv":[3,7,6,7.5],"texture":"#0"}}}],"display":{"thirdperson_righthand":{"rotation":[56,22,0],"scale":[0.3,0.3,0.3]},"thirdperson_lefthand":{"rotation":[56,22,0],"scale":[0.3,0.3,0.3]},"firstperson_righthand":{"rotation":[0,118,0],"translation":[12.75,-11.75,-12.75]},"firstperson_lefthand":{"rotation":[0,118,0],"translation":[12.75,-11.75,-12.75]},"ground":{"translation":[0,3.5,0],"scale":[0.29,0.29,0.29]},"gui":{"rotation":[30,135,0],"translation":[0,-2.5,0],"scale":[0.49,0.49,0.49]},"head":{"translation":[0,-28.75,0],"scale":[1.6,1.6,1.6]},"fixed":{"rotation":[-90,0,0],"translation":[0,0,16],"scale":[2,2,2]}}}