{"credit":"Made with Blockbench","ambientocclusion":false,"textures":{"1":"custom/decorations/mud_cover","particle":"custom/decorations/mud_cover"},"elements":[{"from":[0,0.25,0],"to":[16,0.25,16],"faces":{"up":{"uv":[0,0,16,16],"texture":"#1"}}}],"display":{"thirdperson_righthand":{"rotation":[10,36,0],"translation":[0,2.75,0],"scale":[0.3,0.3,0.3]},"thirdperson_lefthand":{"rotation":[10,36,0],"translation":[0,2.75,0],"scale":[0.3,0.3,0.3]},"firstperson_righthand":{"rotation":[0,40,0],"translation":[5.5,7.5,0.25]},"firstperson_lefthand":{"rotation":[0,40,0],"translation":[14.25,7.5,-0.75]},"ground":{"translation":[0,6,0],"scale":[0.4,0.4,0.4]},"gui":{"rotation":[74,0,0],"translation":[0,2.5,0]},"head":{"translation":[0,19.5,0],"scale":[1.6,1.6,1.6]},"fixed":{"rotation":[-90,0,0],"translation":[0,0,-14],"scale":[2,2,2]}}}