{"credit":"Made with Blockbench","textures":{"0":"custom/decorations/mug_sign","particle":"custom/decorations/mug_sign"},"elements":[{"from":[-10,5,5.75],"to":[-5.5,18,10.25],"rotation":{"angle":0,"axis":"y","origin":[8,8,4]},"faces":{"north":{"uv":[13.625,2.5,14.745,5.75],"texture":"#0"},"east":{"uv":[13.625,2.5,14.745,5.75],"texture":"#0"},"south":{"uv":[13.625,2.5,14.745,5.75],"texture":"#0"},"west":{"uv":[13.625,2.5,14.745,5.75],"texture":"#0"},"up":{"uv":[13.875,3.125,14.245,3.25],"texture":"#0"},"down":{"uv":[13.875,3.125,14.245,3.25],"texture":"#0"}}},{"from":[-10,1.5,6],"to":[0,5,10],"rotation":{"angle":0,"axis":"y","origin":[8,8,4]},"faces":{"north":{"uv":[12.25,5.75,14.75,6.6],"texture":"#0"},"south":{"uv":[12.25,5.75,14.75,6.6],"texture":"#0"},"west":{"uv":[14.75,5.75,15.625,6.6],"texture":"#0"},"up":{"uv":[14.75,0.625,12.25,1.475],"texture":"#0"},"down":{"uv":[12.375,2.75,13.25,5.25],"rotation":90,"texture":"#0"}}},{"from":[-10,18,6],"to":[0,21.5,10],"rotation":{"angle":0,"axis":"y","origin":[8,8,4]},"faces":{"north":{"uv":[12.25,1.625,14.75,2.475],"texture":"#0"},"south":{"uv":[14.75,1.625,12.25,2.475],"texture":"#0"},"west":{"uv":[14.75,1.625,15.625,2.475],"texture":"#0"},"up":{"uv":[14.75,0.625,12.25,1.475],"texture":"#0"},"down":{"uv":[12.375,2.75,13.25,5.25],"rotation":270,"texture":"#0"}}},{"from":[0,0,-4],"to":[24,28,20],"rotation":{"angle":0,"axis":"y","origin":[8,8,4]},"faces":{"north":{"uv":[0,0,6.125,7],"texture":"#0"},"east":{"uv":[6.125,0,12.25,7],"texture":"#0"},"south":{"uv":[6.125,0,12.25,7],"texture":"#0"},"west":{"uv":[6.125,0,12.25,7],"texture":"#0"},"up":{"uv":[6.125,7,12.25,13.125],"texture":"#0"},"down":{"uv":[0,7,6.125,13.125],"texture":"#0"}}}],"display":{"thirdperson_righthand":{"rotation":[78,0,0],"translation":[-13,-6.5,5],"scale":[2,2,2]},"thirdperson_lefthand":{"rotation":[78,0,0],"translation":[2.5,-6.5,5],"scale":[2,2,2]},"firstperson_righthand":{"rotation":[0,148,0],"translation":[12.75,-9.5,-12]},"firstperson_lefthand":{"rotation":[0,148,0],"translation":[12.75,-9.5,-12]},"ground":{"translation":[-5,15.75,-1]},"gui":{"rotation":[30,145,0],"translation":[0.75,-2.5,0],"scale":[0.4,0.4,0.4]},"head":{"translation":[-4,0,-0.25]},"fixed":{"rotation":[-90,0,0],"translation":[-16.25,0,20.75],"scale":[4,4,4]}},"groups":[{"name":"group","origin":[8,8,8],"children":[0,1,2,3]}]}