{"credit":"Made with Blockbench","texture_size":[64,64],"textures":{"0":"custom/decorations/news_stand","particle":"custom/decorations/news_stand"},"elements":[{"from":[-8,-1,5],"to":[-7,27,13],"faces":{"north":{"uv":[9.25,0,9.5,7],"texture":"#0"},"east":{"uv":[7.5,0,9.5,7],"texture":"#0"},"south":{"uv":[9.25,0,9.5,7],"texture":"#0"},"west":{"uv":[9.5,0,11.5,7],"texture":"#0"},"up":{"uv":[7.5,0,9.5,0.25],"rotation":90,"texture":"#0"},"down":{"uv":[7.5,6.75,9.5,7],"rotation":90,"texture":"#0"}}},{"from":[23,-1,5],"to":[24,27,13],"rotation":{"angle":0,"axis":"y","origin":[16,0,0]},"faces":{"north":{"uv":[9.5,0,9.25,7],"texture":"#0"},"east":{"uv":[11.5,0,9.5,7],"texture":"#0"},"south":{"uv":[9.5,0,9.25,7],"texture":"#0"},"west":{"uv":[9.5,0,7.5,7],"texture":"#0"},"up":{"uv":[7.5,0.25,9.5,0],"rotation":90,"texture":"#0"},"down":{"uv":[7.5,7,9.5,6.75],"rotation":90,"texture":"#0"}}},{"from":[-7,-1,12],"to":[23,24,13],"faces":{"north":{"uv":[0,0,7.5,6.25],"texture":"#0"},"east":{"uv":[0,0,0.25,6.25],"texture":"#0"},"south":{"uv":[0,0,7.5,6.25],"texture":"#0"},"west":{"uv":[0,0,0.25,6.25],"texture":"#0"},"up":{"uv":[0,0,7.5,0.25],"texture":"#0"},"down":{"uv":[0,6,7.5,6.25],"texture":"#0"}}},{"from":[-7,-1,9.75],"to":[23,17,10.75],"faces":{"north":{"uv":[0,6.25,7.5,10.75],"texture":"#0"},"east":{"uv":[0,6.25,0.25,10.75],"texture":"#0"},"south":{"uv":[0,6.25,7.5,10.75],"texture":"#0"},"west":{"uv":[0,6.25,0.25,10.75],"texture":"#0"},"up":{"uv":[0,6.25,7.5,6.5],"texture":"#0"},"down":{"uv":[0,10.5,7.5,10.75],"texture":"#0"}}},{"from":[-7,-1,7.25],"to":[23,11,8.25],"faces":{"north":{"uv":[0,10.75,7.5,13.75],"texture":"#0"},"east":{"uv":[0,10.75,0.25,13.75],"texture":"#0"},"south":{"uv":[0,10.75,7.5,13.75],"texture":"#0"},"west":{"uv":[0,10.75,0.25,13.75],"texture":"#0"},"up":{"uv":[0,10.75,7.5,11],"texture":"#0"},"down":{"uv":[0,13.5,7.5,13.75],"texture":"#0"}}},{"from":[-7,-1,5],"to":[23,5,6],"faces":{"north":{"uv":[0,13.75,7.5,15.25],"texture":"#0"},"east":{"uv":[0,13.75,0.25,15.25],"texture":"#0"},"south":{"uv":[0,13.75,7.5,15.25],"texture":"#0"},"west":{"uv":[0,13.75,0.25,15.25],"texture":"#0"},"up":{"uv":[0,13.75,7.5,14],"texture":"#0"},"down":{"uv":[0,15,7.5,15.25],"texture":"#0"}}},{"from":[-4,24,12],"to":[20,32,12],"faces":{"north":{"uv":[7.5,7,13.5,9],"texture":"#0"},"south":{"uv":[7.5,7,13.5,9],"texture":"#0"}}},{"from":[-7,0,6],"to":[23,0,12],"faces":{"up":{"uv":[1,5.5,4.25,6.25],"texture":"#0"},"down":{"uv":[1,5.5,4.25,6.25],"texture":"#0"}}}],"display":{"gui":{"rotation":[30,144,0],"translation":[0,-2,0],"scale":[0.36,0.36,0.36]},"fixed":{"rotation":[95.5,0,0],"translation":[0,-2.25,-14.25],"scale":[2,2,2]}}}