{"credit":"Made with Blockbench","textures":{"0":"custom/decorations/or_banner","particle":"custom/decorations/or_banner"},"elements":[{"from":[-4.25,15.75,6.75],"to":[20.25,18.25,9.25],"rotation":{"angle":0,"axis":"y","origin":[8,24,8]},"faces":{"north":{"uv":[0,0,6,0.5],"texture":"#0"},"south":{"uv":[0,0,6,0.5],"rotation":180,"texture":"#0"},"up":{"uv":[0,0,6,0.5],"rotation":180,"texture":"#0"},"down":{"uv":[0,0,6,0.5],"rotation":180,"texture":"#0"}}},{"from":[-4,16,7],"to":[20,18,9],"rotation":{"angle":0,"axis":"y","origin":[8,24,8]},"faces":{"north":{"uv":[6,0,12,0.5],"texture":"#0"},"east":{"uv":[12,0,12.5,0.5],"texture":"#0"},"south":{"uv":[6,0,12,0.5],"texture":"#0"},"west":{"uv":[12,0,12.5,0.5],"texture":"#0"},"up":{"uv":[6,0.625,12,1.125],"texture":"#0"},"down":{"uv":[6,1.25,12,1.75],"texture":"#0"}}},{"from":[20.25,18.25,9.25],"to":[-4.25,15.75,6.75],"rotation":{"angle":0,"axis":"y","origin":[8,24,8]},"faces":{"north":{"uv":[0,0,6,0.5],"texture":"#0"},"south":{"uv":[0,0,6,0.5],"texture":"#0"},"up":{"uv":[0,0,6,0.5],"texture":"#0"},"down":{"uv":[0,0,6,0.5],"texture":"#0"}}},{"from":[-3,-7,8],"to":[19,17,8],"rotation":{"angle":0,"axis":"y","origin":[8,24,8]},"faces":{"north":{"uv":[0.25,0,5.75,6],"texture":"#0"},"south":{"uv":[5.75,0,0.25,6],"texture":"#0"}}}],"display":{"thirdperson_righthand":{"rotation":[90,0,0],"translation":[-6,-2,40],"scale":[2,2,2]},"thirdperson_lefthand":{"rotation":[90,0,0],"translation":[-6,-2,40],"scale":[2,2,2]},"firstperson_righthand":{"rotation":[4,21,0],"translation":[9.75,0,-7.25]},"firstperson_lefthand":{"rotation":[4,21,0],"translation":[9.75,0,-7.25]},"ground":{"translation":[0,1.25,0],"scale":[0.2,0.2,0.2]},"gui":{"translation":[0,1.5,0],"scale":[0.63,0.63,0.63]},"head":{"translation":[0,-3,6.75]},"fixed":{"translation":[0,1.75,0]}},"groups":[{"name":"group","origin":[8,8,8],"children":[0,1,2,3]}]}