{"credit":"Made with Blockbench","textures":{"0":"custom/decorations/or_banner","particle":"custom/decorations/or_banner"},"elements":[{"from":[-3,0,8],"to":[19,32,8],"faces":{"north":{"uv":[0.25,6,5.75,14],"texture":"#0"},"south":{"uv":[5.75,6,0.25,14],"texture":"#0"}}}],"display":{"thirdperson_righthand":{"rotation":[90,0,0],"translation":[-6,-2,-38],"scale":[2,2,2]},"thirdperson_lefthand":{"rotation":[90,0,0],"translation":[-6,-2,-38],"scale":[2,2,2]},"firstperson_righthand":{"rotation":[0,16,0],"translation":[9.5,-8.75,-7.25]},"firstperson_lefthand":{"rotation":[0,16,0],"translation":[9.5,-8.75,-7.25]},"ground":{"translation":[0,5.75,0],"scale":[0.4,0.4,0.4]},"gui":{"translation":[0,-4,0],"scale":[0.5,0.5,0.5]},"head":{"translation":[0,-30.25,4.5]},"fixed":{"translation":[0,-8.5,0]}}}