{"credit":"Made with Blockbench","textures":{"0":"custom/decorations/or_flag","particle":"custom/decorations/or_flag"},"elements":[{"from":[16,-0.1,7.25],"to":[17.5,11.15,8.75],"faces":{"north":{"uv":[0,0,0.625,5.5],"texture":"#0"},"east":{"uv":[0,0,0.625,5.5],"texture":"#0"},"south":{"uv":[0,0,0.625,5.5],"texture":"#0"},"west":{"uv":[0,0,0.625,5.5],"texture":"#0"}}},{"from":[17.5,11.15,8.75],"to":[16,-0.1,7.25],"faces":{"north":{"uv":[0,0,0.625,5.5],"texture":"#0"},"east":{"uv":[0,0,0.625,5.5],"texture":"#0"},"south":{"uv":[0,0,0.625,5.5],"texture":"#0"},"west":{"uv":[0,0,0.625,5.5],"texture":"#0"}}},{"from":[4,0,8],"to":[16,11,8],"faces":{"north":{"uv":[0.125,0,6.125,5.5],"texture":"#0"},"south":{"uv":[6.125,0,0.125,5.5],"texture":"#0"}}},{"from":[-12,0,8],"to":[4,11,8],"faces":{"north":{"uv":[6.125,0,14.125,5.5],"texture":"#0"},"south":{"uv":[14.125,0,6.125,5.5],"texture":"#0"}}}],"display":{"thirdperson_righthand":{"rotation":[90,0,0],"translation":[-35.25,-2,15],"scale":[4,4,4]},"thirdperson_lefthand":{"rotation":[90,0,0],"translation":[8,-2,15],"scale":[4,4,4]},"ground":{"translation":[0,2.5,0],"scale":[0.19,0.19,0.19]},"gui":{"rotation":[18,180,0],"translation":[-3,1.75,0],"scale":[0.55,0.55,0.55]},"head":{"translation":[10,8.75,0],"scale":[3.2,3.2,3.2]},"fixed":{"translation":[5.25,0,0]}},"groups":[0,1,2,{"name":"or_flag_end","origin":[8,8,8],"color":0,"children":[3]}]}