{"credit":"Made with Blockbench","textures":{"0":"custom/decorations/or_flag","particle":"custom/decorations/or_flag"},"elements":[{"from":[13.75,-0.25,6.5],"to":[16.75,22.25,9.5],"faces":{"north":{"uv":[0,0,0.625,5.5],"texture":"#0"},"east":{"uv":[0,0,0.625,5.5],"texture":"#0"},"south":{"uv":[0,0,0.625,5.5],"texture":"#0"},"west":{"uv":[0,0,0.625,5.5],"texture":"#0"}}},{"from":[16.75,22.25,9.5],"to":[13.75,-0.25,6.5],"faces":{"north":{"uv":[0,0,0.625,5.5],"texture":"#0"},"east":{"uv":[0,0,0.625,5.5],"texture":"#0"},"south":{"uv":[0,0,0.625,5.5],"texture":"#0"},"west":{"uv":[0,0,0.625,5.5],"texture":"#0"}}},{"from":[-9,0,8],"to":[15,22,8],"faces":{"north":{"uv":[0.125,0,6.125,5.5],"texture":"#0"},"south":{"uv":[6.125,0,0.125,5.5],"texture":"#0"}}}],"display":{"ground":{"scale":[0.4,0.4,0.4]},"gui":{"rotation":[18,180,0],"translation":[-2.5,-1.25,0],"scale":[0.6,0.6,0.6]},"head":{"translation":[-23.25,0,0],"scale":[3.2,3.2,3.2]}}}