{"credit":"Made with Blockbench","texture_size":[64,64],"textures":{"2":"custom/decorations/patrick_chest","particle":"custom/decorations/patrick_chest"},"elements":[{"from":[-4,0,0],"to":[21,8,16],"rotation":{"angle":0,"axis":"y","origin":[4,8,8]},"faces":{"north":{"uv":[0,4,6.25,6],"texture":"#2"},"east":{"uv":[6.25,4,10.25,6],"texture":"#2"},"south":{"uv":[6.25,14,12.5,16],"texture":"#2"},"west":{"uv":[6.25,4,10.25,6],"texture":"#2"},"up":{"uv":[0,0,6.25,4],"rotation":180,"texture":"#2"},"down":{"uv":[0,6,6.25,10],"texture":"#2"}}},{"from":[-7,1,-3],"to":[-2,1,0],"rotation":{"angle":45,"axis":"y","origin":[-3.5,1,-1.5]},"faces":{"up":{"uv":[12.5,8.5,13.75,9.25],"rotation":180,"texture":"#2"},"down":{"uv":[12.5,8.5,13.75,9.25],"texture":"#2"}}},{"from":[6,1,11],"to":[11,1,14],"rotation":{"angle":-45,"axis":"y","origin":[-3.5,1,-1.5]},"faces":{"up":{"uv":[12.5,8.5,13.75,9.25],"texture":"#2"},"down":{"uv":[12.5,8.5,13.75,9.25],"rotation":180,"texture":"#2"}}},{"from":[-1,1,28],"to":[4,1,31],"rotation":{"angle":45,"axis":"y","origin":[-3.5,1,-1.5]},"faces":{"up":{"uv":[12.5,8.5,13.75,9.25],"texture":"#2"},"down":{"uv":[12.5,8.5,13.75,9.25],"rotation":180,"texture":"#2"}}},{"from":[17,1,-12],"to":[22,1,-9],"rotation":{"angle":-22.5,"axis":"y","origin":[-3.5,1,-1.5]},"faces":{"up":{"uv":[12.5,8.5,13.75,9.25],"rotation":180,"texture":"#2"},"down":{"uv":[12.5,8.5,13.75,9.25],"texture":"#2"}}}],"display":{"thirdperson_righthand":{"rotation":[90,0,0],"translation":[-6.5,5,12]},"thirdperson_lefthand":{"rotation":[90,0,0],"translation":[-5.5,5,12]},"head":{"translation":[-0.75,8,-11.25],"scale":[1.61,1.61,1.61]}},"groups":[{"name":"valentine_chest_base","origin":[8,8,8],"children":[{"name":"valentine_chest_base","origin":[8,8,8],"children":[0]}]},1,2,3,4]}