{"credit":"Made with Blockbench","texture_size":[64,64],"textures":{"2":"custom/decorations/patrick_chest","particle":"custom/decorations/patrick_chest"},"elements":[{"from":[-4.5,-0.5,-0.5],"to":[21.5,8.5,16.5],"rotation":{"angle":0,"axis":"x","origin":[8,0,16]},"faces":{"north":{"uv":[6.25,12,12.5,14],"texture":"#2"},"east":{"uv":[4,14,0,16],"texture":"#2"},"south":{"uv":[6.25,12,12.5,14],"texture":"#2"},"west":{"uv":[0,14,4,16],"texture":"#2"},"up":{"uv":[0,14,6.25,10],"texture":"#2"}}},{"from":[21.5,8.5,16.5],"to":[-4.5,-0.5,-0.5],"rotation":{"angle":0,"axis":"x","origin":[8,0,16]},"faces":{"north":{"uv":[6.25,12,12.5,14],"rotation":180,"texture":"#2"},"east":{"uv":[0,14,4,16],"rotation":180,"texture":"#2"},"south":{"uv":[6.25,12,12.5,14],"rotation":180,"texture":"#2"},"west":{"uv":[0,14,4,16],"rotation":180,"texture":"#2"},"down":{"uv":[0,14,6.25,10],"texture":"#2"}}},{"from":[-4,0,0],"to":[21,8,16],"rotation":{"angle":0,"axis":"x","origin":[8,0,16]},"faces":{"north":{"uv":[6.25,6,12.5,8],"texture":"#2"},"east":{"uv":[14.25,4,10.25,6],"texture":"#2"},"south":{"uv":[6.25,6,12.5,8],"texture":"#2"},"west":{"uv":[10.25,4,14.25,6],"texture":"#2"},"up":{"uv":[6.25,12,12.5,8],"texture":"#2"},"down":{"uv":[6.25,4,12.5,0],"rotation":180,"texture":"#2"}}},{"from":[4.5,-3,-2],"to":[12.5,5,0],"rotation":{"angle":0,"axis":"y","origin":[0,0,0]},"faces":{"north":{"uv":[12.5,6.5,14.5,8.5],"texture":"#2"},"east":{"uv":[15,6.5,14.5,8.5],"texture":"#2"},"south":{"uv":[12.5,6.5,14.5,8.5],"texture":"#2"},"west":{"uv":[14.5,6.5,15,8.5],"texture":"#2"},"up":{"uv":[12.5,6,14.5,6.5],"rotation":180,"texture":"#2"},"down":{"uv":[12.5,6,14.5,6.5],"texture":"#2"}}}],"display":{"thirdperson_righthand":{"rotation":[90,0,0],"translation":[-6.5,5,12]},"thirdperson_lefthand":{"rotation":[90,0,0],"translation":[-5.5,5,12]},"head":{"translation":[-0.75,8,-11.25],"scale":[1.61,1.61,1.61]}},"groups":[{"name":"group","origin":[14,13,6],"children":[0,1,2,{"name":"group","origin":[14,13,6],"children":[]},3]}]}