{"credit":"Made with Blockbench","textures":{"0":"custom/decorations/rocks","particle":"custom/decorations/rocks"},"elements":[{"from":[6,0,6],"to":[12,2,12],"faces":{"north":{"uv":[0,0.5,3,1.5],"texture":"#0"},"east":{"uv":[0,0.5,3,1.5],"texture":"#0"},"south":{"uv":[0,0.5,3,1.5],"texture":"#0"},"west":{"uv":[0,0.5,3,1.5],"texture":"#0"},"up":{"uv":[3,0,6,3],"rotation":90,"texture":"#0"},"down":{"uv":[14.5,0,15.5,1],"texture":"#0"}}}],"display":{"thirdperson_righthand":{"rotation":[26,45,0],"translation":[0,2.25,0.75],"scale":[0.3,0.3,0.3]},"thirdperson_lefthand":{"rotation":[26,-39,0],"translation":[0,2.25,0.75],"scale":[0.3,0.3,0.3]},"firstperson_righthand":{"rotation":[0,-103,0],"translation":[5,8.25,-1.25]},"firstperson_lefthand":{"rotation":[0,-159,0],"translation":[5,8.25,-1.25]},"ground":{"translation":[0,1.75,0],"scale":[0.3,0.3,0.3]},"gui":{"rotation":[30,45,0],"translation":[0,4.5,0],"scale":[0.7,0.7,0.7]},"head":{"rotation":[0,86,0],"translation":[0,14,0]},"fixed":{"rotation":[-90,0,0],"translation":[0,0,-14],"scale":[2,2,2]}},"groups":[{"name":"group","origin":[8,8,8],"children":[0]}]}