{"credit":"Made with Blockbench","textures":{"0":"custom/decorations/rocks","particle":"custom/decorations/rocks"},"elements":[{"from":[2,0,3],"to":[6,2,7],"faces":{"north":{"uv":[0,11.5,2,12.5],"texture":"#0"},"east":{"uv":[0,11.5,2,12.5],"texture":"#0"},"south":{"uv":[0,11.5,2,12.5],"texture":"#0"},"west":{"uv":[0,11.5,2,12.5],"texture":"#0"},"up":{"uv":[0,9.5,2,12],"texture":"#0"},"down":{"uv":[14.5,0,15.5,1],"texture":"#0"}}},{"from":[5,0,11],"to":[8,2,14],"faces":{"north":{"uv":[5.5,11.5,7,12.5],"texture":"#0"},"east":{"uv":[5.5,11.5,7,12.5],"texture":"#0"},"south":{"uv":[5.5,11.5,7,12.5],"texture":"#0"},"west":{"uv":[5.5,11.5,7,12.5],"texture":"#0"},"up":{"uv":[5.5,10,7,11.5],"texture":"#0"},"down":{"uv":[14.5,0,15.5,1],"texture":"#0"}}},{"from":[11,-1,5],"to":[14,1,8],"faces":{"north":{"uv":[5.5,11.5,7,12.5],"texture":"#0"},"east":{"uv":[5.5,11.5,7,12.5],"texture":"#0"},"south":{"uv":[5.5,11.5,7,12.5],"texture":"#0"},"west":{"uv":[5.5,11.5,7,12.5],"texture":"#0"},"up":{"uv":[5.5,10,7,11.5],"texture":"#0"},"down":{"uv":[14.5,0,15.5,1],"texture":"#0"}}}],"display":{"thirdperson_righthand":{"rotation":[26,45,0],"translation":[0,2.25,0.75],"scale":[0.3,0.3,0.3]},"thirdperson_lefthand":{"rotation":[26,-39,0],"translation":[0,2.25,0.75],"scale":[0.3,0.3,0.3]},"firstperson_righthand":{"rotation":[0,43,0],"translation":[5,8.25,-0.25]},"firstperson_lefthand":{"rotation":[0,-180,0],"translation":[7.5,8.25,-0.25]},"ground":{"translation":[0,1.75,0],"scale":[0.3,0.3,0.3]},"gui":{"rotation":[30,-45,0],"translation":[0.25,4.5,0],"scale":[0.7,0.7,0.7]},"head":{"rotation":[0,86,0],"translation":[0,14,0]},"fixed":{"rotation":[-90,0,0],"translation":[0,0,-14],"scale":[2,2,2]}},"groups":[{"name":"group","origin":[8,8,8],"children":[0,1,2]}]}