{"credit":"Made with Blockbench","textures":{"0":"custom/furniture/pet_bowl","particle":"custom/furniture/pet_bowl"},"elements":[{"from":[3,1,3],"to":[13,4,13],"faces":{"north":{"uv":[0.5,5,5.5,6.5],"texture":"#0","tintindex":1},"east":{"uv":[0.5,5,5.5,6.5],"texture":"#0","tintindex":1},"south":{"uv":[0.5,5,5.5,6.5],"texture":"#0","tintindex":1},"west":{"uv":[0.5,5,5.5,6.5],"texture":"#0","tintindex":1},"up":{"uv":[0.5,0,5.5,5],"texture":"#0","tintindex":1},"down":{"uv":[0,0,0,0],"texture":"#0","tintindex":1}}},{"from":[2,0,2],"to":[14,1,14],"faces":{"north":{"uv":[0,6.5,6,7],"texture":"#0"},"east":{"uv":[6.5,6.5,12.5,7],"texture":"#0"},"south":{"uv":[6.5,6.5,12.5,7],"texture":"#0"},"west":{"uv":[6.5,6.5,12.5,7],"texture":"#0"},"up":{"uv":[6,0,12,6],"texture":"#0"},"down":{"uv":[6,0,12,6],"texture":"#0"}}},{"from":[4,3.001,4],"to":[12,4.001,12],"faces":{"up":{"uv":[1,7,5,11],"texture":"#0"}}}],"display":{"thirdperson_righthand":{"rotation":[42,46,0],"translation":[0,2.75,2.75],"scale":[0.4,0.4,0.4]},"thirdperson_lefthand":{"rotation":[42,46,0],"translation":[0,2.75,2.75],"scale":[0.4,0.4,0.4]},"firstperson_righthand":{"rotation":[5,117,0],"translation":[6,6.75,-2.5]},"firstperson_lefthand":{"rotation":[5,117,0],"translation":[6,6.75,-2.5]},"ground":{"translation":[0,4.5,0],"scale":[0.4,0.4,0.4]},"gui":{"rotation":[30,135,0],"translation":[0,5.5,0],"scale":[0.9,0.9,0.9]},"head":{"translation":[0,14.25,0]},"fixed":{"rotation":[-90,0,0],"translation":[0,0,-16],"scale":[2,2,2]}},"groups":[{"name":"group","origin":[8,8,8],"children":[0,1]},2]}