{"credit":"Made with Blockbench","textures":{"0":"custom/furniture/wooden_table","particle":"custom/furniture/wooden_table"},"elements":[{"from":[1,-7,12],"to":[6,25,14],"rotation":{"angle":22.5,"axis":"x","origin":[8,8,8]},"faces":{"north":{"uv":[0,5.75,8,7],"rotation":270,"texture":"#0"},"east":{"uv":[0,8,8,8.5],"rotation":90,"texture":"#0"},"south":{"uv":[0,5.75,8,7],"rotation":270,"texture":"#0"},"west":{"uv":[0,8,8,8.5],"rotation":270,"texture":"#0"},"up":{"uv":[8,5.75,8.5,7],"rotation":90,"texture":"#0"},"down":{"uv":[8,5.75,8.5,7],"rotation":270,"texture":"#0"}}},{"from":[6,-6,5],"to":[11,26,7],"rotation":{"angle":45,"axis":"x","origin":[8,8,8]},"faces":{"north":{"uv":[0,5.75,8,7],"rotation":270,"texture":"#0"},"east":{"uv":[0,8,8,8.5],"rotation":90,"texture":"#0"},"south":{"uv":[0,5.75,8,7],"rotation":270,"texture":"#0"},"west":{"uv":[0,8,8,8.5],"rotation":270,"texture":"#0"},"up":{"uv":[8,5.75,8.5,7],"rotation":90,"texture":"#0"},"down":{"uv":[8,5.75,8.5,7],"rotation":270,"texture":"#0"}}},{"from":[11,-3,11],"to":[16,29,13],"rotation":{"angle":22.5,"axis":"x","origin":[8,8,8]},"faces":{"north":{"uv":[0,5.75,8,7],"rotation":90,"texture":"#0"},"east":{"uv":[0,8,8,8.5],"rotation":90,"texture":"#0"},"south":{"uv":[0,5.75,8,7],"rotation":270,"texture":"#0"},"west":{"uv":[0,8,8,8.5],"rotation":270,"texture":"#0"},"up":{"uv":[8,5.75,8.5,7],"rotation":90,"texture":"#0"},"down":{"uv":[8,5.75,8.5,7],"rotation":270,"texture":"#0"}}}],"display":{"thirdperson_righthand":{"rotation":[157,38,-98],"translation":[-8.5,2.5,5],"scale":[0.79,0.79,0.79]},"thirdperson_lefthand":{"rotation":[125,24,145],"translation":[0.75,3,13.5],"scale":[0.79,0.79,0.79]},"firstperson_righthand":{"translation":[13,0.75,-8.75]},"firstperson_lefthand":{"translation":[13,0.75,-8.75]},"ground":{"translation":[0,7.75,0],"scale":[0.4,0.4,0.4]},"gui":{"rotation":[30,135,0],"translation":[-1,-1.25,0],"scale":[0.41,0.41,0.41]},"head":{"translation":[0,13.25,0]},"fixed":{"rotation":[-90,0,0],"translation":[0,-5.75,-19],"scale":[2,2,2]}}}