{"credit":"Made with Blockbench","textures":{"0":"custom/furniture/wooden_table","particle":"custom/furniture/wooden_table"},"elements":[{"from":[-8,0,-1],"to":[24,2,4],"faces":{"north":{"uv":[0,8,8,8.5],"texture":"#0"},"east":{"uv":[8,5.75,8.5,7],"rotation":90,"texture":"#0"},"south":{"uv":[0,8,8,8.5],"texture":"#0"},"west":{"uv":[8,5.75,8.5,7],"rotation":90,"texture":"#0"},"up":{"uv":[0,1.75,8,3],"texture":"#0"},"down":{"uv":[0,5.75,8,7],"texture":"#0"}}},{"from":[-12,2,0],"to":[20,4,5],"faces":{"north":{"uv":[0,8,8,8.5],"texture":"#0"},"east":{"uv":[8,5.75,8.5,7],"rotation":90,"texture":"#0"},"south":{"uv":[0,8,8,8.5],"texture":"#0"},"west":{"uv":[8,5.75,8.5,7],"rotation":90,"texture":"#0"},"up":{"uv":[0,1.75,8,3],"texture":"#0"},"down":{"uv":[0,5.75,8,7],"texture":"#0"}}},{"from":[0,6,-5],"to":[5,8,27],"rotation":{"angle":22.5,"axis":"x","origin":[8,8,8]},"faces":{"north":{"uv":[8,5.75,8.5,7],"rotation":90,"texture":"#0"},"east":{"uv":[0,8,8,8.5],"texture":"#0"},"south":{"uv":[8,5.75,8.5,7],"rotation":90,"texture":"#0"},"west":{"uv":[0,8,8,8.5],"texture":"#0"},"up":{"uv":[0,1.75,8,3],"rotation":270,"texture":"#0"},"down":{"uv":[0,5.75,8,7],"rotation":90,"texture":"#0"}}},{"from":[-7,4,3],"to":[25,6,8],"rotation":{"angle":-22.5,"axis":"x","origin":[8,8,8]},"faces":{"north":{"uv":[0,8,8,8.5],"texture":"#0"},"east":{"uv":[8,5.75,8.5,7],"rotation":90,"texture":"#0"},"south":{"uv":[0,8,8,8.5],"texture":"#0"},"west":{"uv":[8,5.75,8.5,7],"rotation":90,"texture":"#0"},"up":{"uv":[0,1.75,8,3],"texture":"#0"},"down":{"uv":[0,5.75,8,7],"texture":"#0"}}},{"from":[-8,2,9],"to":[24,4,14],"faces":{"north":{"uv":[0,8,8,8.5],"texture":"#0"},"east":{"uv":[8,5.75,8.5,7],"rotation":90,"texture":"#0"},"south":{"uv":[0,8,8,8.5],"texture":"#0"},"west":{"uv":[8,5.75,8.5,7],"rotation":90,"texture":"#0"},"up":{"uv":[0,1.75,8,3],"texture":"#0"},"down":{"uv":[0,5.75,8,7],"texture":"#0"}}},{"from":[-4,0,11],"to":[28,2,16],"faces":{"north":{"uv":[0,8,8,8.5],"texture":"#0"},"east":{"uv":[8,5.75,8.5,7],"rotation":90,"texture":"#0"},"south":{"uv":[0,8,8,8.5],"texture":"#0"},"west":{"uv":[8,5.75,8.5,7],"rotation":90,"texture":"#0"},"up":{"uv":[0,1.75,8,3],"texture":"#0"},"down":{"uv":[0,5.75,8,7],"texture":"#0"}}},{"from":[-10,0,5],"to":[22,2,10],"faces":{"north":{"uv":[0,8,8,8.5],"texture":"#0"},"east":{"uv":[8,5.75,8.5,7],"rotation":90,"texture":"#0"},"south":{"uv":[0,8,8,8.5],"texture":"#0"},"west":{"uv":[8,5.75,8.5,7],"rotation":90,"texture":"#0"},"up":{"uv":[0,5.75,8,7],"texture":"#0"},"down":{"uv":[0,5.75,8,7],"texture":"#0"}}}],"display":{"thirdperson_righthand":{"rotation":[51,180,0],"translation":[-5.25,5.75,4.75],"scale":[0.79,0.79,0.79]},"thirdperson_lefthand":{"rotation":[4,-78,0],"translation":[2.5,4.75,13.75],"scale":[0.79,0.79,0.79]},"firstperson_righthand":{"translation":[-8.5,0.75,-8.75]},"firstperson_lefthand":{"rotation":[91,90,0],"translation":[14,0.5,3.75]},"ground":{"translation":[0,7.75,0],"scale":[0.4,0.4,0.4]},"gui":{"rotation":[30,-45,0],"translation":[0,1.75,0],"scale":[0.45,0.45,0.45]},"head":{"translation":[0,13.25,0]},"fixed":{"rotation":[-90,0,0],"translation":[0,1.75,-16],"scale":[2,2,2]}}}