{"credit":"Made with Blockbench","texture_size":[64,64],"textures":{"0":"custom/decorations/rare_chest","particle":"custom/decorations/rare_chest"},"elements":[{"from":[-4,0,0],"to":[21,8,16],"rotation":{"angle":0,"axis":"y","origin":[4,8,8]},"faces":{"north":{"uv":[0,4,6.25,6],"texture":"#0"},"east":{"uv":[6.25,4,10.25,6],"texture":"#0"},"south":{"uv":[6.25,14,12.5,16],"texture":"#0"},"west":{"uv":[6.25,4,10.25,6],"texture":"#0"},"up":{"uv":[0,0,6.25,4],"rotation":180,"texture":"#0"},"down":{"uv":[0,6,6.25,10],"texture":"#0"}}}],"display":{"thirdperson_righthand":{"rotation":[90,0,0],"translation":[-6.5,5,12]},"thirdperson_lefthand":{"rotation":[90,0,0],"translation":[-5.5,5,12]}}}