{"credit":"Made with Blockbench","texture_size":[64,64],"textures":{"0":"custom/decorations/rare_chest","particle":"custom/decorations/rare_chest"},"elements":[{"from":[-4.5,-0.5,-0.5],"to":[21.5,8.5,16.5],"rotation":{"angle":0,"axis":"x","origin":[8,0,16]},"faces":{"north":{"uv":[6.25,12,12.5,14],"texture":"#0"},"east":{"uv":[4,14,0,16],"texture":"#0"},"south":{"uv":[6.25,12,12.5,14],"texture":"#0"},"west":{"uv":[0,14,4,16],"texture":"#0"},"up":{"uv":[0,14,6.25,10],"texture":"#0"}}},{"from":[21.5,8.5,16.5],"to":[-4.5,-0.5,-0.5],"rotation":{"angle":0,"axis":"x","origin":[8,0,16]},"faces":{"north":{"uv":[6.25,12,12.5,14],"rotation":180,"texture":"#0"},"east":{"uv":[0,14,4,16],"rotation":180,"texture":"#0"},"south":{"uv":[6.25,12,12.5,14],"rotation":180,"texture":"#0"},"west":{"uv":[0,14,4,16],"rotation":180,"texture":"#0"},"down":{"uv":[0,14,6.25,10],"texture":"#0"}}},{"from":[-4,0,0],"to":[21,8,16],"rotation":{"angle":0,"axis":"x","origin":[8,0,16]},"faces":{"north":{"uv":[6.25,6,12.5,8],"texture":"#0"},"east":{"uv":[14.25,4,10.25,6],"texture":"#0"},"south":{"uv":[6.25,6,12.5,8],"texture":"#0"},"west":{"uv":[10.25,4,14.25,6],"texture":"#0"},"up":{"uv":[6.25,12,12.5,8],"texture":"#0"},"down":{"uv":[6.25,4,12.5,0],"rotation":180,"texture":"#0"}}},{"from":[6,-3,-2],"to":[11,4,0],"rotation":{"angle":0,"axis":"x","origin":[8,0,16]},"faces":{"north":{"uv":[12.5,6,13.75,7.75],"texture":"#0"},"east":{"uv":[14.25,6,13.75,7.75],"texture":"#0"},"south":{"uv":[14,6,13.75,7.75],"texture":"#0"},"west":{"uv":[13.75,6,14.25,7.75],"texture":"#0"},"up":{"uv":[12.5,7.75,13.75,8.25],"rotation":180,"texture":"#0"},"down":{"uv":[13,6.5,13.5,7],"rotation":180,"texture":"#0"}}}],"display":{"head":{"translation":[-0.75,8,-11.25],"scale":[1.6,1.6,1.6]}},"groups":[{"name":"group","origin":[14,13,6],"children":[0,1,2,3]}]}