{"credit":"Made with Blockbench","textures":{"0":"custom/ui/realm_logo","particle":"custom/ui/realm_logo"},"elements":[{"from":[-10,7,-16],"to":[28,7,32],"rotation":{"angle":45,"axis":"x","origin":[8,8,8]},"faces":{"up":{"uv":[16,0,10.75,6.778],"texture":"#0","tintindex":0},"down":{"uv":[10.75,0,16,6.778],"rotation":180,"texture":"#0","tintindex":0}}}],"display":{"thirdperson_righthand":{"translation":[0,0,12]},"thirdperson_lefthand":{"rotation":[15,0,0],"translation":[1.25,1.5,0.5],"scale":[0.2,0.2,0.2]},"firstperson_righthand":{"rotation":[0,118,0],"translation":[0,6,2.5],"scale":[0.3,0.3,0.3]},"firstperson_lefthand":{"rotation":[0,118,0],"translation":[0,6,3],"scale":[0.3,0.3,0.3]},"ground":{"translation":[0,3.25,0],"scale":[0.2,0.2,0.2]},"gui":{"rotation":[0,-180,0],"scale":[0.3,0.3,0.3]},"head":{"translation":[4,26.25,-0.25],"scale":[2,2,2]},"fixed":{"rotation":[8,0,0],"translation":[-12,0,-10],"scale":[2,2,2]}}}