{"credit":"Made with Blockbench","texture_size":[64,64],"textures":{"0":"custom/decorations/featured_board","particle":"custom/decorations/featured_board"},"elements":[{"from":[-8,-7,14],"to":[24,32,16],"faces":{"north":{"uv":[0,0,8,9.75],"texture":"#0"},"east":{"uv":[8.5,0,8,9.75],"texture":"#0"},"south":{"uv":[0,0,8,9.75],"texture":"#0"},"west":{"uv":[8,0,8.5,9.75],"texture":"#0"},"up":{"uv":[0,14.75,8,14.25],"texture":"#0"},"down":{"uv":[0,9.75,8,9.5],"texture":"#0"}}},{"from":[-8,-13.75,12.25],"to":[24,-4.75,14.25],"rotation":{"angle":-22.5,"axis":"x","origin":[8,-8.5,13]},"faces":{"north":{"uv":[0,9.75,8,12],"texture":"#0"},"east":{"uv":[0,9.75,0.25,12],"texture":"#0"},"south":{"uv":[0,9.75,8,12],"texture":"#0"},"west":{"uv":[0,9.75,0.25,12],"texture":"#0"},"up":{"uv":[0,9.75,8,10],"texture":"#0"},"down":{"uv":[0,11.75,8,12],"texture":"#0"}}}],"display":{"thirdperson_righthand":{"rotation":[63,27,0],"translation":[0,1.75,0],"scale":[0.23,0.23,0.23]},"thirdperson_lefthand":{"rotation":[63,27,0],"translation":[0,1.75,0],"scale":[0.23,0.23,0.23]},"firstperson_righthand":{"rotation":[0,130,0],"translation":[2,2.5,0],"scale":[0.14,0.14,0.14]},"firstperson_lefthand":{"rotation":[0,130,0],"translation":[2,2.5,0],"scale":[0.14,0.14,0.14]},"gui":{"translation":[0,-0.5,0],"scale":[0.33,0.33,0.33]},"fixed":{"translation":[0,0,-16],"scale":[2,2,2]}}}