{"credit":"Made with Blockbench","textures":{"0":"custom/decorations/rocks","particle":"custom/decorations/rocks"},"elements":[{"from":[4,0,4],"to":[10,6,10],"faces":{"north":{"uv":[0,0,3,3],"texture":"#0"},"east":{"uv":[0,0,3,3],"texture":"#0"},"south":{"uv":[0,0,3,3],"texture":"#0"},"west":{"uv":[0,0,3,3],"texture":"#0"},"up":{"uv":[3,0,6,3],"texture":"#0"},"down":{"uv":[14.5,0,15.5,1],"texture":"#0"}}}],"display":{"thirdperson_righthand":{"rotation":[26,45,0],"translation":[0.5,1.25,0.25],"scale":[0.3,0.3,0.3]},"thirdperson_lefthand":{"rotation":[26,45,0],"translation":[0.5,1.25,0.25],"scale":[0.3,0.3,0.3]},"firstperson_righthand":{"rotation":[0,36,0],"translation":[5,3.25,-1.25]},"firstperson_lefthand":{"rotation":[0,36,0],"translation":[5,3.25,-1.25]},"ground":{"translation":[0,1.75,0],"scale":[0.3,0.3,0.3]},"gui":{"rotation":[30,45,0],"translation":[1.75,4.5,0]},"head":{"translation":[0,14,0]},"fixed":{"rotation":[-90,0,0],"translation":[0,0,-15],"scale":[2,2,2]}},"groups":[{"name":"group","origin":[8,8,8],"children":[0]}]}