{"credit":"Made with Blockbench","textures":{"0":"custom/decorations/ruby_bank_gem","particle":"custom/decorations/ruby_bank_gem"},"elements":[{"from":[4,0,4],"to":[12,8,12],"faces":{"north":{"uv":[0,0,8,8],"texture":"#0"},"east":{"uv":[0,0,8,8],"texture":"#0"},"south":{"uv":[0,0,8,8],"texture":"#0"},"west":{"uv":[0,0,8,8],"texture":"#0"},"up":{"uv":[0,0,8,8],"texture":"#0"},"down":{"uv":[0,0,8,8],"texture":"#0"}}}],"display":{"thirdperson_righthand":{"rotation":[43,45,0],"translation":[0,1.75,0],"scale":[0.4,0.4,0.4]},"thirdperson_lefthand":{"rotation":[43,45,0],"translation":[0,1.75,0],"scale":[0.4,0.4,0.4]},"firstperson_righthand":{"rotation":[0,34,0],"translation":[10.5,-3.25,-9]},"firstperson_lefthand":{"rotation":[0,34,0],"translation":[10.5,-3.25,-9]},"ground":{"translation":[0,4.5,0],"scale":[0.4,0.4,0.4]},"gui":{"rotation":[30,45,0],"translation":[0,1,0],"scale":[0.7,0.7,0.7]},"head":{"rotation":[55,45,-90],"translation":[4.5,21.5,-2.75],"scale":[1.6,1.6,1.6]},"fixed":{"rotation":[-90,0,0],"translation":[0,0,-14],"scale":[2,2,2]}}}