{"credit":"Made with Blockbench","textures":{"0":"custom/decorations/ruby_bank_gem","particle":"custom/decorations/ruby_bank_gem"},"elements":[{"from":[6,0,6],"to":[10,4,10],"rotation":{"angle":0,"axis":"y","origin":[7,7,7]},"faces":{"north":{"uv":[8,0,12,4],"texture":"#0"},"east":{"uv":[8,0,12,4],"texture":"#0"},"south":{"uv":[8,0,12,4],"texture":"#0"},"west":{"uv":[8,0,12,4],"texture":"#0"},"up":{"uv":[12,0,16,4],"texture":"#0"},"down":{"uv":[8,4,12,8],"texture":"#0"}}}],"display":{"thirdperson_righthand":{"translation":[0,4,8]},"thirdperson_lefthand":{"translation":[0,4,8]},"firstperson_righthand":{"rotation":[0,34,0],"translation":[10.5,-3.25,-9]},"firstperson_lefthand":{"rotation":[0,34,0],"translation":[10.5,-3.25,-9]},"ground":{"translation":[0,4.5,0],"scale":[0.4,0.4,0.4]},"gui":{"rotation":[30,45,0],"translation":[0,1.75,0],"scale":[0.7,0.7,0.7]},"head":{"translation":[0,19.25,0],"scale":[1.6,1.6,1.6]},"fixed":{"rotation":[-90,0,0],"translation":[0,0,-14],"scale":[2,2,2]}}}