{"credit":"Made with Blockbench","textures":{"0":"custom/decorations/rusty_bucket_sign_back","particle":"custom/decorations/rusty_bucket_sign_back"},"elements":[{"from":[-8,0,7],"to":[24,32,8.5],"rotation":{"angle":0,"axis":"y","origin":[8,8,3]},"faces":{"north":{"uv":[0,0,16,16],"texture":"#0"},"east":{"uv":[0,0,0.75,16],"rotation":180,"texture":"#0"},"south":{"uv":[0,0,16,16],"texture":"#0"},"west":{"uv":[0,0,0.75,16],"texture":"#0"},"up":{"uv":[0,0,0.75,16],"rotation":90,"texture":"#0"},"down":{"uv":[0,0,0.75,16],"rotation":270,"texture":"#0"}}}],"display":{"thirdperson_righthand":{"rotation":[47,0,0],"translation":[-6,0,0],"scale":[2,2,2]},"thirdperson_lefthand":{"rotation":[47,0,0],"translation":[-6,0,0],"scale":[2,2,2]},"firstperson_righthand":{"rotation":[-6,147,0],"translation":[9.25,0,-3.75]},"firstperson_lefthand":{"rotation":[-6,147,0],"translation":[9.25,0,-3.75]},"ground":{"translation":[0,8,0],"scale":[0.5,0.5,0.5]},"gui":{"rotation":[0,180,0],"translation":[0,-4,0],"scale":[0.5,0.5,0.5]},"head":{"translation":[0,13.5,0]},"fixed":{"translation":[0,-32,12],"rotation":[-6,0,0],"scale":[4,4,4]}},"groups":[{"name":"group","origin":[8,8,8],"children":[0]}]}