{"credit":"Made with Blockbench","textures":{"1":"custom/decorations/rusty_bucket_sign"},"elements":[{"from":[-8,0,6],"to":[24,32,6],"rotation":{"angle":0,"axis":"y","origin":[8,8,3]},"faces":{"north":{"uv":[0,0,16,16],"texture":"#1"},"south":{"uv":[16,0,0,16],"texture":"#1"}}}],"display":{"thirdperson_righthand":{"translation":[-6,0,12.75],"scale":[2,2,2]},"thirdperson_lefthand":{"translation":[-6,0,12.75],"scale":[2,2,2]},"firstperson_righthand":{"rotation":[-6,147,0],"translation":[9.25,0,-3.75]},"firstperson_lefthand":{"rotation":[-6,147,0],"translation":[9.25,0,-3.75]},"ground":{"translation":[0,8,0],"scale":[0.5,0.5,0.5]},"gui":{"rotation":[0,180,0],"translation":[0,-4,0],"scale":[0.5,0.5,0.5]},"head":{"translation":[0,13.5,0]},"fixed":{"rotation":[-6,0,0],"translation":[0,0,12],"scale":[4,4,4]}},"groups":[{"name":"group","origin":[8,8,8],"children":[0]}]}