{"credit":"Made with Blockbench","textures":{"0":"custom/decorations/scan_table_rods_on","particle":"custom/decorations/scan_table_rods_on"},"elements":[{"from":[17.93187,16,9.50006],"to":[14.93187,11,6.50006],"rotation":{"angle":0,"axis":"y","origin":[7.96597,18.49994,8.03409]},"faces":{"north":{"uv":[0,3.5,1.5,6],"rotation":180,"texture":"#0"},"east":{"uv":[0,3.5,1.5,6],"rotation":180,"texture":"#0"},"south":{"uv":[0,3.5,1.5,6],"rotation":180,"texture":"#0"},"west":{"uv":[0,3.5,1.5,6],"rotation":180,"texture":"#0"}}},{"from":[0.93187,16,9.50006],"to":[-2.06813,11,6.50006],"rotation":{"angle":0,"axis":"y","origin":[-9.03403,18.49994,8.03409]},"faces":{"north":{"uv":[0,3.5,1.5,6],"rotation":180,"texture":"#0"},"east":{"uv":[0,3.5,1.5,6],"rotation":180,"texture":"#0"},"south":{"uv":[0,3.5,1.5,6],"rotation":180,"texture":"#0"},"west":{"uv":[0,3.5,1.5,6],"rotation":180,"texture":"#0"}}},{"from":[-1.06813,11,7.50006],"to":[-0.06813,19,8.50006],"rotation":{"angle":0,"axis":"y","origin":[7.96597,18.49994,8.03409]},"faces":{"north":{"uv":[11.5,0,12,4],"texture":"#0"},"east":{"uv":[11.5,0,12,4],"texture":"#0"},"south":{"uv":[11.5,0,12,4],"texture":"#0"},"west":{"uv":[11.5,0,12,4],"texture":"#0"},"up":{"uv":[11.5,0,12,0.5],"rotation":270,"texture":"#0"}}},{"from":[14.93187,11,6.50006],"to":[17.93187,16,9.50006],"rotation":{"angle":0,"axis":"y","origin":[7.96597,18.49994,8.03409]},"faces":{"north":{"uv":[0,3.5,1.5,6],"texture":"#0"},"east":{"uv":[0,3.5,1.5,6],"texture":"#0"},"south":{"uv":[0,3.5,1.5,6],"texture":"#0"},"west":{"uv":[0,3.5,1.5,6],"texture":"#0"}}},{"from":[-2.06813,11,6.50006],"to":[0.93187,16,9.50006],"rotation":{"angle":0,"axis":"y","origin":[-9.03403,18.49994,8.03409]},"faces":{"north":{"uv":[0,3.5,1.5,6],"texture":"#0"},"east":{"uv":[0,3.5,1.5,6],"texture":"#0"},"south":{"uv":[0,3.5,1.5,6],"texture":"#0"},"west":{"uv":[0,3.5,1.5,6],"texture":"#0"}}},{"from":[14.93187,0,6.00006],"to":[17.93187,11,10.00006],"rotation":{"angle":0,"axis":"y","origin":[7.96597,18.49994,8.03409]},"faces":{"north":{"uv":[11.5,1.5,10,7],"texture":"#0"},"east":{"uv":[8,1.5,10,7],"texture":"#0"},"south":{"uv":[10,1.5,11.5,7],"texture":"#0"},"west":{"uv":[8,1.5,10,7],"texture":"#0"},"up":{"uv":[8,0,10,1.5],"rotation":270,"texture":"#0"},"down":{"uv":[8,5.5,10,7],"rotation":270,"texture":"#0"}}},{"from":[-2.06813,0,6.00006],"to":[0.93187,11,10.00006],"rotation":{"angle":0,"axis":"y","origin":[7.96597,18.49994,8.03409]},"faces":{"north":{"uv":[10,1.5,11.5,7],"texture":"#0"},"east":{"uv":[8,1.5,10,7],"texture":"#0"},"south":{"uv":[11.5,1.5,10,7],"texture":"#0"},"west":{"uv":[8,1.5,10,7],"texture":"#0"},"up":{"uv":[8,0,10,1.5],"rotation":270,"texture":"#0"},"down":{"uv":[8,5.5,10,7],"rotation":90,"texture":"#0"}}},{"from":[15.93187,11,7.50006],"to":[16.93187,19,8.50006],"rotation":{"angle":0,"axis":"y","origin":[7.96597,18.49994,8.03409]},"faces":{"north":{"uv":[11.5,0,12,4],"texture":"#0"},"east":{"uv":[11.5,0,12,4],"texture":"#0"},"south":{"uv":[11.5,0,12,4],"texture":"#0"},"west":{"uv":[11.5,0,12,4],"texture":"#0"},"up":{"uv":[11.5,0,12,0.5],"rotation":270,"texture":"#0"}}},{"from":[-0.06813,18.53397,4.53415],"to":[15.93187,18.53397,11.53415],"rotation":{"angle":45,"axis":"x","origin":[7.96597,18.49994,8.03409]},"faces":{"up":{"uv":[0,0,8,3.5],"rotation":180,"texture":"#0"},"down":{"uv":[8,0,0,3.5],"texture":"#0"}}}],"display":{"thirdperson_righthand":{"rotation":[90,0,0],"translation":[-6,-0.25,10.5]},"thirdperson_lefthand":{"rotation":[90,0,0],"translation":[-6,-0.25,10.5]},"firstperson_righthand":{"translation":[10,0,0]},"firstperson_lefthand":{"translation":[10,0,0]},"ground":{"translation":[0,1.5,0],"scale":[0.4,0.4,0.4]},"gui":{"rotation":[30,-45,0],"translation":[0,-0.75,0],"scale":[0.65,0.65,0.65]},"head":{"scale":[1.6,1.6,1.6]},"fixed":{"rotation":[-90,0,0],"translation":[0,0,-16],"scale":[2,2,2]}},"groups":[{"name":"group","origin":[8,8,8],"color":0,"children":[]},{"name":"group","origin":[8,8,8],"color":0,"children":[0,1,2,3,4,5,6,7,8]}]}