{"credit":"Made with Blockbench","textures":{"0":"custom/decorations/scan_table_rods","particle":"custom/decorations/scan_table_rods"},"elements":[{"from":[-1.06813,11,7.50006],"to":[-0.06813,19,8.50006],"rotation":{"angle":0,"axis":"y","origin":[7.96597,18.49994,8.03409]},"faces":{"north":{"uv":[7,0,8,8],"texture":"#0"},"east":{"uv":[7,0,8,8],"texture":"#0"},"south":{"uv":[7,0,8,8],"texture":"#0"},"west":{"uv":[7,0,8,8],"texture":"#0"},"up":{"uv":[7,0,8,1],"rotation":270,"texture":"#0"}}},{"from":[14.93187,0,6.00006],"to":[17.93187,11,10.00006],"rotation":{"angle":0,"axis":"y","origin":[7.96597,18.49994,8.03409]},"faces":{"north":{"uv":[7,3,4,14],"texture":"#0"},"east":{"uv":[0,3,4,14],"texture":"#0"},"south":{"uv":[4,3,7,14],"texture":"#0"},"west":{"uv":[0,3,4,14],"texture":"#0"},"up":{"uv":[0,0,4,3],"rotation":270,"texture":"#0"},"down":{"uv":[0,11,4,14],"rotation":270,"texture":"#0"}}},{"from":[-2.06813,0,6.00006],"to":[0.93187,11,10.00006],"rotation":{"angle":0,"axis":"y","origin":[7.96597,18.49994,8.03409]},"faces":{"north":{"uv":[4,3,7,14],"texture":"#0"},"east":{"uv":[0,3,4,14],"texture":"#0"},"south":{"uv":[7,3,4,14],"texture":"#0"},"west":{"uv":[0,3,4,14],"texture":"#0"},"up":{"uv":[0,0,4,3],"rotation":270,"texture":"#0"},"down":{"uv":[0,11,4,14],"rotation":90,"texture":"#0"}}},{"from":[15.93187,11,7.50006],"to":[16.93187,19,8.50006],"rotation":{"angle":0,"axis":"y","origin":[7.96597,18.49994,8.03409]},"faces":{"north":{"uv":[7,0,8,8],"texture":"#0"},"east":{"uv":[7,0,8,8],"texture":"#0"},"south":{"uv":[7,0,8,8],"texture":"#0"},"west":{"uv":[7,0,8,8],"texture":"#0"},"up":{"uv":[7,0,8,1],"rotation":270,"texture":"#0"}}}],"display":{"thirdperson_righthand":{"rotation":[90,0,0],"translation":[-6,-0.25,10.5]},"thirdperson_lefthand":{"rotation":[90,0,0],"translation":[-6,-0.25,10.5]},"firstperson_righthand":{"translation":[10,0,0]},"firstperson_lefthand":{"translation":[10,0,0]},"ground":{"translation":[0,1.5,0],"scale":[0.4,0.4,0.4]},"gui":{"rotation":[30,-45,0],"translation":[0,-0.75,0],"scale":[0.65,0.65,0.65]},"head":{"scale":[1.6,1.6,1.6]},"fixed":{"rotation":[-90,0,0],"translation":[0,0,-16],"scale":[2,2,2]}},"groups":[{"name":"group","origin":[8,8,8],"children":[]},{"name":"group","origin":[8,8,8],"children":[0,1,2,3]}]}