{"credit":"Made with Blockbench","texture_size":[64,64],"textures":{"0":"custom/decorations/silo_sign","particle":"custom/decorations/silo_sign"},"elements":[{"from":[-12,-4,7.25],"to":[27,16,8.75],"faces":{"north":{"uv":[0.25,5,10,10],"texture":"#0"},"east":{"uv":[10.875,5,11.25,10],"texture":"#0"},"south":{"uv":[10,0,0.25,5],"texture":"#0"},"west":{"uv":[10.5,5,10.875,10],"texture":"#0"},"up":{"uv":[0.25,0,10,0.25],"texture":"#0"},"down":{"uv":[0.25,4.875,10,5],"texture":"#0"}}},{"from":[-12.5,4,7.25],"to":[-12,8,8.75],"faces":{"north":{"uv":[10,7,10.125,8],"texture":"#0"},"south":{"uv":[10,7,10.125,8],"texture":"#0"},"west":{"uv":[10.875,1,11.25,2],"texture":"#0"},"down":{"uv":[10.875,1.875,11.25,2],"texture":"#0"}}},{"from":[-12.5,12,7.25],"to":[-12,16,8.75],"faces":{"north":{"uv":[10,5,10.125,6],"texture":"#0"},"south":{"uv":[10,5,10.125,6],"texture":"#0"},"west":{"uv":[10.875,0,11.25,1],"texture":"#0"},"up":{"uv":[10.875,0,11.25,0.125],"rotation":90,"texture":"#0"},"down":{"uv":[10.875,0.875,11.25,1],"texture":"#0"}}},{"from":[27,4,7.25],"to":[27.5,8,8.75],"rotation":{"angle":0,"axis":"y","origin":[16,0,0]},"faces":{"north":{"uv":[10.125,7,10,8],"texture":"#0"},"east":{"uv":[11.25,1,10.875,2],"texture":"#0"},"south":{"uv":[10.125,7,10,8],"texture":"#0"},"up":{"uv":[11.25,1,10.875,1.125],"rotation":90,"texture":"#0"},"down":{"uv":[11.25,1.875,10.875,2],"texture":"#0"}}},{"from":[27,12,7.25],"to":[27.5,16,8.75],"rotation":{"angle":0,"axis":"y","origin":[16,0,0]},"faces":{"north":{"uv":[10.125,5,10,6],"texture":"#0"},"east":{"uv":[11.25,0,10.875,1],"texture":"#0"},"south":{"uv":[10.125,5,10,6],"texture":"#0"},"up":{"uv":[10.875,0.125,11.25,0],"rotation":90,"texture":"#0"},"down":{"uv":[11.25,0.875,10.875,1],"texture":"#0"}}},{"from":[-13,8,7.25],"to":[-12,12,8.75],"faces":{"north":{"uv":[10,1,10.25,2],"texture":"#0"},"south":{"uv":[10.25,1,10,2],"texture":"#0"},"west":{"uv":[10.875,1,11.25,2],"texture":"#0"},"up":{"uv":[10.875,1.125,11.25,1],"rotation":90,"texture":"#0"},"down":{"uv":[10.875,2,11.25,1.875],"texture":"#0"}}},{"from":[27,-4,7.25],"to":[28,4,8.75],"rotation":{"angle":0,"axis":"y","origin":[16,0,0]},"faces":{"north":{"uv":[10,3,9.75,5],"texture":"#0"},"east":{"uv":[10.875,8,10.5,10],"texture":"#0"},"south":{"uv":[9.75,3,10,5],"texture":"#0"},"up":{"uv":[10.875,1,11.25,1.125],"rotation":90,"texture":"#0"},"down":{"uv":[10.875,10,10.5,9.875],"texture":"#0"}}},{"from":[-5,16,7.5],"to":[-4,29,8.5],"faces":{"north":{"uv":[10.625,0,10.375,3.25],"texture":"#0"},"east":{"uv":[10.375,0,10.625,3.25],"texture":"#0"},"south":{"uv":[10.625,0,10.375,3.25],"texture":"#0"},"west":{"uv":[10.375,0,10.625,3.25],"texture":"#0"},"up":{"uv":[10.375,0,10.625,0.25],"texture":"#0"}}},{"from":[19,16,7.5],"to":[20,29,8.5],"rotation":{"angle":0,"axis":"y","origin":[16,0,0]},"faces":{"north":{"uv":[10.375,0,10.625,3.25],"texture":"#0"},"east":{"uv":[10.625,0,10.375,3.25],"texture":"#0"},"south":{"uv":[10.375,0,10.625,3.25],"texture":"#0"},"west":{"uv":[10.625,0,10.375,3.25],"texture":"#0"},"up":{"uv":[10.625,0,10.375,0.25],"texture":"#0"}}},{"from":[-5,-8.5,7.5],"to":[-4,-4,8.5],"faces":{"north":{"uv":[10.375,3.375,10.625,4.5],"texture":"#0"},"east":{"uv":[10.625,3.375,10.375,4.5],"texture":"#0"},"south":{"uv":[10.375,3.375,10.625,4.5],"texture":"#0"},"west":{"uv":[10.625,3.375,10.375,4.5],"texture":"#0"},"down":{"uv":[10.5,4.375,10.625,4.5],"texture":"#0"}}},{"from":[19,-8.5,7.5],"to":[20,-4,8.5],"rotation":{"angle":0,"axis":"y","origin":[16,0,0]},"faces":{"north":{"uv":[10.625,3.375,10.375,4.5],"texture":"#0"},"east":{"uv":[10.375,3.375,10.625,4.5],"texture":"#0"},"south":{"uv":[10.625,3.375,10.375,4.5],"texture":"#0"},"west":{"uv":[10.375,3.375,10.625,4.5],"texture":"#0"},"down":{"uv":[10.625,4.375,10.5,4.5],"texture":"#0"}}}],"display":{"thirdperson_righthand":{"scale":[2,2,2]},"head":{"translation":[0,-16,0],"scale":[3.2,3.2,3.2]},"fixed":{"scale":[4,4,4]}}}