{"credit":"Made with Blockbench","texture_size":[32,32],"textures":{"0":"custom/decorations/siren_light","particle":"custom/decorations/siren_light"},"elements":[{"from":[6,0,6],"to":[10,6,10],"faces":{"north":{"uv":[8,3.5,10,6.5],"texture":"#0"},"east":{"uv":[8,3.5,10,6.5],"texture":"#0"},"south":{"uv":[8,3.5,10,6.5],"texture":"#0"},"west":{"uv":[8,3.5,10,6.5],"texture":"#0"},"up":{"uv":[8.5,3.5,9.5,4.5],"texture":"#0"},"down":{"uv":[8.5,3.5,9.5,4.5],"texture":"#0"}}},{"from":[0,6,5],"to":[16,12,11],"faces":{"north":{"uv":[0,0,8,3],"texture":"#0"},"east":{"uv":[8.5,0,11.5,3],"texture":"#0"},"south":{"uv":[0,0,8,3],"texture":"#0"},"west":{"uv":[12,0,15,3],"texture":"#0"},"up":{"uv":[0,3,8,6],"texture":"#0"},"down":{"uv":[0,6,8,9],"texture":"#0"}}}],"display":{"head":{"translation":[0,-6.75,0],"scale":[1.8,1.8,1.8]}}}