{"credit":"Made with Blockbench","textures":{"0":"custom/decorations/stack_of_papers","particle":"custom/decorations/stack_of_papers"},"elements":[{"from":[4.25,0,1.75],"to":[12.25,0,12.75],"rotation":{"angle":-22.5,"axis":"y","origin":[6.25,8,8.75]},"faces":{"up":{"uv":[9,6,13,11.5],"rotation":180,"texture":"#0"},"down":{"uv":[4.5,6,8.5,11.5],"rotation":180,"texture":"#0"}}},{"from":[1.75,0.5,2.75],"to":[9.75,0.5,13.75],"rotation":{"angle":0,"axis":"y","origin":[3.75,8,9.75]},"faces":{"up":{"uv":[4.5,0,8.5,5.5],"rotation":180,"texture":"#0"},"down":{"uv":[4.5,0,8.5,5.5],"rotation":180,"texture":"#0"}}},{"from":[4,0.25,3.25],"to":[12,0.25,14.25],"rotation":{"angle":22.5,"axis":"y","origin":[6,8,8.25]},"faces":{"up":{"uv":[0,6,4,11.5],"rotation":180,"texture":"#0"},"down":{"uv":[0,6,4,11.5],"rotation":180,"texture":"#0"}}}],"gui_light":"front","display":{"thirdperson_righthand":{"rotation":[-30,0,0],"translation":[0,3.5,-1],"scale":[0.45,0.45,0.45]},"thirdperson_lefthand":{"rotation":[-30,-180,0],"translation":[0,3.25,-1.25],"scale":[0.45,0.45,0.45]},"firstperson_righthand":{"rotation":[75,0,30]},"firstperson_lefthand":{"rotation":[75,0,30]},"ground":{"translation":[0,1.75,0],"scale":[0.49,0.49,0.49]},"gui":{"rotation":[90,-180,0],"translation":[0,-0.25,0],"scale":[1.1,1.1,1.1]},"head":{"translation":[0,15,0]},"fixed":{"rotation":[-90,0,0],"translation":[0,0,-16.75],"scale":[2,2,2]}}}