{"credit":"Made with Blockbench","textures":{"0":"custom/decorations/streamer_large","particle":"custom/decorations/streamer_large"},"elements":[{"from":[1,0,2.2],"to":[15,19,2.2],"rotation":{"angle":-45,"axis":"y","origin":[8,8,8]},"faces":{"north":{"uv":[8.5,6.5,15.5,16],"texture":"#0","tintindex":0},"south":{"uv":[8.5,6.5,15.5,16],"texture":"#0","tintindex":0}}},{"from":[0,17,2.2],"to":[16,23,2.2],"rotation":{"angle":-45,"axis":"y","origin":[8,8,8]},"faces":{"north":{"uv":[8,3.5,16,6.5],"texture":"#0"},"south":{"uv":[8,3.5,16,6.5],"texture":"#0"}}}],"display":{"thirdperson_righthand":{"rotation":[29,20,0],"translation":[0,-0.25,0.75],"scale":[0.2,0.2,0.2]},"thirdperson_lefthand":{"rotation":[29,-77,0],"translation":[0,-0.25,0.75],"scale":[0.2,0.2,0.2]},"firstperson_righthand":{"rotation":[12,180,5],"translation":[11,-4.25,-5.25]},"firstperson_lefthand":{"rotation":[12,79,5],"translation":[11,-4.25,-5.25]},"ground":{"translation":[0,3.25,0],"scale":[0.3,0.3,0.3]},"gui":{"rotation":[-14,-135,0],"translation":[0,-3.5,0],"scale":[0.6,0.6,0.6]},"head":{"rotation":[8,45,0],"translation":[-0.25,-13.5,-3],"scale":[0.8,0.8,0.8]},"fixed":{"rotation":[90,0,0],"translation":[0,0,-30],"scale":[2,2,2]}},"groups":[{"name":"group","origin":[8,8,8],"children":[0,1]}]}