{"credit":"Made with Blockbench","textures":{"0":"custom/decorations/streamer_large","particle":"custom/decorations/streamer_large"},"elements":[{"from":[0,7,8],"to":[16,13,8],"faces":{"north":{"uv":[0,3.5,8,6.5],"texture":"#0"},"south":{"uv":[0,3.5,8,6.5],"texture":"#0"}}},{"from":[1,2,8],"to":[15,9,8],"faces":{"north":{"uv":[0.5,0,7.5,3.5],"texture":"#0","tintindex":1},"south":{"uv":[0.5,0,7.5,3.5],"texture":"#0","tintindex":1}}}],"display":{"thirdperson_righthand":{"rotation":[40,36,0],"translation":[0,1.5,0.5],"scale":[0.3,0.3,0.3]},"thirdperson_lefthand":{"rotation":[40,36,0],"translation":[0,1.5,0.5],"scale":[0.3,0.3,0.3]},"firstperson_righthand":{"rotation":[0,126,-18],"translation":[4.75,2.75,-4]},"firstperson_lefthand":{"rotation":[0,126,-18],"translation":[4.75,2.75,-4]},"ground":{"translation":[0,2.25,0],"scale":[0.4,0.4,0.4]},"gui":{"rotation":[0,180,0]},"head":{"translation":[0,-8.75,-5.75],"scale":[0.8,0.8,0.8]},"fixed":{"rotation":[90,0,0],"translation":[0,0,-8],"scale":[2,2,2]}},"groups":[{"name":"group","origin":[8,8,8],"children":[0,1]}]}