{"credit":"Made with Blockbench","texture_size":[64,64],"textures":{"1":"custom/decorations/summer_chest"},"elements":[{"from":[-4,0,0],"to":[21,8,16],"rotation":{"angle":0,"axis":"y","origin":[4,8,8]},"faces":{"north":{"uv":[0,4,6.25,6],"texture":"#1"},"east":{"uv":[6.25,4,10.25,6],"texture":"#1"},"south":{"uv":[6.25,14,12.5,16],"texture":"#1"},"west":{"uv":[6.25,4,10.25,6],"texture":"#1"},"up":{"uv":[0,0,6.25,4],"rotation":180,"texture":"#1"},"down":{"uv":[0,6,6.25,10],"texture":"#1"}}},{"from":[-7,5,13],"to":[-1,6,19],"rotation":{"angle":0,"axis":"y","origin":[20.5,5,0.5]},"faces":{"north":{"uv":[12.5,10.75,14,11],"rotation":180,"texture":"#1"},"east":{"uv":[12.5,10.75,14,11],"texture":"#1"},"south":{"uv":[12.5,12,14,12.25],"texture":"#1"},"west":{"uv":[12.5,12,14,12.25],"rotation":180,"texture":"#1"},"up":{"uv":[12.5,10.75,14,12.25],"texture":"#1"},"down":{"uv":[12.5,10.75,14,12.25],"rotation":90,"texture":"#1"}}},{"from":[-6,2,12],"to":[0,3,18],"rotation":{"angle":0,"axis":"y","origin":[20.5,5,0.5]},"faces":{"north":{"uv":[12.5,10.75,14,11],"rotation":180,"texture":"#1"},"east":{"uv":[12.5,10.75,14,11],"texture":"#1"},"south":{"uv":[12.5,12,14,12.25],"texture":"#1"},"west":{"uv":[12.5,12,14,12.25],"rotation":180,"texture":"#1"},"up":{"uv":[12.5,10.75,14,12.25],"texture":"#1"},"down":{"uv":[12.5,10.75,14,12.25],"rotation":90,"texture":"#1"}}},{"from":[18,6,-3],"to":[24,7,3],"faces":{"north":{"uv":[12.5,12,14,12.25],"texture":"#1"},"east":{"uv":[12.5,12,14,12.25],"rotation":180,"texture":"#1"},"south":{"uv":[12.5,10.75,14,11],"rotation":180,"texture":"#1"},"west":{"uv":[12.5,10.75,14,11],"texture":"#1"},"up":{"uv":[12.5,10.75,14,12.25],"rotation":180,"texture":"#1"},"down":{"uv":[12.5,10.75,14,12.25],"rotation":270,"texture":"#1"}}},{"from":[17,3,-2],"to":[23,4,4],"faces":{"north":{"uv":[12.5,12,14,12.25],"texture":"#1"},"east":{"uv":[12.5,12,14,12.25],"rotation":180,"texture":"#1"},"south":{"uv":[12.5,10.75,14,11],"rotation":180,"texture":"#1"},"west":{"uv":[12.5,10.75,14,11],"texture":"#1"},"up":{"uv":[12.5,10.75,14,12.25],"rotation":180,"texture":"#1"},"down":{"uv":[12.5,10.75,14,12.25],"rotation":270,"texture":"#1"}}}],"display":{"thirdperson_righthand":{"rotation":[90,0,0],"translation":[-6.5,5,12]},"thirdperson_lefthand":{"rotation":[90,0,0],"translation":[-5.5,5,12]},"head":{"translation":[-0.75,8,-11.25],"scale":[1.61,1.61,1.61]}},"groups":[{"name":"group","origin":[0,0,0],"color":0,"children":[0,1,2,3,4]}]}