{"credit":"Made with Blockbench","texture_size":[64,64],"textures":{"1":"custom/decorations/summer_chest"},"elements":[{"from":[-4.5,-0.5,-0.5],"to":[21.5,8.5,16.5],"rotation":{"angle":0,"axis":"x","origin":[8.68182,1.02891,15.71091]},"faces":{"north":{"uv":[6.25,12,12.5,14],"texture":"#1"},"east":{"uv":[4,14,0,16],"texture":"#1"},"south":{"uv":[6.25,12,12.5,14],"texture":"#1"},"west":{"uv":[0,14,4,16],"texture":"#1"},"up":{"uv":[0,14,6.25,10],"texture":"#1"}}},{"from":[21.5,8.5,16.5],"to":[-4.5,-0.5,-0.5],"rotation":{"angle":0,"axis":"x","origin":[8.68182,1.02891,15.71091]},"faces":{"north":{"uv":[6.25,12,12.5,14],"rotation":180,"texture":"#1"},"east":{"uv":[0,14,4,16],"rotation":180,"texture":"#1"},"south":{"uv":[6.25,12,12.5,14],"rotation":180,"texture":"#1"},"west":{"uv":[0,14,4,16],"rotation":180,"texture":"#1"},"down":{"uv":[0,14,6.25,10],"texture":"#1"}}},{"from":[-4,0,0],"to":[21,8,16],"rotation":{"angle":0,"axis":"x","origin":[8.68182,1.02891,15.71091]},"faces":{"north":{"uv":[6.25,6,12.5,8],"texture":"#1"},"east":{"uv":[14.25,4,10.25,6],"texture":"#1"},"south":{"uv":[6.25,6,12.5,8],"texture":"#1"},"west":{"uv":[10.25,4,14.25,6],"texture":"#1"},"up":{"uv":[6.25,12,12.5,8],"texture":"#1"},"down":{"uv":[6.25,4,12.5,0],"rotation":180,"texture":"#1"}}},{"from":[1.84346,6,3.31597],"to":[12.84346,17,3.31597],"rotation":{"angle":-45,"axis":"y","origin":[8.68182,1.02891,15.71091]},"faces":{"north":{"uv":[12.5,8,15.25,10.75],"texture":"#1"},"south":{"uv":[12.5,8,15.25,10.75],"texture":"#1"}}},{"from":[15.57676,6,14.37255],"to":[26.57676,17,14.37255],"rotation":{"angle":45,"axis":"y","origin":[8.68182,1.02891,15.71091]},"faces":{"north":{"uv":[12.5,8,15.25,10.75],"texture":"#1"},"south":{"uv":[12.5,8,15.25,10.75],"texture":"#1"}}},{"from":[2.14173,4,6.59437],"to":[13.14173,15,6.59437],"rotation":{"angle":45,"axis":"y","origin":[8.68182,1.02891,15.71091]},"faces":{"north":{"uv":[12.5,8,15.25,10.75],"texture":"#1"},"south":{"uv":[12.5,8,15.25,10.75],"texture":"#1"}}},{"from":[-5.93472,4,16.751],"to":[5.06528,15,16.751],"rotation":{"angle":-45,"axis":"y","origin":[8.68182,1.02891,15.71091]},"faces":{"north":{"uv":[12.5,8,15.25,10.75],"texture":"#1"},"south":{"uv":[12.5,8,15.25,10.75],"texture":"#1"}}},{"from":[4,0,-2.1],"to":[13,2,-0.1],"rotation":{"angle":0,"axis":"x","origin":[8.68182,1.02891,15.71091]},"faces":{"north":{"uv":[13.25,6,15.5,6.5],"texture":"#1"},"east":{"uv":[16,6,15.5,6.5],"texture":"#1"},"south":{"uv":[13.25,6,15.5,6.5],"texture":"#1"},"west":{"uv":[15.5,6,16,6.5],"texture":"#1"},"up":{"uv":[13.75,6.5,16,7],"texture":"#1"},"down":{"uv":[13.75,6.75,16,7],"texture":"#1"}}},{"from":[7,2,-2],"to":[10,5,0],"rotation":{"angle":0,"axis":"x","origin":[8.68182,1.02891,15.71091]},"faces":{"north":{"uv":[12.5,6,13.25,6.75],"texture":"#1"},"east":{"uv":[13.75,6.5,13.25,7.25],"texture":"#1"},"south":{"uv":[12.5,6,13.25,6.75],"texture":"#1"},"west":{"uv":[13.25,6.5,13.75,7.25],"texture":"#1"},"up":{"uv":[14.25,6.5,14.5,7],"texture":"#1"}}},{"from":[7.92725,-4.43076,-2.08],"to":[10.92725,0.56924,-0.08],"rotation":{"angle":-45,"axis":"z","origin":[8.68182,1.02891,15.71091]},"faces":{"north":{"uv":[12.5,6.75,13.25,8],"texture":"#1"},"east":{"uv":[15,7.5,13.75,7],"rotation":270,"texture":"#1"},"south":{"uv":[13.25,6.75,12.5,8],"texture":"#1"},"west":{"uv":[15,7,13.75,7.5],"rotation":270,"texture":"#1"},"down":{"uv":[15,7,15.75,7.5],"rotation":180,"texture":"#1"}}},{"from":[6.17926,-4.17363,-2],"to":[9.17926,0.82637,0],"rotation":{"angle":45,"axis":"z","origin":[8.68182,1.02891,15.71091]},"faces":{"north":{"uv":[13.25,6.75,12.5,8],"texture":"#1"},"east":{"uv":[15,7.5,13.75,7],"rotation":270,"texture":"#1"},"south":{"uv":[12.5,6.75,13.25,8],"texture":"#1"},"west":{"uv":[15,7,13.75,7.5],"rotation":270,"texture":"#1"},"down":{"uv":[15,7,15.75,7.5],"rotation":180,"texture":"#1"}}}],"display":{"thirdperson_righthand":{"rotation":[90,0,0],"translation":[-6.5,5,12]},"thirdperson_lefthand":{"rotation":[90,0,0],"translation":[-5.5,5,12]},"firstperson_righthand":{"rotation":[0,110,0],"translation":[9,5.5,-6.25]},"firstperson_lefthand":{"rotation":[0,110,0],"translation":[9,5.5,-6.25]},"ground":{"translation":[0,2.25,0],"scale":[0.4,0.4,0.4]},"gui":{"rotation":[30,135,0],"translation":[-0.25,0,0],"scale":[0.7,0.7,0.7]},"head":{"translation":[-0.75,8,-11.25],"scale":[1.61,1.61,1.61]},"fixed":{"rotation":[-90,0,0],"translation":[0,0,-16],"scale":[2,2,2]}},"groups":[{"name":"patrick_chest_lid","origin":[8,8,8],"color":0,"children":[{"name":"group","origin":[14,13,6],"color":0,"children":[0,1,2,{"name":"group","origin":[14,13,6],"color":0,"children":[]}]},{"name":"group","origin":[16.5,19.5,8],"color":0,"children":[3,4]},{"name":"group","origin":[1.5,17.5,8],"color":0,"children":[5,6]},7,8,9,10]}]}