{"credit":"Made with Blockbench","texture_size":[64,64],"textures":{"1":"custom/decorations/summer_chest"},"elements":[{"from":[-4.5,1.5,-0.5],"to":[21.5,10.5,16.5],"rotation":{"angle":0,"axis":"x","origin":[8.68182,3.02891,15.71091]},"faces":{"north":{"uv":[6.25,12,12.5,14],"texture":"#1"},"east":{"uv":[4,14,0,16],"texture":"#1"},"south":{"uv":[6.25,12,12.5,14],"texture":"#1"},"west":{"uv":[0,14,4,16],"texture":"#1"},"up":{"uv":[0,14,6.25,10],"texture":"#1"}}},{"from":[21.5,10.5,16.5],"to":[-4.5,1.5,-0.5],"rotation":{"angle":0,"axis":"x","origin":[8.68182,3.02891,15.71091]},"faces":{"north":{"uv":[6.25,12,12.5,14],"rotation":180,"texture":"#1"},"east":{"uv":[0,14,4,16],"rotation":180,"texture":"#1"},"south":{"uv":[6.25,12,12.5,14],"rotation":180,"texture":"#1"},"west":{"uv":[0,14,4,16],"rotation":180,"texture":"#1"},"down":{"uv":[0,14,6.25,10],"texture":"#1"}}},{"from":[-4,2,0],"to":[21,10,16],"rotation":{"angle":0,"axis":"x","origin":[8.68182,3.02891,15.71091]},"faces":{"north":{"uv":[6.25,6,12.5,8],"texture":"#1"},"east":{"uv":[14.25,4,10.25,6],"texture":"#1"},"south":{"uv":[6.25,6,12.5,8],"texture":"#1"},"west":{"uv":[10.25,4,14.25,6],"texture":"#1"},"up":{"uv":[6.25,12,12.5,8],"texture":"#1"},"down":{"uv":[6.25,4,12.5,0],"rotation":180,"texture":"#1"}}},{"from":[1.84346,8,3.31597],"to":[12.84346,19,3.31597],"rotation":{"angle":-45,"axis":"y","origin":[8.68182,3.02891,15.71091]},"faces":{"north":{"uv":[12.5,8,15.25,10.75],"texture":"#1"},"south":{"uv":[12.5,8,15.25,10.75],"texture":"#1"}}},{"from":[15.57676,8,14.37255],"to":[26.57676,19,14.37255],"rotation":{"angle":45,"axis":"y","origin":[8.68182,3.02891,15.71091]},"faces":{"north":{"uv":[12.5,8,15.25,10.75],"texture":"#1"},"south":{"uv":[12.5,8,15.25,10.75],"texture":"#1"}}},{"from":[2.14173,6,6.59437],"to":[13.14173,17,6.59437],"rotation":{"angle":45,"axis":"y","origin":[8.68182,3.02891,15.71091]},"faces":{"north":{"uv":[12.5,8,15.25,10.75],"texture":"#1"},"south":{"uv":[12.5,8,15.25,10.75],"texture":"#1"}}},{"from":[-5.93472,6,16.751],"to":[5.06528,17,16.751],"rotation":{"angle":-45,"axis":"y","origin":[8.68182,3.02891,15.71091]},"faces":{"north":{"uv":[12.5,8,15.25,10.75],"texture":"#1"},"south":{"uv":[12.5,8,15.25,10.75],"texture":"#1"}}},{"from":[4,2,-2.1],"to":[13,4,-0.1],"rotation":{"angle":0,"axis":"x","origin":[8.68182,3.02891,15.71091]},"faces":{"north":{"uv":[13.25,6,15.5,6.5],"texture":"#1"},"east":{"uv":[16,6,15.5,6.5],"texture":"#1"},"south":{"uv":[13.25,6,15.5,6.5],"texture":"#1"},"west":{"uv":[15.5,6,16,6.5],"texture":"#1"},"up":{"uv":[13.75,6.5,16,7],"texture":"#1"},"down":{"uv":[13.75,6.75,16,7],"texture":"#1"}}},{"from":[7,4,-2],"to":[10,7,0],"rotation":{"angle":0,"axis":"x","origin":[8.68182,3.02891,15.71091]},"faces":{"north":{"uv":[12.5,6,13.25,6.75],"texture":"#1"},"east":{"uv":[13.75,6.5,13.25,7.25],"texture":"#1"},"south":{"uv":[12.5,6,13.25,6.75],"texture":"#1"},"west":{"uv":[13.25,6.5,13.75,7.25],"texture":"#1"},"up":{"uv":[14.25,6.5,14.5,7],"texture":"#1"}}},{"from":[7.92725,-2.43076,-2.08],"to":[10.92725,2.56924,-0.08],"rotation":{"angle":-45,"axis":"z","origin":[8.68182,3.02891,15.71091]},"faces":{"north":{"uv":[12.5,6.75,13.25,8],"texture":"#1"},"east":{"uv":[15,7.5,13.75,7],"rotation":270,"texture":"#1"},"south":{"uv":[13.25,6.75,12.5,8],"texture":"#1"},"west":{"uv":[15,7,13.75,7.5],"rotation":270,"texture":"#1"},"down":{"uv":[15,7,15.75,7.5],"rotation":180,"texture":"#1"}}},{"from":[6.17926,-2.17363,-2],"to":[9.17926,2.82637,0],"rotation":{"angle":45,"axis":"z","origin":[8.68182,3.02891,15.71091]},"faces":{"north":{"uv":[13.25,6.75,12.5,8],"texture":"#1"},"east":{"uv":[15,7.5,13.75,7],"rotation":270,"texture":"#1"},"south":{"uv":[12.5,6.75,13.25,8],"texture":"#1"},"west":{"uv":[15,7,13.75,7.5],"rotation":270,"texture":"#1"},"down":{"uv":[15,7,15.75,7.5],"rotation":180,"texture":"#1"}}},{"from":[-4,-6,0],"to":[21,2,16],"rotation":{"angle":0,"axis":"y","origin":[4,8,8]},"faces":{"north":{"uv":[0,4,6.25,6],"texture":"#1"},"east":{"uv":[6.25,4,10.25,6],"texture":"#1"},"south":{"uv":[6.25,14,12.5,16],"texture":"#1"},"west":{"uv":[6.25,4,10.25,6],"texture":"#1"},"up":{"uv":[0,0,6.25,4],"rotation":180,"texture":"#1"},"down":{"uv":[0,6,6.25,10],"texture":"#1"}}},{"from":[-7,-1,13],"to":[-1,0,19],"rotation":{"angle":0,"axis":"y","origin":[20.5,5,0.5]},"faces":{"north":{"uv":[12.5,10.75,14,11],"rotation":180,"texture":"#1"},"east":{"uv":[12.5,10.75,14,11],"texture":"#1"},"south":{"uv":[12.5,12,14,12.25],"texture":"#1"},"west":{"uv":[12.5,12,14,12.25],"rotation":180,"texture":"#1"},"up":{"uv":[12.5,10.75,14,12.25],"texture":"#1"},"down":{"uv":[12.5,10.75,14,12.25],"rotation":90,"texture":"#1"}}},{"from":[-6,-4,12],"to":[0,-3,18],"rotation":{"angle":0,"axis":"y","origin":[20.5,5,0.5]},"faces":{"north":{"uv":[12.5,10.75,14,11],"rotation":180,"texture":"#1"},"east":{"uv":[12.5,10.75,14,11],"texture":"#1"},"south":{"uv":[12.5,12,14,12.25],"texture":"#1"},"west":{"uv":[12.5,12,14,12.25],"rotation":180,"texture":"#1"},"up":{"uv":[12.5,10.75,14,12.25],"texture":"#1"},"down":{"uv":[12.5,10.75,14,12.25],"rotation":90,"texture":"#1"}}},{"from":[18,0,-3],"to":[24,1,3],"faces":{"north":{"uv":[12.5,12,14,12.25],"texture":"#1"},"east":{"uv":[12.5,12,14,12.25],"rotation":180,"texture":"#1"},"south":{"uv":[12.5,10.75,14,11],"rotation":180,"texture":"#1"},"west":{"uv":[12.5,10.75,14,11],"texture":"#1"},"up":{"uv":[12.5,10.75,14,12.25],"rotation":180,"texture":"#1"},"down":{"uv":[12.5,10.75,14,12.25],"rotation":270,"texture":"#1"}}},{"from":[17,-3,-2],"to":[23,-2,4],"faces":{"north":{"uv":[12.5,12,14,12.25],"texture":"#1"},"east":{"uv":[12.5,12,14,12.25],"rotation":180,"texture":"#1"},"south":{"uv":[12.5,10.75,14,11],"rotation":180,"texture":"#1"},"west":{"uv":[12.5,10.75,14,11],"texture":"#1"},"up":{"uv":[12.5,10.75,14,12.25],"rotation":180,"texture":"#1"},"down":{"uv":[12.5,10.75,14,12.25],"rotation":270,"texture":"#1"}}}],"display":{"thirdperson_righthand":{"rotation":[90,0,0],"translation":[-6.5,5,12]},"thirdperson_lefthand":{"rotation":[90,0,0],"translation":[-5.5,5,12]},"head":{"translation":[-0.75,8,-11.25],"scale":[1.61,1.61,1.61]}},"groups":[{"name":"patrick_chest_lid","origin":[8,8,8],"children":[{"name":"group","origin":[14,13,6],"children":[0,1,2,{"name":"group","origin":[14,13,6],"children":[]}]},{"name":"group","origin":[16.5,19.5,8],"children":[3,4]},{"name":"group","origin":[1.5,17.5,8],"children":[5,6]},7,8,9,10]},{"name":"group","origin":[0,0,0],"children":[11,12,13,14,15]}]}