{"credit":"Made with Blockbench","ambientocclusion":false,"textures":{"1":"custom/decorations/torch_fire"},"elements":[{"from":[0,4.4,8],"to":[16,20.4,8],"rotation":{"angle":45,"axis":"y","origin":[7.97312,23.39995,8.02692]},"faces":{"north":{"uv":[0,0,16,16],"texture":"#1"},"south":{"uv":[0,0,16,16],"texture":"#1"}}},{"from":[7.9462,4.4,0.00005],"to":[7.9462,20.4,16.00005],"rotation":{"angle":45,"axis":"y","origin":[7.97312,23.39995,8.02692]},"faces":{"east":{"uv":[0,0,16,16],"texture":"#1"},"west":{"uv":[0,0,16,16],"texture":"#1"}}}],"display":{"thirdperson_righthand":{"rotation":[39,0,0],"translation":[0,1.75,2.5],"scale":[0.8,0.8,0.8]},"thirdperson_lefthand":{"rotation":[39,0,0],"translation":[0,1.75,2.5],"scale":[0.8,0.8,0.8]},"firstperson_righthand":{"rotation":[-9,-107,0],"translation":[7.25,0,-4.25]},"firstperson_lefthand":{"rotation":[-9,71,0],"translation":[7.25,0,-4.25]},"ground":{"translation":[0,5.5,0],"scale":[0.4,0.4,0.4]},"gui":{"rotation":[-30,-135,0],"translation":[0,-2.25,0],"scale":[0.5,0.5,0.5]},"head":{"translation":[0,19.25,0],"scale":[1.6,1.6,1.6]},"fixed":{"rotation":[-90,0,0],"translation":[0,0,-24],"scale":[2,2,2]}},"groups":[{"name":"group","origin":[8,8,8],"children":[0,1]}]}