{"credit":"Made with Blockbench","ambientocclusion":false,"textures":{"0":"custom/decorations/tall_torch","particle":"custom/decorations/tall_torch"},"elements":[{"from":[5.9999,20.0009,5.9999],"to":[10.0001,24.0011,10.0001],"rotation":{"angle":0,"axis":"y","origin":[8,8,8]},"faces":{"north":{"uv":[2,4,4,6],"texture":"#0"},"east":{"uv":[2,4,4,6],"texture":"#0"},"south":{"uv":[2,4,4,6],"texture":"#0"},"west":{"uv":[2,4,4,6],"texture":"#0"},"down":{"uv":[2,5.5,2.5,6],"texture":"#0"}}},{"from":[6.99,-0.01,6.99],"to":[9.01,20.01,9.01],"rotation":{"angle":0,"axis":"y","origin":[8,8,8]},"faces":{"north":{"uv":[2.5,6,3.5,16],"texture":"#0"},"east":{"uv":[2.5,6,3.5,16],"texture":"#0"},"south":{"uv":[2.5,6,3.5,16],"texture":"#0"},"west":{"uv":[2.5,6,3.5,16],"texture":"#0"},"up":{"uv":[2.5,15,3.5,16],"texture":"#0"},"down":{"uv":[2.5,15.5,3.5,16],"texture":"#0"}}}],"display":{"thirdperson_righthand":{"rotation":[39,0,0],"translation":[0,1.75,2.5],"scale":[0.8,0.8,0.8]},"thirdperson_lefthand":{"rotation":[39,0,0],"translation":[0,1.75,2.5],"scale":[0.8,0.8,0.8]},"firstperson_righthand":{"rotation":[-9,-107,0],"translation":[7.25,0,-4.25]},"firstperson_lefthand":{"rotation":[-9,71,0],"translation":[7.25,0,-4.25]},"ground":{"translation":[0,4.5,0],"scale":[0.4,0.4,0.4]},"gui":{"rotation":[30,-135,0],"translation":[0,-1.5,0],"scale":[0.5,0.5,0.5]},"head":{"translation":[0,19.25,0],"scale":[1.6,1.6,1.6]},"fixed":{"rotation":[-90,0,0],"translation":[0,0,-15.25],"scale":[2,2,2]}},"groups":[{"name":"group","origin":[8,8,8],"children":[0,1]}]}