{"credit":"Made with Blockbench","ambientocclusion":false,"textures":{"0":"custom/decorations/tall_torch","1":"custom/decorations/torch_fire","particle":"custom/decorations/tall_torch"},"elements":[{"from":[5.9999,5.0009,5.9999],"to":[9.9999,9.0009,5.9999],"shade":false,"rotation":{"angle":0,"axis":"y","origin":[8,-7,8]},"faces":{"north":{"uv":[2,4,4,6],"texture":"#0"},"south":{"uv":[2,4,4,6],"texture":"#0"}}},{"from":[10.0001,5.0009,5.9999],"to":[10.0001,9.0009,9.9999],"shade":false,"rotation":{"angle":0,"axis":"y","origin":[8,-7,8]},"faces":{"east":{"uv":[2,4,4,6],"texture":"#0"},"west":{"uv":[2,4,4,6],"texture":"#0"}}},{"from":[6.0001,5.0009,10.0001],"to":[10.0001,9.0009,10.0001],"shade":false,"rotation":{"angle":0,"axis":"y","origin":[8,-7,8]},"faces":{"north":{"uv":[2,4,4,6],"texture":"#0"},"south":{"uv":[2,4,4,6],"texture":"#0"}}},{"from":[6.0001,5.0001,5.9991],"to":[10.0001,5.0001,9.9991],"shade":false,"rotation":{"angle":0,"axis":"x","origin":[8,-7,8]},"faces":{"up":{"uv":[0.5,0.5,2.5,2.5],"texture":"#0"},"down":{"uv":[0.5,0.5,2.5,2.5],"texture":"#0"}}},{"from":[5.9999,5.0009,6.0001],"to":[5.9999,9.0009,10.0001],"shade":false,"rotation":{"angle":0,"axis":"y","origin":[8,-7,8]},"faces":{"east":{"uv":[2,4,4,6],"texture":"#0"},"west":{"uv":[2,4,4,6],"texture":"#0"}}},{"from":[6.99,-15.01,6.99],"to":[9.01,5.01,9.01],"shade":false,"rotation":{"angle":0,"axis":"y","origin":[8,-7,8]},"faces":{"north":{"uv":[2.5,6,3.5,16],"texture":"#0"},"east":{"uv":[2.5,6,3.5,16],"texture":"#0"},"south":{"uv":[2.5,6,3.5,16],"texture":"#0"},"west":{"uv":[2.5,6,3.5,16],"texture":"#0"},"up":{"uv":[2.5,15,3.5,16],"texture":"#0"},"down":{"uv":[2.5,15.5,3.5,16],"texture":"#0"}}},{"from":[7.9462,5.4,5.00005],"to":[7.9462,21.4,11.00005],"shade":false,"rotation":{"angle":45,"axis":"y","origin":[7.97312,13.39995,8.02692]},"faces":{"east":{"uv":[5,0,11,16],"texture":"#1"},"west":{"uv":[5,0,11,16],"texture":"#1"}}},{"from":[4.94625,5.4,8.05384],"to":[10.94625,21.4,8.05384],"shade":false,"rotation":{"angle":45,"axis":"y","origin":[7.97312,13.39995,8.02692]},"faces":{"north":{"uv":[5,0,11,16],"texture":"#1"},"south":{"uv":[5,0,11,16],"texture":"#1"}}},{"from":[7,-16,7],"to":[9,-15,9],"shade":false,"faces":{"north":{"uv":[2.5,15.5,3.5,16],"texture":"#0"},"east":{"uv":[2.5,15.5,3.5,16],"texture":"#0"},"south":{"uv":[2.5,15.5,3.5,16],"texture":"#0"},"west":{"uv":[2.5,15.5,3.5,16],"texture":"#0"},"down":{"uv":[2.5,15.5,3.5,16],"texture":"#0"}}}],"display":{"thirdperson_righthand":{"rotation":[39,0,0],"translation":[0,7,6],"scale":[0.8,0.8,0.8]},"thirdperson_lefthand":{"rotation":[39,0,0],"translation":[0,7,6],"scale":[0.8,0.8,0.8]},"firstperson_righthand":{"rotation":[-9,-107,0],"translation":[8.25,11.5,-7.25]},"firstperson_lefthand":{"rotation":[-9,-107,0],"translation":[8.25,11.5,-7.25]},"ground":{"translation":[0,8.25,0],"scale":[0.4,0.4,0.4]},"gui":{"rotation":[30,-135,0],"translation":[0,2.75,0],"scale":[0.5,0.5,0.5]},"head":{"translation":[0,41,0],"scale":[1.6,1.6,1.6]},"fixed":{"rotation":[-90,0,0],"translation":[0,0,-16],"scale":[2,2,2]}},"groups":[{"name":"group","origin":[8,8,8],"color":0,"children":[0,1,2,3,4,5,6,7]},8]}