{"credit":"Made with Blockbench","texture_size":[64,64],"textures":{"0":"custom/decorations/task_board","particle":"custom/decorations/task_board"},"elements":[{"from":[-4,0,7.5],"to":[20,16,8.5],"faces":{"north":{"uv":[0,0,6,4],"texture":"#0"},"east":{"uv":[12,0,12.25,4],"texture":"#0"},"south":{"uv":[12,0,6,4],"texture":"#0"},"west":{"uv":[12,0,12.25,4],"texture":"#0"},"up":{"uv":[6,4.25,12,4],"texture":"#0"},"down":{"uv":[6,4.5,12,4.25],"texture":"#0"}}},{"from":[-4.25,-0.25,7.25],"to":[20.25,16.25,8.75],"faces":{"north":{"uv":[0,4,6,8],"texture":"#0"}}},{"from":[-4,-8,7.5],"to":[-3,0,8.5],"faces":{"north":{"uv":[6,5.375,6.25,7.375],"texture":"#0"},"east":{"uv":[6.25,5.375,6,7.375],"texture":"#0"},"south":{"uv":[6,5.375,6.25,7.375],"texture":"#0"},"west":{"uv":[6.25,5.375,6,7.375],"texture":"#0"},"up":{"uv":[6,7.125,6.25,7.375],"texture":"#0"},"down":{"uv":[6,7.125,6.25,7.375],"texture":"#0"}}},{"from":[19,-8,7.5],"to":[20,0,8.5],"rotation":{"angle":0,"axis":"y","origin":[16,0,0]},"faces":{"north":{"uv":[6.25,5.375,6,7.375],"texture":"#0"},"east":{"uv":[6,5.375,6.25,7.375],"texture":"#0"},"south":{"uv":[6.25,5.375,6,7.375],"texture":"#0"},"west":{"uv":[6,5.375,6.25,7.375],"texture":"#0"},"up":{"uv":[6.25,7.125,6,7.375],"texture":"#0"},"down":{"uv":[6.25,7.125,6,7.375],"texture":"#0"}}},{"from":[17.5,14.5,8],"to":[22.5,18,8],"faces":{"north":{"uv":[6,4.5,7.25,5.375],"texture":"#0"},"south":{"uv":[7.25,4.5,6,5.375],"texture":"#0"}}},{"from":[-5.5,-5,8],"to":[-1.5,-2,8],"rotation":{"angle":0,"axis":"y","origin":[16,0,0]},"faces":{"north":{"uv":[8.25,4.5,7.25,5.25],"texture":"#0"},"south":{"uv":[7.25,4.5,8.25,5.25],"texture":"#0"}}},{"from":[-3,-3.5,8],"to":[0.5,0,8],"faces":{"north":{"uv":[6.25,6,7.125,6.875],"texture":"#0"},"south":{"uv":[7.125,6,6.25,6.875],"texture":"#0"}}},{"from":[15.5,-3.5,8],"to":[19,0,8],"rotation":{"angle":0,"axis":"y","origin":[16,0,0]},"faces":{"north":{"uv":[7.125,6,6.25,6.875],"texture":"#0"},"south":{"uv":[6.25,6,7.125,6.875],"texture":"#0"}}}],"display":{"thirdperson_righthand":{"rotation":[55,27,0],"translation":[0,0.75,0],"scale":[0.35,0.35,0.35]},"thirdperson_lefthand":{"rotation":[55,27,0],"translation":[0,0.75,0],"scale":[0.35,0.35,0.35]},"firstperson_righthand":{"rotation":[0,123,0],"translation":[18,-3.75,-13]},"firstperson_lefthand":{"rotation":[0,123,0],"translation":[18,-3.75,-13]},"ground":{"translation":[0,10.25,0],"scale":[0.46,0.46,0.46]},"gui":{"rotation":[27,142,0],"translation":[0,1.5,0],"scale":[0.52,0.52,0.52]},"fixed":{"rotation":[90,0,0],"scale":[4,4,4]}}}