{"credit":"Made with Blockbench","textures":{"0":"custom/decorations/tent","particle":"custom/decorations/tent"},"elements":[{"from":[7.5,-6,-4],"to":[8,16,20],"rotation":{"angle":45,"axis":"z","origin":[8,16,8]},"faces":{"north":{"uv":[0.75,0,0.875,11],"texture":"#0","tintindex":1},"east":{"uv":[0.75,0,12.75,11],"texture":"#0","tintindex":1},"south":{"uv":[0.75,0,0.875,11],"texture":"#0","tintindex":1},"west":{"uv":[12.75,0,0.75,11],"texture":"#0","tintindex":1},"down":{"uv":[1.25,10.25,1.625,11],"texture":"#0","tintindex":1}}},{"from":[8,-6,-4],"to":[8.5,16,20],"rotation":{"angle":-45,"axis":"z","origin":[8,16,8]},"faces":{"north":{"uv":[0.75,0,0.875,11],"texture":"#0","tintindex":1},"east":{"uv":[12.75,0,0.75,11],"texture":"#0","tintindex":1},"south":{"uv":[0.75,0,0.875,11],"texture":"#0","tintindex":1},"west":{"uv":[0.75,0,12.75,11],"texture":"#0","tintindex":1},"down":{"uv":[1.25,10.25,1.625,11],"texture":"#0","tintindex":1}}},{"from":[7.25,0,-4.75],"to":[8.75,17,-3.25],"rotation":{"angle":0,"axis":"y","origin":[8,8,3]},"faces":{"north":{"uv":[0,0.75,0.75,9.25],"texture":"#0"},"east":{"uv":[13.5,0.75,12.75,9.25],"texture":"#0"},"south":{"uv":[0,0.75,0.75,9.25],"texture":"#0"},"west":{"uv":[12.75,0.75,13.5,9.25],"texture":"#0"},"up":{"uv":[0,0,0.75,0.75],"texture":"#0"},"down":{"uv":[0,8.75,0.125,8.875],"texture":"#0"}}},{"from":[7.25,0,19.25],"to":[8.75,17,20.75],"rotation":{"angle":0,"axis":"y","origin":[8,8,3]},"faces":{"north":{"uv":[0,0.75,0.75,9.25],"texture":"#0"},"east":{"uv":[12.75,0.75,13.5,9.25],"texture":"#0"},"south":{"uv":[0,0.75,0.75,9.25],"texture":"#0"},"west":{"uv":[13.5,0.75,12.75,9.25],"texture":"#0"},"up":{"uv":[0,0,0.75,0.75],"texture":"#0"},"down":{"uv":[0,8.75,0.125,8.875],"texture":"#0"}}},{"from":[-7.75,0,-4.5],"to":[-6.75,3,-3.5],"rotation":{"angle":0,"axis":"y","origin":[8,8,3]},"faces":{"north":{"uv":[14,1,14.5,2.5],"texture":"#0"},"east":{"uv":[14,1,14.5,2.5],"texture":"#0"},"south":{"uv":[14,1,14.5,2.5],"texture":"#0"},"west":{"uv":[14,1,14.5,2.5],"texture":"#0"},"up":{"uv":[0,0,0.5,0.5],"texture":"#0"},"down":{"uv":[0.5,8,0.75,8.25],"texture":"#0"}}},{"from":[-7.75,0,19.5],"to":[-6.75,3,20.5],"rotation":{"angle":0,"axis":"y","origin":[8,8,3]},"faces":{"north":{"uv":[14,1,14.5,2.5],"texture":"#0"},"east":{"uv":[14,1,14.5,2.5],"texture":"#0"},"south":{"uv":[14,1,14.5,2.5],"texture":"#0"},"west":{"uv":[14,1,14.5,2.5],"texture":"#0"},"up":{"uv":[0,0,0.5,0.5],"texture":"#0"},"down":{"uv":[0.5,8,0.75,8.25],"texture":"#0"}}},{"from":[22.75,0,19.5],"to":[23.75,3,20.5],"rotation":{"angle":0,"axis":"y","origin":[8,8,3]},"faces":{"north":{"uv":[14,1,14.5,2.5],"texture":"#0"},"east":{"uv":[14,1,14.5,2.5],"texture":"#0"},"south":{"uv":[14,1,14.5,2.5],"texture":"#0"},"west":{"uv":[14,1,14.5,2.5],"texture":"#0"},"up":{"uv":[0,0,0.5,0.5],"texture":"#0"},"down":{"uv":[0.5,8,0.75,8.25],"texture":"#0"}}},{"from":[22.75,0,-4.5],"to":[23.75,3,-3.5],"rotation":{"angle":0,"axis":"y","origin":[8,8,3]},"faces":{"north":{"uv":[14,1,14.5,2.5],"texture":"#0"},"east":{"uv":[14,1,14.5,2.5],"texture":"#0"},"south":{"uv":[14,1,14.5,2.5],"texture":"#0"},"west":{"uv":[14,1,14.5,2.5],"texture":"#0"},"up":{"uv":[0,0,0.5,0.5],"texture":"#0"},"down":{"uv":[0.5,8,0.75,8.25],"texture":"#0"}}},{"from":[7.13,14.38,-4.87],"to":[8.87,15.62,-3.13],"faces":{"north":{"uv":[6.25,1.25,7,1.75],"rotation":180,"texture":"#0","tintindex":1},"east":{"uv":[6.25,1.25,7,1.75],"rotation":180,"texture":"#0","tintindex":1},"south":{"uv":[6.25,1.25,7,1.75],"rotation":180,"texture":"#0","tintindex":1},"west":{"uv":[6.25,1.25,7,1.75],"rotation":180,"texture":"#0","tintindex":1}}},{"from":[7.13,14.38,19.13],"to":[8.87,15.62,20.87],"faces":{"north":{"uv":[6.25,1.25,7,1.75],"rotation":180,"texture":"#0","tintindex":1},"east":{"uv":[6.25,1.25,7,1.75],"rotation":180,"texture":"#0","tintindex":1},"south":{"uv":[6.25,1.25,7,1.75],"rotation":180,"texture":"#0","tintindex":1},"west":{"uv":[6.25,1.25,7,1.75],"rotation":180,"texture":"#0","tintindex":1}}},{"from":[-7.85,0.4,-4.6],"to":[-6.65,1.1,-3.4],"faces":{"north":{"uv":[3.5,2.25,4,2.5],"texture":"#0","tintindex":1},"east":{"uv":[2.75,1.75,3.25,2],"texture":"#0","tintindex":1},"south":{"uv":[2.75,1.75,3.25,2],"rotation":180,"texture":"#0","tintindex":1},"west":{"uv":[3.5,2.25,4,2.5],"texture":"#0","tintindex":1}}},{"from":[-7.85,0.4,19.4],"to":[-6.65,1.1,20.6],"faces":{"north":{"uv":[2.75,1.75,3.25,2],"texture":"#0","tintindex":1},"east":{"uv":[2.75,1.75,3.25,2],"rotation":180,"texture":"#0","tintindex":1},"south":{"uv":[3.5,2.25,4,2.5],"texture":"#0","tintindex":1},"west":{"uv":[3.5,2.25,4,2.5],"texture":"#0","tintindex":1}}},{"from":[22.65,0.4,19.4],"to":[23.85,1.1,20.6],"faces":{"north":{"uv":[2.75,1.75,3.25,2],"rotation":180,"texture":"#0","tintindex":1},"east":{"uv":[3.5,2.25,4,2.5],"texture":"#0","tintindex":1},"south":{"uv":[3.5,2.25,4,2.5],"texture":"#0","tintindex":1},"west":{"uv":[2.75,1.75,3.25,2],"texture":"#0","tintindex":1}}},{"from":[22.65,0.4,-4.6],"to":[23.85,1.1,-3.4],"faces":{"north":{"uv":[3.5,2.25,4,2.5],"texture":"#0","tintindex":1},"east":{"uv":[3.5,2.25,4,2.5],"texture":"#0","tintindex":1},"south":{"uv":[2.75,1.75,3.25,2],"texture":"#0","tintindex":1},"west":{"uv":[2.75,1.75,3.25,2],"rotation":180,"texture":"#0","tintindex":1}}}],"display":{"thirdperson_righthand":{"rotation":[0,35,0],"translation":[0,1.25,0],"scale":[0.2,0.2,0.2]},"thirdperson_lefthand":{"rotation":[0,35,0],"translation":[0,1.25,0],"scale":[0.2,0.2,0.2]},"firstperson_righthand":{"rotation":[-12,12,0],"translation":[19,-2.75,-11.25]},"firstperson_lefthand":{"rotation":[-12,12,0],"translation":[19,-2.75,-11.25]},"ground":{"translation":[0,6.75,0],"scale":[0.4,0.4,0.4]},"gui":{"rotation":[30,135,0],"translation":[0,1,0],"scale":[0.4,0.4,0.4]},"head":{"translation":[0,5.5,0]},"fixed":{"rotation":[90,0,0],"translation":[0,0,2],"scale":[4,4,4]}},"groups":[{"name":"group","origin":[8,8,8],"children":[0,1,2,3,4,5,6,7]},8,9,10,11,12,13]}