{"credit":"Made with Blockbench","textures":{"0":"custom/decorations/turbo_sprinkler","1":"custom/decorations/turbo_sprinkler_animation","particle":"custom/decorations/turbo_sprinkler"},"elements":[{"from":[4,11,4],"to":[12,11,12],"faces":{"north":{"uv":[0,0,6,0],"texture":"#0"},"east":{"uv":[0,0,6,0],"texture":"#0"},"south":{"uv":[0,0,6,0],"texture":"#0"},"west":{"uv":[0,0,6,0],"texture":"#0"},"up":{"uv":[3,0,11,8],"texture":"#0"},"down":{"uv":[11,0,3,8],"texture":"#0"}}},{"from":[6.5,4,6.5],"to":[9.5,11,9.5],"faces":{"north":{"uv":[0,0,3,7],"texture":"#0"},"east":{"uv":[0,0,3,7],"texture":"#0"},"south":{"uv":[0,0,3,7],"texture":"#0"},"west":{"uv":[0,0,3,7],"texture":"#0"},"down":{"uv":[6,2,8,4],"texture":"#0"}}},{"from":[7.5,0,7.5],"to":[8.5,4,8.5],"faces":{"north":{"uv":[1,7,2,11],"texture":"#0"},"east":{"uv":[1,7,2,11],"texture":"#0"},"south":{"uv":[1,7,2,11],"texture":"#0"},"west":{"uv":[1,7,2,11],"texture":"#0"},"up":{"uv":[0,0,1,1],"texture":"#0"},"down":{"uv":[0,0,1,1],"texture":"#0"}}},{"from":[5.5,5,5.5],"to":[10.5,10,10.5],"faces":{"north":{"uv":[0,4,5,9],"texture":"#1"},"east":{"uv":[0,4,5,9],"texture":"#1"},"south":{"uv":[0,4,5,9],"texture":"#1"},"west":{"uv":[0,4,5,9],"texture":"#1"}}},{"from":[10.5,10,10.5],"to":[5.5,5,5.5],"faces":{"north":{"uv":[0,4,5,9],"rotation":180,"texture":"#1"},"east":{"uv":[0,4,5,9],"rotation":180,"texture":"#1"},"south":{"uv":[0,4,5,9],"rotation":180,"texture":"#1"},"west":{"uv":[0,4,5,9],"rotation":180,"texture":"#1"}}},{"from":[6.5,0,6.5],"to":[9.5,3,9.5],"faces":{"north":{"uv":[1,10,4,13],"texture":"#1"},"east":{"uv":[1,10,4,13],"texture":"#1"},"south":{"uv":[1,10,4,13],"texture":"#1"},"west":{"uv":[1,10,4,13],"texture":"#1"}}},{"from":[9.5,3,9.5],"to":[6.5,0,6.5],"faces":{"north":{"uv":[1,10,4,13],"rotation":180,"texture":"#1"},"east":{"uv":[1,10,4,13],"rotation":180,"texture":"#1"},"south":{"uv":[1,10,4,13],"rotation":180,"texture":"#1"},"west":{"uv":[1,10,4,13],"rotation":180,"texture":"#1"}}},{"from":[6.5,11,6.5],"to":[9.5,14,9.5],"faces":{"north":{"uv":[1,0,4,3],"texture":"#1"},"east":{"uv":[1,0,4,3],"texture":"#1"},"south":{"uv":[1,0,4,3],"texture":"#1"},"west":{"uv":[1,0,4,3],"texture":"#1"},"up":{"uv":[6,0,9,3],"texture":"#1"}}},{"from":[9.5,14,9.5],"to":[6.5,11,6.5],"faces":{"north":{"uv":[1,0,4,3],"rotation":180,"texture":"#1"},"east":{"uv":[1,0,4,3],"rotation":180,"texture":"#1"},"south":{"uv":[1,0,4,3],"rotation":180,"texture":"#1"},"west":{"uv":[1,0,4,3],"rotation":180,"texture":"#1"},"down":{"uv":[6,0,9,3],"texture":"#1"}}}],"display":{"thirdperson_righthand":{"rotation":[38,0,0],"translation":[0,1.5,1.5],"scale":[0.5,0.5,0.5]},"thirdperson_lefthand":{"rotation":[38,0,0],"translation":[0,1.5,1.5],"scale":[0.5,0.5,0.5]},"firstperson_righthand":{"translation":[5,1.5,-2.5]},"firstperson_lefthand":{"translation":[5,1.5,-2.5]},"ground":{"translation":[0,1,0],"scale":[0.4,0.4,0.4]},"gui":{"rotation":[30,45,0],"translation":[0,1.75,0],"scale":[1.2,1.2,1.2]},"head":{"translation":[0,2,0],"scale":[1.6,1.6,1.6]},"fixed":{"rotation":[-90,0,0],"translation":[0,0,-14],"scale":[2,2,2]}},"groups":[{"name":"group","origin":[8,8,8],"children":[0,1,2]},3,4,5,6,7,8]}