{"credit":"Made with Blockbench","textures":{"0":"custom/decorations/vases","particle":"custom/decorations/vases"},"elements":[{"from":[4,0,4],"to":[12,7,12],"faces":{"north":{"uv":[10,6.25,12,8],"texture":"#0","tintindex":1},"east":{"uv":[10,6.25,12,8],"texture":"#0","tintindex":1},"south":{"uv":[10,6.25,12,8],"texture":"#0","tintindex":1},"west":{"uv":[10,6.25,12,8],"texture":"#0","tintindex":1},"up":{"uv":[0,0,2,2],"texture":"#0","tintindex":1},"down":{"uv":[0.5,0.5,0.75,0.75],"texture":"#0","tintindex":1}}},{"from":[2,7,2],"to":[14,18,14],"faces":{"north":{"uv":[9.5,3.5,12.5,6.25],"texture":"#0","tintindex":1},"east":{"uv":[9.5,3.5,12.5,6.25],"texture":"#0","tintindex":1},"south":{"uv":[9.5,3.5,12.5,6.25],"texture":"#0","tintindex":1},"west":{"uv":[9.5,3.5,12.5,6.25],"texture":"#0","tintindex":1},"up":{"uv":[0,0,3,3],"texture":"#0","tintindex":1},"down":{"uv":[0.5,0.5,0.75,0.75],"texture":"#0","tintindex":1}}},{"from":[4,18,4],"to":[12,20,12],"faces":{"north":{"uv":[10,3,12,3.5],"texture":"#0","tintindex":1},"east":{"uv":[10,3,12,3.5],"texture":"#0","tintindex":1},"south":{"uv":[10,3,12,3.5],"texture":"#0","tintindex":1},"west":{"uv":[10,3,12,3.5],"texture":"#0","tintindex":1},"up":{"uv":[0,0,2,2],"texture":"#0","tintindex":1},"down":{"uv":[0,0,2,2],"texture":"#0","tintindex":1}}},{"from":[3,20,3],"to":[13,22,13],"faces":{"north":{"uv":[9.75,2.5,12.25,3],"texture":"#0","tintindex":1},"east":{"uv":[9.75,2.5,12.25,3],"texture":"#0","tintindex":1},"south":{"uv":[9.75,2.5,12.25,3],"texture":"#0","tintindex":1},"west":{"uv":[9.75,2.5,12.25,3],"texture":"#0","tintindex":1},"up":{"uv":[9.75,0,12.25,2.5],"texture":"#0","tintindex":1},"down":{"uv":[0.5,0.5,0.75,0.75],"texture":"#0","tintindex":1}}},{"from":[-1,9,8],"to":[2,17,8],"faces":{"north":{"uv":[12.5,3.75,13.25,5.75],"texture":"#0","tintindex":1},"east":{"uv":[0,0,0,2],"texture":"#0","tintindex":1},"south":{"uv":[13.25,3.75,12.5,5.75],"texture":"#0","tintindex":1},"west":{"uv":[0,0,0,2],"texture":"#0","tintindex":1},"up":{"uv":[0,0,0.75,0],"texture":"#0","tintindex":1},"down":{"uv":[0,0,0.75,0],"texture":"#0","tintindex":1}}},{"from":[14,9,8],"to":[17,17,8],"faces":{"north":{"uv":[13.25,3.75,12.5,5.75],"texture":"#0","tintindex":1},"east":{"uv":[0,0,0,2],"texture":"#0","tintindex":1},"south":{"uv":[12.5,3.75,13.25,5.75],"texture":"#0","tintindex":1},"west":{"uv":[0,0,0,2],"texture":"#0","tintindex":1},"up":{"uv":[0,0,0.75,0],"texture":"#0","tintindex":1},"down":{"uv":[0,0,0.75,0],"texture":"#0","tintindex":1}}}],"display":{"thirdperson_righthand":{"rotation":[16,-40,0],"scale":[0.2,0.2,0.2]},"thirdperson_lefthand":{"rotation":[16,-40,0],"scale":[0.2,0.2,0.2]},"firstperson_righthand":{"rotation":[5,122,0],"translation":[9.5,-2.5,-6.75]},"firstperson_lefthand":{"rotation":[5,122,0],"translation":[9.5,-2.5,-6.75]},"ground":{"translation":[0,2,0],"scale":[0.3,0.3,0.3]},"gui":{"rotation":[30,135,0],"translation":[0,-1.75,0],"scale":[0.6,0.6,0.6]},"head":{"translation":[0,17.5,0],"scale":[1.4,1.4,1.4]},"fixed":{"rotation":[-90,0,0],"translation":[0,0,-16],"scale":[2,2,2]}},"groups":[{"name":"group","origin":[8,8,8],"children":[0,1,2,3,4,5]}]}