{"credit":"Made with Blockbench","textures":{"0":"custom/decorations/vases","particle":"custom/decorations/vases"},"elements":[{"from":[3,12,3],"to":[13,14,13],"faces":{"north":{"uv":[0.25,3.5,2.75,4],"texture":"#0","tintindex":1},"east":{"uv":[0.25,3.5,2.75,4],"texture":"#0","tintindex":1},"south":{"uv":[0.25,3.5,2.75,4],"texture":"#0","tintindex":1},"west":{"uv":[0.25,3.5,2.75,4],"texture":"#0","tintindex":1},"up":{"uv":[0,0,2.5,2.5],"texture":"#0","tintindex":1},"down":{"uv":[0,0,2.5,2.5],"texture":"#0","tintindex":1}}},{"from":[2,14,2],"to":[14,16,14],"faces":{"north":{"uv":[0,3,3,3.5],"texture":"#0","tintindex":1},"east":{"uv":[0,3,3,3.5],"texture":"#0","tintindex":1},"south":{"uv":[0,3,3,3.5],"texture":"#0","tintindex":1},"west":{"uv":[0,3,3,3.5],"texture":"#0","tintindex":1},"up":{"uv":[0,0,3,3],"texture":"#0","tintindex":1},"down":{"uv":[0.5,0.5,0.75,1],"texture":"#0","tintindex":1}}},{"from":[2,2,2],"to":[14,12,14],"faces":{"north":{"uv":[0,4,3,6.5],"texture":"#0","tintindex":1},"east":{"uv":[0,4,3,6.5],"texture":"#0","tintindex":1},"south":{"uv":[0,4,3,6.5],"texture":"#0","tintindex":1},"west":{"uv":[0,4,3,6.5],"texture":"#0","tintindex":1},"up":{"uv":[0,0,3,3],"texture":"#0","tintindex":1},"down":{"uv":[0.5,0.5,0.75,1],"texture":"#0","tintindex":1}}},{"from":[4,0,4],"to":[12,2,12],"faces":{"north":{"uv":[0.5,6.25,2.5,6.75],"texture":"#0","tintindex":1},"east":{"uv":[0.5,6.25,2.5,6.75],"texture":"#0","tintindex":1},"south":{"uv":[0.5,6.25,2.5,6.75],"texture":"#0","tintindex":1},"west":{"uv":[0.5,6.25,2.5,6.75],"texture":"#0","tintindex":1},"up":{"uv":[0,0,2,2],"texture":"#0","tintindex":1},"down":{"uv":[0.5,0.5,0.75,1],"texture":"#0","tintindex":1}}}],"display":{"thirdperson_righthand":{"rotation":[16,-40,0],"scale":[0.2,0.2,0.2]},"thirdperson_lefthand":{"rotation":[16,-40,0],"scale":[0.2,0.2,0.2]},"firstperson_righthand":{"rotation":[5,23,0],"translation":[9.5,-2.5,-6.75]},"firstperson_lefthand":{"rotation":[5,23,0],"translation":[9.5,-2.5,-6.75]},"ground":{"translation":[0,1.75,0],"scale":[0.3,0.3,0.3]},"gui":{"rotation":[30,45,0],"translation":[0,-0.5,0],"scale":[0.7,0.7,0.7]},"head":{"translation":[0,17.5,0],"scale":[1.4,1.4,1.4]},"fixed":{"rotation":[-90,0,0],"translation":[0,0,-16],"scale":[2,2,2]}},"groups":[{"name":"group","origin":[8,8,8],"children":[0,1,2,3]}]}