{"credit":"Made with Blockbench","textures":{"0":"custom/decorations/vases","particle":"custom/decorations/vases"},"elements":[{"from":[2,1,2],"to":[14,12,14],"faces":{"north":{"uv":[3.25,4.25,6.25,7],"texture":"#0","tintindex":1},"east":{"uv":[3.25,4.25,6.25,7],"texture":"#0","tintindex":1},"south":{"uv":[3.25,4.25,6.25,7],"texture":"#0","tintindex":1},"west":{"uv":[3.25,4.25,6.25,7],"texture":"#0","tintindex":1},"up":{"uv":[0,0,3,3],"texture":"#0","tintindex":1},"down":{"uv":[0.5,0.5,0.75,0.75],"texture":"#0","tintindex":1}}},{"from":[3,0,3],"to":[13,1,13],"faces":{"north":{"uv":[3.5,7,6,7.25],"texture":"#0","tintindex":1},"east":{"uv":[3.5,7,6,7.25],"texture":"#0","tintindex":1},"south":{"uv":[3.5,7,6,7.25],"texture":"#0","tintindex":1},"west":{"uv":[3.5,7,6,7.25],"texture":"#0","tintindex":1},"up":{"uv":[0,0,2.5,2.5],"texture":"#0","tintindex":1},"down":{"uv":[0.5,0.5,0.75,0.75],"texture":"#0","tintindex":1}}},{"from":[5,12,5],"to":[11,19,11],"faces":{"north":{"uv":[4,2.5,5.5,4.25],"texture":"#0","tintindex":1},"east":{"uv":[4,2.5,5.5,4.25],"texture":"#0","tintindex":1},"south":{"uv":[4,2.5,5.5,4.25],"texture":"#0","tintindex":1},"west":{"uv":[4,2.5,5.5,4.25],"texture":"#0","tintindex":1},"up":{"uv":[0,0,1.5,1.5],"texture":"#0","tintindex":1},"down":{"uv":[0,0,1.5,1.5],"texture":"#0","tintindex":1}}},{"from":[4,19,4],"to":[12,21,12],"faces":{"north":{"uv":[3.75,2,5.75,2.5],"texture":"#0","tintindex":1},"east":{"uv":[3.75,2,5.75,2.5],"texture":"#0","tintindex":1},"south":{"uv":[3.75,2,5.75,2.5],"texture":"#0","tintindex":1},"west":{"uv":[3.75,2,5.75,2.5],"texture":"#0","tintindex":1},"up":{"uv":[3.75,0,5.75,2],"texture":"#0","tintindex":1},"down":{"uv":[0.5,0.5,0.75,0.75],"texture":"#0","tintindex":1}}},{"from":[2,12,8],"to":[5,19,8],"faces":{"north":{"uv":[5.5,2.5,6.25,4.25],"texture":"#0","tintindex":1},"east":{"uv":[0,0,0,1.75],"texture":"#0","tintindex":1},"south":{"uv":[3.25,2.5,4,4.25],"texture":"#0","tintindex":1},"west":{"uv":[0,0,0,1.75],"texture":"#0","tintindex":1},"up":{"uv":[0,0,0.75,0],"texture":"#0","tintindex":1},"down":{"uv":[0,0,0.75,0],"texture":"#0","tintindex":1}}},{"from":[11,12,8],"to":[14,19,8],"faces":{"north":{"uv":[3.25,2.5,4,4.25],"texture":"#0","tintindex":1},"east":{"uv":[0,0,0,1.75],"texture":"#0","tintindex":1},"south":{"uv":[4,2.5,3.25,4.25],"texture":"#0","tintindex":1},"west":{"uv":[0,0,0,1.75],"texture":"#0","tintindex":1},"up":{"uv":[0,0,0.75,0],"texture":"#0","tintindex":1},"down":{"uv":[0,0,0.75,0],"texture":"#0","tintindex":1}}}],"display":{"thirdperson_righthand":{"rotation":[16,-40,0],"scale":[0.2,0.2,0.2]},"thirdperson_lefthand":{"rotation":[16,-40,0],"scale":[0.2,0.2,0.2]},"firstperson_righthand":{"rotation":[5,122,0],"translation":[9.5,-2.5,-6.75]},"firstperson_lefthand":{"rotation":[5,122,0],"translation":[9.5,-2.5,-6.75]},"ground":{"translation":[0,2,0],"scale":[0.3,0.3,0.3]},"gui":{"rotation":[30,135,0],"translation":[0,-1.25,0],"scale":[0.65,0.65,0.65]},"head":{"translation":[0,17.5,0],"scale":[1.4,1.4,1.4]},"fixed":{"rotation":[-90,0,0],"translation":[0,0,-16],"scale":[2,2,2]}},"groups":[{"name":"group","origin":[8,8,8],"children":[0,1,2,3,4,5]}]}