{"credit":"Made with Blockbench","textures":{"0":"custom/decorations/vases","particle":"custom/decorations/vases"},"elements":[{"from":[5,0,5],"to":[11,1,11],"faces":{"north":{"uv":[6.75,4,8.25,4.25],"texture":"#0","tintindex":1},"east":{"uv":[6.75,4,8.25,4.25],"texture":"#0","tintindex":1},"south":{"uv":[6.75,4,8.25,4.25],"texture":"#0","tintindex":1},"west":{"uv":[6.75,4,8.25,4.25],"texture":"#0","tintindex":1},"up":{"uv":[0,0,1.5,1.5],"texture":"#0","tintindex":1},"down":{"uv":[0.5,0.5,0.75,0.75],"texture":"#0","tintindex":1}}},{"from":[4,1,4],"to":[12,7,12],"faces":{"north":{"uv":[6.5,2.5,8.5,4],"texture":"#0","tintindex":1},"east":{"uv":[6.5,2.5,8.5,4],"texture":"#0","tintindex":1},"south":{"uv":[6.5,2.5,8.5,4],"texture":"#0","tintindex":1},"west":{"uv":[6.5,2.5,8.5,4],"texture":"#0","tintindex":1},"up":{"uv":[3.75,0,5.75,2],"texture":"#0","tintindex":1},"down":{"uv":[0.5,0.5,0.75,0.75],"texture":"#0","tintindex":1}}},{"from":[6,7,6],"to":[10,10,10],"faces":{"north":{"uv":[7,1.75,8,2.5],"texture":"#0","tintindex":1},"east":{"uv":[7,1.75,8,2.5],"texture":"#0","tintindex":1},"south":{"uv":[7,1.75,8,2.5],"texture":"#0","tintindex":1},"west":{"uv":[7,1.75,8,2.5],"texture":"#0","tintindex":1},"up":{"uv":[0,0,1,1],"texture":"#0","tintindex":1},"down":{"uv":[0,0,1,1],"texture":"#0","tintindex":1}}},{"from":[5,10,5],"to":[11,11,11],"faces":{"north":{"uv":[6.75,1.5,8.25,1.75],"texture":"#0","tintindex":1},"east":{"uv":[6.75,1.5,8.25,1.75],"texture":"#0","tintindex":1},"south":{"uv":[6.75,1.5,8.25,1.75],"texture":"#0","tintindex":1},"west":{"uv":[6.75,1.5,8.25,1.75],"texture":"#0","tintindex":1},"up":{"uv":[6.75,0,8.25,1.5],"texture":"#0","tintindex":1},"down":{"uv":[0.5,0.5,0.75,0.75],"texture":"#0","tintindex":1}}}],"display":{"thirdperson_righthand":{"rotation":[16,-40,0],"translation":[0,1.25,0],"scale":[0.3,0.3,0.3]},"thirdperson_lefthand":{"rotation":[16,-40,0],"translation":[0,1.25,0],"scale":[0.3,0.3,0.3]},"firstperson_righthand":{"rotation":[5,122,0],"translation":[5.75,0.75,-3.25]},"firstperson_lefthand":{"rotation":[5,122,0],"translation":[5.75,0.75,-3.25]},"ground":{"translation":[0,2,0],"scale":[0.3,0.3,0.3]},"gui":{"rotation":[30,135,0],"translation":[0,1.75,0]},"head":{"translation":[0,17.5,0],"scale":[1.4,1.4,1.4]},"fixed":{"rotation":[-90,0,0],"translation":[0,0,-16],"scale":[2,2,2]}},"groups":[{"name":"group","origin":[8,8,8],"children":[0,1,2,3]}]}