{"credit":"Made with Blockbench","texture_size":[64,64],"textures":{"0":"custom/decorations/vases","particle":"custom/decorations/vases"},"elements":[{"from":[12.25,10.25,12.25],"to":[3.75,0.75,3.75],"rotation":{"angle":0,"axis":"y","origin":[20,18,20]},"faces":{"north":{"uv":[9,9.5,11,11.75],"rotation":180,"texture":"#0","tintindex":1},"east":{"uv":[11,9.5,13,11.75],"rotation":180,"texture":"#0","tintindex":1},"south":{"uv":[9,9.5,11,11.75],"rotation":180,"texture":"#0","tintindex":1},"west":{"uv":[11,9.5,13,11.75],"rotation":180,"texture":"#0","tintindex":1}}},{"from":[3.75,0.75,3.75],"to":[12.25,10.25,12.25],"rotation":{"angle":0,"axis":"y","origin":[12,9,12]},"faces":{"north":{"uv":[9,9.5,11,11.75],"texture":"#0","tintindex":1},"east":{"uv":[11,9.5,13,11.75],"texture":"#0","tintindex":1},"south":{"uv":[9,9.5,11,11.75],"texture":"#0","tintindex":1},"west":{"uv":[11,9.5,13,11.75],"texture":"#0","tintindex":1}}},{"from":[5,10,5],"to":[11,11,11],"rotation":{"angle":0,"axis":"y","origin":[13,18,13]},"faces":{"north":{"uv":[3.25,9.25,4.75,9.5],"texture":"#0"},"east":{"uv":[5.25,9.25,6.75,9.5],"texture":"#0"},"south":{"uv":[3.25,9.25,4.75,9.5],"texture":"#0"},"west":{"uv":[5.25,9.25,6.75,9.5],"texture":"#0"}}},{"from":[4,1,4],"to":[12,10,12],"rotation":{"angle":0,"axis":"y","origin":[12,9,12]},"faces":{"north":{"uv":[3,9.5,5,11.75],"texture":"#0"},"east":{"uv":[5,9.5,7,11.75],"texture":"#0"},"south":{"uv":[3,9.5,5,11.75],"texture":"#0"},"west":{"uv":[5,9.5,7,11.75],"texture":"#0"},"up":{"uv":[7,10,9,12],"rotation":270,"texture":"#0"},"down":{"uv":[0.5,9.5,0.75,9.75],"texture":"#0"}}},{"from":[4,11,4],"to":[12,13,12],"rotation":{"angle":0,"axis":"y","origin":[12,19,12]},"faces":{"north":{"uv":[3,8.75,5,9.25],"texture":"#0"},"east":{"uv":[5,8.75,7,9.25],"texture":"#0"},"south":{"uv":[3,8.75,5,9.25],"texture":"#0"},"west":{"uv":[5,8.75,7,9.25],"texture":"#0"},"up":{"uv":[7,10,9,12],"rotation":90,"texture":"#0"},"down":{"uv":[0.25,9.5,0.5,9.75],"texture":"#0"}}},{"from":[5,0,5],"to":[11,1,11],"rotation":{"angle":0,"axis":"y","origin":[13,8,13]},"faces":{"north":{"uv":[3.25,11.75,4.75,12],"texture":"#0"},"east":{"uv":[3.25,11.75,4.75,12],"texture":"#0"},"south":{"uv":[3.25,11.75,4.75,12],"texture":"#0"},"west":{"uv":[3.25,11.75,4.75,12],"texture":"#0"},"down":{"uv":[0.5,9.5,0.75,9.75],"texture":"#0"}}}],"display":{"thirdperson_righthand":{"rotation":[61,61,0],"translation":[0,1.25,1.25],"scale":[0.39,0.39,0.39]},"thirdperson_lefthand":{"rotation":[61,61,0],"translation":[0,1.25,1.25],"scale":[0.39,0.39,0.39]},"firstperson_righthand":{"rotation":[0,42,0],"translation":[10.75,0,-7]},"firstperson_lefthand":{"rotation":[0,42,0],"translation":[10.75,0,-7]},"ground":{"translation":[0,2.75,0],"scale":[0.39,0.39,0.39]},"gui":{"rotation":[30,45,0],"translation":[0,0.75,0],"scale":[0.95,0.95,0.95]},"head":{"translation":[0,14.75,0]},"fixed":{"rotation":[-90,0,0],"translation":[0,0,-16],"scale":[2,2,2]}},"groups":[0,1,{"name":"group","origin":[13,8,13],"children":[2,3,4,5]}]}