{"credit":"Made with Blockbench","textures":{"0":"custom/decorations/vases","particle":"custom/decorations/vases"},"elements":[{"from":[3,12,3],"to":[13,14,13],"faces":{"north":{"uv":[0.25,12.5,2.75,13],"texture":"#0"},"east":{"uv":[3.25,12.5,5.75,13],"texture":"#0"},"south":{"uv":[0.25,12.5,2.75,13],"texture":"#0"},"west":{"uv":[3.25,12.5,5.75,13],"texture":"#0"},"up":{"uv":[0,0,2.5,2.5],"texture":"#0"},"down":{"uv":[0,0,2.5,2.5],"texture":"#0"}}},{"from":[2,14,2],"to":[14,16,14],"faces":{"north":{"uv":[0,12,3,12.5],"texture":"#0"},"east":{"uv":[3,12,6,12.5],"texture":"#0"},"south":{"uv":[0,12,3,12.5],"texture":"#0"},"west":{"uv":[3,12,6,12.5],"texture":"#0"},"up":{"uv":[0,9,3,12],"texture":"#0"},"down":{"uv":[0.5,9.5,0.75,10],"texture":"#0"}}},{"from":[2,2,2],"to":[14,12,14],"faces":{"north":{"uv":[0,13,3,15.5],"texture":"#0"},"east":{"uv":[3,13,6,15.5],"texture":"#0"},"south":{"uv":[0,13,3,15.5],"texture":"#0"},"west":{"uv":[3,13,6,15.5],"texture":"#0"},"up":{"uv":[0,9,3,12],"texture":"#0"},"down":{"uv":[0.5,9.5,0.75,10],"texture":"#0"}}},{"from":[4,0,4],"to":[12,2,12],"faces":{"north":{"uv":[0.5,15.5,2.5,16],"texture":"#0"},"east":{"uv":[0.5,15.5,2.5,16],"texture":"#0"},"south":{"uv":[0.5,15.5,2.5,16],"texture":"#0"},"west":{"uv":[0.5,15.5,2.5,16],"texture":"#0"},"up":{"uv":[0,0,2,2],"texture":"#0"},"down":{"uv":[0.5,9.5,0.75,10],"texture":"#0"}}},{"from":[1.75,1.75,1.75],"to":[14.25,12.25,14.25],"faces":{"north":{"uv":[6,13,9,15.5],"texture":"#0","tintindex":1},"east":{"uv":[9,13,12,15.5],"texture":"#0","tintindex":1},"south":{"uv":[6,13,9,15.5],"texture":"#0","tintindex":1},"west":{"uv":[9,13,12,15.5],"texture":"#0","tintindex":1}}},{"from":[14.25,12.25,14.25],"to":[1.75,1.75,1.75],"rotation":{"angle":0,"axis":"y","origin":[20,18,20]},"faces":{"north":{"uv":[6,13,9,15.5],"rotation":180,"texture":"#0","tintindex":1},"east":{"uv":[9,13,12,15.5],"rotation":180,"texture":"#0","tintindex":1},"south":{"uv":[6,13,9,15.5],"rotation":180,"texture":"#0","tintindex":1},"west":{"uv":[9,13,12,15.5],"rotation":180,"texture":"#0","tintindex":1}}}],"display":{"thirdperson_righthand":{"rotation":[16,-40,0],"scale":[0.2,0.2,0.2]},"thirdperson_lefthand":{"rotation":[16,-40,0],"scale":[0.2,0.2,0.2]},"firstperson_righthand":{"rotation":[5,23,0],"translation":[9.5,-2.5,-6.75]},"firstperson_lefthand":{"rotation":[5,23,0],"translation":[9.5,-2.5,-6.75]},"ground":{"translation":[0,1.75,0],"scale":[0.3,0.3,0.3]},"gui":{"rotation":[30,45,0],"translation":[0,-0.5,0],"scale":[0.7,0.7,0.7]},"head":{"translation":[0,17.5,0],"scale":[1.4,1.4,1.4]},"fixed":{"rotation":[-90,0,0],"translation":[0,0,-16],"scale":[2,2,2]}},"groups":[{"name":"group","origin":[8,8,8],"children":[0,1,2,3]},4,5]}