{"credit":"Made with Blockbench","texture_size":[64,64],"textures":{"0":"custom/decorations/wall_of_fame_lamp","particle":"custom/decorations/wall_of_fame_lamp"},"elements":[{"from":[6,9,0],"to":[10,15,4],"faces":{"north":{"uv":[0.5,0,1.5,1.5],"texture":"#0"},"east":{"uv":[0.5,0,1.5,1.5],"texture":"#0"},"south":{"uv":[0.5,0,1.5,1.5],"texture":"#0"},"west":{"uv":[0.5,0,1.5,1.5],"texture":"#0"},"up":{"uv":[1.5,1.25,2.5,2.25],"texture":"#0"},"down":{"uv":[0.5,1.5,1.5,2.5],"texture":"#0","tintindex":0}}},{"from":[6,0,0],"to":[10,9,4],"faces":{"north":{"uv":[3,0,4,6.25],"texture":"#0","tintindex":0},"east":{"uv":[3,0,4,6.25],"texture":"#0","tintindex":0},"south":{"uv":[3,0,4,6.25],"texture":"#0","tintindex":0},"west":{"uv":[3,0,4,6.25],"texture":"#0","tintindex":0}}},{"from":[7,12,4],"to":[9,14,10],"faces":{"north":{"uv":[0,1,0.5,1.5],"texture":"#0"},"east":{"uv":[0,0,0.5,1.5],"rotation":90,"texture":"#0"},"south":{"uv":[0,1,0.5,1.5],"texture":"#0"},"west":{"uv":[0,0,0.5,1.5],"rotation":90,"texture":"#0"},"up":{"uv":[0,0,0.5,1.5],"texture":"#0"},"down":{"uv":[0,0,0.5,1.5],"texture":"#0"}}},{"from":[5.5,10.5,10],"to":[10.5,15.5,11],"faces":{"north":{"uv":[1.5,0,2.75,1.25],"texture":"#0"},"east":{"uv":[1.5,0,1.75,1.25],"texture":"#0"},"south":{"uv":[1.5,0,2.75,1.25],"texture":"#0"},"west":{"uv":[1.5,0,1.75,1.25],"texture":"#0"},"up":{"uv":[1.5,0,2.75,0.25],"texture":"#0"},"down":{"uv":[1.5,1,2.75,1.25],"texture":"#0"}}}],"display":{"firstperson_righthand":{"translation":[7.5,0,0],"scale":[0.61,0.61,0.61]},"firstperson_lefthand":{"translation":[7.5,0,0],"scale":[0.61,0.61,0.61]},"fixed":{"translation":[0,-9.25,-6],"scale":[2,2,2]}}}