{"credit":"Made with Blockbench","textures":{"0":"custom/decorations/wall_light","particle":"custom/decorations/wall_light"},"elements":[{"from":[3,0,7],"to":[13,10,8],"faces":{"north":{"uv":[0,0.5,5,5.5],"texture":"#0"},"east":{"uv":[0,0,0.5,5],"texture":"#0"},"south":{"uv":[3.5,5,5,6],"texture":"#0"},"west":{"uv":[0,0,0.5,5],"texture":"#0"},"up":{"uv":[0,0,5,0.5],"texture":"#0"},"down":{"uv":[0,0,5,0.5],"texture":"#0"}}},{"from":[4,1,4],"to":[12,4,7],"faces":{"north":{"uv":[0.5,3.5,4.5,5],"texture":"#0","tintindex":0},"east":{"uv":[7,3.5,5.5,5],"texture":"#0","tintindex":0},"west":{"uv":[5.5,3.5,7,5],"texture":"#0","tintindex":0},"up":{"uv":[0.5,3.5,4.5,5],"texture":"#0","tintindex":0},"down":{"uv":[0.5,3.5,4.5,5],"texture":"#0","tintindex":0}}},{"from":[4,6,4],"to":[12,9,7],"faces":{"north":{"uv":[0.5,1,4.5,2.5],"texture":"#0","tintindex":0},"east":{"uv":[7,1,5.5,2.5],"texture":"#0","tintindex":0},"west":{"uv":[5.5,1,7,2.5],"texture":"#0","tintindex":0},"up":{"uv":[0.5,1,4.5,2.5],"texture":"#0","tintindex":0},"down":{"uv":[0.5,3.5,4.5,5],"texture":"#0","tintindex":0}}},{"from":[3,4,3],"to":[13,6,7],"faces":{"north":{"uv":[0,2.5,5,3.5],"texture":"#0"},"east":{"uv":[5,2.5,3,3.5],"texture":"#0"},"south":{"uv":[0,2.5,5.5,3.5],"texture":"#0"},"west":{"uv":[3,2.5,5,3.5],"texture":"#0"},"up":{"uv":[0,1,5,3],"rotation":180,"texture":"#0"},"down":{"uv":[0,1.5,5,3.5],"texture":"#0"}}}],"display":{"thirdperson_righthand":{"rotation":[43,14,0],"translation":[0,0,1.25],"scale":[0.4,0.4,0.4]},"thirdperson_lefthand":{"rotation":[43,14,0],"translation":[0,0,1.25],"scale":[0.4,0.4,0.4]},"firstperson_righthand":{"rotation":[-45,163,0],"translation":[6.25,0,-6]},"firstperson_lefthand":{"rotation":[-45,163,0],"translation":[6.25,0,-6]},"ground":{"rotation":[90,0,0],"translation":[0,-0.25,1.25],"scale":[0.4,0.4,0.4]},"gui":{"rotation":[30,135,0],"translation":[0.5,2.75,0]},"head":{"rotation":[90,0,-180],"translation":[0,5,-5],"scale":[1.6,1.6,1.6]},"fixed":{"translation":[0,6,-1],"scale":[2,2,2]}},"groups":[{"name":"group","origin":[8,8,8],"children":[0,1,2,3]}]}