{"credit":"Made with Blockbench","texture_size":[32,32],"textures":{"0":"custom/decorations/featured_board","particle":"custom/decorations/featured_board"},"elements":[{"from":[-8,0,12],"to":[24,5.5,13],"faces":{"north":{"uv":[16,16,13.25,0],"rotation":90,"texture":"#0"},"east":{"uv":[16,16,13.25,15.75],"rotation":90,"texture":"#0"},"south":{"uv":[16,16,13.25,0],"rotation":90,"texture":"#0"},"west":{"uv":[16,16,13.25,15.75],"rotation":90,"texture":"#0"},"up":{"uv":[16,16,15.75,0],"rotation":90,"texture":"#0"},"down":{"uv":[13.5,16,13.25,0],"rotation":90,"texture":"#0"}}}],"display":{"fixed":{"translation":[-16,16,-20],"scale":[4,4,4]}}}