{"credit":"Made with Blockbench","textures":{"0":"custom/decorations/wall_lantern","particle":"custom/decorations/wall_lantern"},"elements":[{"from":[5,2,5],"to":[11,12,11],"faces":{"north":{"uv":[0.5,1,3.5,6],"texture":"#0","tintindex":0},"east":{"uv":[0.5,1,3.5,6],"texture":"#0","tintindex":0},"south":{"uv":[0.5,1,3.5,6],"texture":"#0","tintindex":0},"west":{"uv":[0.5,1,3.5,6],"texture":"#0","tintindex":0},"up":{"uv":[8,1,11,4],"texture":"#0","tintindex":0}}},{"from":[4.9,1.9,4.9],"to":[11.1,12.1,11.1],"faces":{"north":{"uv":[4.5,8,7.5,13],"texture":"#0"},"east":{"uv":[4.5,8,7.5,13],"texture":"#0"},"south":{"uv":[4.5,8,7.5,13],"texture":"#0"},"west":{"uv":[4.5,8,7.5,13],"texture":"#0"},"up":{"uv":[8,1,11,4],"texture":"#0"}}},{"from":[4,0,4],"to":[12,2,12],"faces":{"north":{"uv":[0,6,4,7],"texture":"#0"},"east":{"uv":[0,6,4,7],"texture":"#0"},"south":{"uv":[0,6,4,7],"texture":"#0"},"west":{"uv":[0,6,4,7],"texture":"#0"},"up":{"uv":[4,0,8,4],"texture":"#0"},"down":{"uv":[4,4,8,8],"texture":"#0"}}},{"from":[6,-2,6],"to":[10,0,13],"faces":{"north":{"uv":[1,7,3,8],"texture":"#0"},"east":{"uv":[3.5,8,0,9],"texture":"#0"},"south":{"uv":[5,6,7,7],"texture":"#0"},"west":{"uv":[0,8,3.5,9],"texture":"#0"},"up":{"uv":[1,9,3,12.5],"texture":"#0"},"down":{"uv":[1,9,3,12.5],"texture":"#0"}}}],"display":{"thirdperson_righthand":{"rotation":[51,42,0],"translation":[0,1.5,1.25],"scale":[0.4,0.4,0.4]},"thirdperson_lefthand":{"rotation":[51,42,0],"translation":[0,1.5,1.25],"scale":[0.4,0.4,0.4]},"firstperson_righthand":{"rotation":[0,24,0],"translation":[4.5,3,-3.5]},"firstperson_lefthand":{"rotation":[0,24,0],"translation":[4.5,3,-3.5]},"ground":{"translation":[0,7.25,0],"scale":[0.4,0.4,0.4]},"gui":{"rotation":[30,135,0],"translation":[0,2.25,0]},"head":{"rotation":[0,90,0],"translation":[-14.25,13.5,0],"scale":[1.6,1.6,1.6]},"fixed":{"translation":[0,6,-10],"scale":[2,2,2]}}}