{"credit":"Made with Blockbench","textures":{"0":"custom/decorations/water_pillar","1":"custom/decorations/water_pillar_top","particle":"custom/decorations/water_pillar"},"elements":[{"from":[1,18,1],"to":[15,24,15],"rotation":{"angle":0,"axis":"y","origin":[8,16,8]},"faces":{"north":{"uv":[0,7,7,9.75],"texture":"#1"},"east":{"uv":[7,7,0,9.75],"texture":"#1"},"south":{"uv":[0,7,7,9.75],"texture":"#1"},"west":{"uv":[0,7,7,9.75],"texture":"#1"},"up":{"uv":[0,0,7,7],"texture":"#1"}}},{"from":[1,23.9,1],"to":[15,23.9,15],"rotation":{"angle":0,"axis":"y","origin":[8,16,8]},"faces":{"down":{"uv":[0,7,7,0],"texture":"#1"}}},{"from":[4,16,4],"to":[12,24,12],"rotation":{"angle":0,"axis":"y","origin":[8,16,8]},"faces":{"north":{"uv":[0,0,16,16],"texture":"#0"},"east":{"uv":[0,0,16,16],"texture":"#0"},"south":{"uv":[0,0,16,16],"texture":"#0"},"west":{"uv":[0,0,16,16],"texture":"#0"}}},{"from":[4,-8,4],"to":[12,0,12],"rotation":{"angle":0,"axis":"y","origin":[8,16,8]},"faces":{"north":{"uv":[0,0,16,16],"texture":"#0"},"east":{"uv":[0,0,16,16],"texture":"#0"},"south":{"uv":[0,0,16,16],"texture":"#0"},"west":{"uv":[0,0,16,16],"texture":"#0"}}},{"from":[4,-16,4],"to":[12,-8,12],"rotation":{"angle":0,"axis":"y","origin":[8,16,8]},"faces":{"north":{"uv":[0,0,16,16],"texture":"#0"},"east":{"uv":[0,0,16,16],"texture":"#0"},"south":{"uv":[0,0,16,16],"texture":"#0"},"west":{"uv":[0,0,16,16],"texture":"#0"}}},{"from":[4,0,4],"to":[12,8,12],"rotation":{"angle":0,"axis":"y","origin":[8,16,8]},"faces":{"north":{"uv":[0,0,16,16],"texture":"#0"},"east":{"uv":[0,0,16,16],"texture":"#0"},"south":{"uv":[0,0,16,16],"texture":"#0"},"west":{"uv":[0,0,16,16],"texture":"#0"}}},{"from":[4,8,4],"to":[12,16,12],"rotation":{"angle":0,"axis":"y","origin":[8,16,8]},"faces":{"north":{"uv":[0,0,16,16],"texture":"#0"},"east":{"uv":[0,0,16,16],"texture":"#0"},"south":{"uv":[0,0,16,16],"texture":"#0"},"west":{"uv":[0,0,16,16],"texture":"#0"}}}],"display":{"thirdperson_righthand":{"rotation":[90,0,0],"translation":[-6,-2,-17],"scale":[2,2,2]},"thirdperson_lefthand":{"rotation":[90,0,0],"translation":[-6,-2,-17],"scale":[2,2,2]},"firstperson_righthand":{"translation":[22.5,-9.75,-21]},"firstperson_lefthand":{"translation":[22.5,-9.75,-21]},"ground":{"translation":[0,4.5,0],"scale":[0.2,0.2,0.2]},"gui":{"rotation":[19,0,0],"translation":[0,1.25,0],"scale":[0.4,0.4,0.4]},"head":{"translation":[0,8,0],"scale":[3.2,3.2,3.2]},"fixed":{"rotation":[-90,0,0],"translation":[0,0,2],"scale":[4,4,4]}},"groups":[{"name":"group","origin":[8,8,8],"children":[0,1,2,3,4,5,6]}]}