{"credit":"Made with Blockbench","textures":{"0":"custom/decorations/windmill_base","particle":"custom/decorations/windmill_base"},"elements":[{"from":[-8,-10,1],"to":[24,22,15],"faces":{"north":{"uv":[0,3.5,8,11.5],"texture":"#0"},"east":{"uv":[8,3.5,11.5,11.5],"texture":"#0"},"south":{"uv":[0,3.5,8,11.5],"texture":"#0"},"west":{"uv":[8,3.5,11.5,11.5],"texture":"#0"},"up":{"uv":[0,0,8,3.5],"texture":"#0"},"down":{"uv":[0,0,8,3.5],"texture":"#0"}}}],"display":{"thirdperson_righthand":{"translation":[-6,-5,4.75]},"thirdperson_lefthand":{"translation":[-6,-5,4.75]},"firstperson_righthand":{"rotation":[0,123,0],"translation":[15.25,-11,-9]},"firstperson_lefthand":{"rotation":[0,123,0],"translation":[15.25,-11,-9]},"ground":{"translation":[0,14,0],"scale":[0.4,0.4,0.4]},"gui":{"translation":[0,1,0],"scale":[0.5,0.5,0.5]},"head":{"rotation":[0,90,0],"translation":[0,-3.25,0],"scale":[1.6,1.6,1.6]},"fixed":{"translation":[0,2,-5]}}}