{"credit":"Made with Blockbench","textures":{"0":"custom/decorations/windmill_blade"},"elements":[{"from":[-2.25,5,8.35],"to":[7.5,27.5,8.35],"rotation":{"angle":0,"axis":"z","origin":[5,21,8]},"faces":{"north":{"uv":[5.63,2.5,0.75,13.75],"rotation":180,"texture":"#0"},"south":{"uv":[0.75,2.5,5.63,13.75],"rotation":180,"texture":"#0"}}},{"from":[-2.25,5,7.65],"to":[7.5,27.5,7.65],"rotation":{"angle":0,"axis":"z","origin":[5,21,8]},"faces":{"north":{"uv":[5.63,2.5,0.75,13.75],"rotation":180,"texture":"#0"},"south":{"uv":[0.75,2.5,5.63,13.75],"rotation":180,"texture":"#0"}}},{"from":[-2.25,5,8],"to":[7.5,27.5,8],"rotation":{"angle":0,"axis":"z","origin":[5,21,8]},"faces":{"north":{"uv":[10.755,13.625,5.875,2.375],"rotation":180,"texture":"#0","tintindex":0},"south":{"uv":[5.875,13.625,10.755,2.375],"rotation":180,"texture":"#0","tintindex":0}}},{"from":[7,0.25,7],"to":[9,3.25,9],"rotation":{"angle":0,"axis":"z","origin":[5,21,8]},"faces":{"north":{"uv":[0,0,1,1.5],"rotation":180,"texture":"#0"},"east":{"uv":[0,0,1,1.5],"rotation":180,"texture":"#0"},"south":{"uv":[0,0,1,1.5],"rotation":180,"texture":"#0"},"west":{"uv":[0,0,1,1.5],"rotation":180,"texture":"#0"},"up":{"uv":[0.25,0.75,0.375,0.875],"rotation":180,"texture":"#0"},"down":{"uv":[0,0,0.375,0.25],"rotation":180,"texture":"#0"}}},{"from":[-1.75,27.5,7.25],"to":[7.25,29,8.75],"rotation":{"angle":0,"axis":"z","origin":[5,21,8]},"faces":{"north":{"uv":[5.25,13.75,0.75,14.5],"rotation":180,"texture":"#0"},"east":{"uv":[0,14.375,0.75,15.125],"rotation":180,"texture":"#0"},"south":{"uv":[0.75,13.75,5.25,14.5],"rotation":180,"texture":"#0"},"west":{"uv":[0,14.375,0.75,15.125],"rotation":180,"texture":"#0"},"up":{"uv":[5.25,13.75,0.75,14.5],"texture":"#0"},"down":{"uv":[0.75,13.75,5.25,14.5],"rotation":180,"texture":"#0"}}},{"from":[7.25,3.25,7.25],"to":[8.75,29,8.75],"rotation":{"angle":0,"axis":"z","origin":[5,21,8]},"faces":{"north":{"uv":[0,1.5,0.75,14.5],"rotation":180,"texture":"#0"},"east":{"uv":[11,1.5,11.75,14.5],"rotation":180,"texture":"#0"},"south":{"uv":[0,1.5,0.75,14.5],"rotation":180,"texture":"#0"},"west":{"uv":[11,1.5,11.75,14.5],"rotation":180,"texture":"#0"},"up":{"uv":[0,14.375,0.75,15.125],"rotation":180,"texture":"#0"},"down":{"uv":[0,14.375,0.75,15.125],"rotation":180,"texture":"#0"}}}],"display":{"thirdperson_righthand":{"rotation":[-90,90,0],"translation":[-6,-2,-36],"scale":[4,4,4]},"thirdperson_lefthand":{"rotation":[90,-90,0],"translation":[-6,-2,56],"scale":[4,4,4]},"firstperson_righthand":{"rotation":[0,123,0],"translation":[13.5,-7,-15.75]},"firstperson_lefthand":{"rotation":[0,123,0],"translation":[23,-7,-15.75]},"ground":{"translation":[0,1.75,0],"scale":[0.4,0.4,0.4]},"gui":{"rotation":[0,180,0],"translation":[-2.25,-3.25,0],"scale":[0.5,0.5,0.5]},"head":{"translation":[0,16.75,0],"scale":[1.6,1.6,1.6]},"fixed":{"translation":[0,-4.5,-5]}},"groups":[{"name":"group","origin":[8,8,8],"children":[0,1,2,3,4,5]}]}