{"credit":"Made with Blockbench","textures":{"0":"custom/decorations/wooden_watering_can","1":"custom/furniture/water","3":"custom/misc_items/wooden_watering_can_full","particle":"custom/decorations/wooden_watering_can"},"elements":[{"from":[4,0,4],"to":[12,8,5],"faces":{"north":{"uv":[0,0.5,4,4.5],"texture":"#0","tintindex":0},"east":{"uv":[4,0.5,4.5,4.5],"texture":"#0","tintindex":0},"south":{"uv":[4,4.5,8,8.5],"texture":"#0","tintindex":0},"west":{"uv":[4,0.5,4.5,4.5],"texture":"#0","tintindex":0},"up":{"uv":[0,0,4,0.5],"texture":"#0","tintindex":0},"down":{"uv":[0,4.5,4,5],"texture":"#0","tintindex":0}}},{"from":[4,0,11],"to":[12,8,12],"faces":{"north":{"uv":[4,4.5,8,8.5],"texture":"#0","tintindex":0},"east":{"uv":[4,0.5,4.5,4.5],"texture":"#0","tintindex":0},"south":{"uv":[0,0.5,4,4.5],"texture":"#0","tintindex":0},"west":{"uv":[4,0.5,4.5,4.5],"texture":"#0","tintindex":0},"up":{"uv":[0,0,4,0.5],"rotation":180,"texture":"#0","tintindex":0},"down":{"uv":[0,4.5,4,5],"rotation":180,"texture":"#0","tintindex":0}}},{"from":[4,0,5],"to":[5,8,11],"faces":{"north":{"uv":[4,0.5,4.5,4.5],"texture":"#0","tintindex":0},"east":{"uv":[4.5,4.5,7.5,8.5],"texture":"#0","tintindex":0},"south":{"uv":[4,0.5,4.5,4.5],"texture":"#0","tintindex":0},"west":{"uv":[4.5,0.5,7.5,4.5],"texture":"#0","tintindex":0},"up":{"uv":[0.5,0,3.5,0.5],"rotation":270,"texture":"#0","tintindex":0},"down":{"uv":[0.5,4.5,3.5,5],"rotation":90,"texture":"#0","tintindex":0}}},{"from":[11,0,5],"to":[12,8,11],"faces":{"north":{"uv":[4,0.5,4.5,4.5],"texture":"#0","tintindex":0},"east":{"uv":[4.5,0.5,7.5,4.5],"texture":"#0","tintindex":0},"south":{"uv":[4,0.5,4.5,4.5],"texture":"#0","tintindex":0},"west":{"uv":[4.5,4.5,7.5,8.5],"texture":"#0","tintindex":0},"up":{"uv":[0.5,0,3.5,0.5],"rotation":90,"texture":"#0","tintindex":0},"down":{"uv":[0.5,4.5,3.5,5],"rotation":270,"texture":"#0","tintindex":0}}},{"from":[5,0,5],"to":[11,1,11],"faces":{"north":{"uv":[0.5,4.5,3.5,5],"texture":"#0","tintindex":0},"east":{"uv":[0.5,4.5,3.5,5],"texture":"#0","tintindex":0},"south":{"uv":[0.5,4.5,3.5,5],"texture":"#0","tintindex":0},"west":{"uv":[0.5,4.5,3.5,5],"texture":"#0","tintindex":0},"up":{"uv":[0.5,5,3.5,8],"texture":"#0","tintindex":0},"down":{"uv":[0.5,5,3.5,8],"texture":"#0","tintindex":0}}},{"from":[2.75,0,7],"to":[9.75,2,9],"rotation":{"angle":-45,"axis":"z","origin":[8,8,8]},"faces":{"north":{"uv":[8,1.5,11.5,2.5],"texture":"#0","tintindex":0},"east":{"uv":[2,6,3,7],"texture":"#0","tintindex":0},"south":{"uv":[8,2.5,11.5,1.5],"rotation":180,"texture":"#0","tintindex":0},"west":{"uv":[2,6,3,7],"texture":"#0","tintindex":0},"up":{"uv":[8,0.5,11.5,1.5],"rotation":180,"texture":"#0","tintindex":0},"down":{"uv":[8,2,11.5,2.5],"rotation":180,"texture":"#0","tintindex":0}}},{"from":[12,2,8],"to":[15,8,8],"faces":{"north":{"uv":[9.5,5,8,8],"texture":"#0","tintindex":0},"south":{"uv":[8,5,9.5,8],"texture":"#0","tintindex":0}}},{"from":[5,7,5],"to":[11,7,11],"faces":{"up":{"uv":[5,5,11,11],"texture":"#1","tintindex":0}}},{"from":[4,0.5,4],"to":[12,0.5,12],"faces":{"down":{"uv":[0,0,16,16],"texture":"#3"}}}],"gui_light":"front","display":{"thirdperson_righthand":{"rotation":[60,-88,0],"translation":[0.25,4.5,0.5],"scale":[0.9,0.9,0.9]},"thirdperson_lefthand":{"rotation":[60,88,0],"translation":[0.25,4.5,0.5],"scale":[0.9,0.9,0.9]},"firstperson_righthand":{"rotation":[9,-69,19],"translation":[4.5,2,-1.25]},"firstperson_lefthand":{"rotation":[9,109,-19],"translation":[4.5,2,-1.25]},"ground":{"translation":[0,3.25,0],"scale":[0.4,0.4,0.4]},"gui":{"rotation":[-90,0,0],"scale":[1.99,1.99,1.99]},"head":{"translation":[0,19,0],"scale":[1.6,1.6,1.6]},"fixed":{"rotation":[-90,0,0],"translation":[2.25,0,-16.75],"scale":[2,2,2]}}}