{"credit":"Made with Blockbench","textures":{"0":"custom/decorations/wooden_sprinkler","particle":"custom/decorations/wooden_sprinkler"},"elements":[{"from":[5,11,5],"to":[11,11,11],"faces":{"up":{"uv":[4,0,10,6],"texture":"#0"},"down":{"uv":[10,0,4,6],"texture":"#0"}}},{"from":[6.5,4,6.5],"to":[9.5,11,9.5],"faces":{"north":{"uv":[0,0,3,7],"texture":"#0"},"east":{"uv":[0,0,3,7],"texture":"#0"},"south":{"uv":[0,0,3,7],"texture":"#0"},"west":{"uv":[0,0,3,7],"texture":"#0"},"down":{"uv":[6,2,8,4],"texture":"#0"}}},{"from":[7.5,0,7.5],"to":[8.5,4,8.5],"faces":{"north":{"uv":[1,7,2,11],"texture":"#0"},"east":{"uv":[1,7,2,11],"texture":"#0"},"south":{"uv":[1,7,2,11],"texture":"#0"},"west":{"uv":[1,7,2,11],"texture":"#0"},"up":{"uv":[0,0,1,1],"texture":"#0"},"down":{"uv":[0,0,1,1],"texture":"#0"}}}],"display":{"thirdperson_righthand":{"rotation":[38,0,0],"translation":[0,1.5,1.5],"scale":[0.5,0.5,0.5]},"thirdperson_lefthand":{"rotation":[38,0,0],"translation":[0,1.5,1.5],"scale":[0.5,0.5,0.5]},"firstperson_righthand":{"translation":[5,1.5,-2.5]},"firstperson_lefthand":{"translation":[5,1.5,-2.5]},"ground":{"translation":[0,1,0],"scale":[0.4,0.4,0.4]},"gui":{"rotation":[30,45,0],"translation":[0,1.75,0],"scale":[1.2,1.2,1.2]},"head":{"translation":[0,2,0],"scale":[1.6,1.6,1.6]},"fixed":{"rotation":[-90,0,0],"translation":[0,0,-16],"scale":[2,2,2]}},"groups":[{"name":"group","origin":[8,8,8],"children":[0,1,2]}]}