{
   "parent":"builtin/entity",
   "textures":{
      "particle":"block/soul_sand"
   },
   "overrides":[
      {
         "predicate":{
            "custom_model_data":2
         },
         "model":"custom/entities/player/degenerate"
      },
      {
         "predicate":{
            "custom_model_data":3
         },
         "model":"item/player_head"
      },
      {
         "predicate":{
            "custom_model_data":4
         },
         "model":"custom/entities/player/player_leg"
      },
      {
         "predicate":{
            "custom_model_data":5
         },
         "model":"custom/entities/player/player_leg"
      },
      {
         "predicate":{
            "custom_model_data":6
         },
         "model":"custom/entities/player/player_arm"
      },
      {
         "predicate":{
            "custom_model_data":7
         },
         "model":"custom/entities/player/player_arm"
      },
      {
         "predicate":{
            "custom_model_data":8
         },
         "model":"custom/entities/player/player_slimb"
      },
      {
         "predicate":{
            "custom_model_data":9
         },
         "model":"custom/entities/player/player_slimb"
      },
      {
         "predicate":{
            "custom_model_data":10
         },
         "model":"custom/ui/large_player_head"
      },
      {
         "predicate":{
            "custom_model_data":11
         },
         "model":"item/player_head"
      },
      {
         "predicate":{
            "custom_model_data":12
         },
         "model":"custom/entities/player/player_body"
      },
      {
         "predicate":{
            "custom_model_data":13
         },
         "model":"custom/entities/player/player_head"
      }
   ],
   "gui_light":"front",
   "display":{
      "gui":{
         "rotation":[
            0,
            0,
            0
         ],
         "translation":[
            0,
            7,
            0
         ],
         "scale":[
            1.75,
            1.75,
            1.75
         ]
      },
      "fixed":{
         "rotation":[
            0,
            180,
            0
         ],
         "translation":[
            0,
            4,
            0
         ],
         "scale":[
            1,
            1,
            1
         ]
      },
      "ground":{
         "rotation":[
            0,
            0,
            0
         ],
         "translation":[
            0,
            3,
            0
         ],
         "scale":[
            0.5,
            0.5,
            0.5
         ]
      },
      "thirdperson_lefthand":{
         "rotation":[
            70,
            180,
            0
         ],
         "translation":[
            -6,
            3,
            29.5
         ],
         "scale":[
            2.7,
            2.7,
            2.7
         ]
      },
      "firstperson_lefthand":{
         "rotation":[
            70,
            180,
            0
         ],
         "translation":[
            -6,
            3,
            29.5
         ],
         "scale":[
            0,
            0,
            0
         ]
      },
      "thirdperson_righthand":{
         "rotation":[
            45,
            45,
            0
         ],
         "translation":[
            0,
            3,
            0
         ],
         "scale":[
            0.5,
            0.5,
            0.5
         ]
      }
   }
}