{"credit":"Made with Blockbench","texture_size":[32,32],"textures":{"0":"custom/decorations/wooden_sprinkler","1":"custom/furniture/water","2":"custom/decorations/spinkles","particle":"custom/decorations/wooden_sprinkler"},"elements":[{"from":[7,0,7],"to":[9,13,9],"faces":{"north":{"uv":[11,0,10,6.5],"texture":"#0"},"east":{"uv":[10,0,11,6.5],"texture":"#0"},"south":{"uv":[11,0,10,6.5],"texture":"#0"},"west":{"uv":[10,0,11,6.5],"texture":"#0"},"up":{"uv":[4,7,5,8],"texture":"#0"}}},{"from":[2,13,7],"to":[14,15,9],"faces":{"north":{"uv":[0,9,6,10],"texture":"#0"},"south":{"uv":[0,9,6,10],"texture":"#0"},"up":{"uv":[0,9,6,9.5],"texture":"#0"},"down":{"uv":[0,9.5,6,10],"texture":"#0"}}},{"from":[0,12,6],"to":[2,16,10],"faces":{"north":{"uv":[11,0,12,2],"texture":"#0"},"east":{"uv":[12,2,14,4],"texture":"#0"},"south":{"uv":[12,0,11,2],"texture":"#0"},"west":{"uv":[12,0,14,2],"texture":"#0"},"up":{"uv":[11,2,12,4],"rotation":180,"texture":"#0"},"down":{"uv":[11,4,12,6],"rotation":180,"texture":"#0"}}},{"from":[14,12,6],"to":[16,16,10],"rotation":{"angle":0,"axis":"y","origin":[16,0,0]},"faces":{"north":{"uv":[12,0,11,2],"texture":"#0"},"east":{"uv":[14,0,12,2],"texture":"#0"},"south":{"uv":[11,0,12,2],"texture":"#0"},"west":{"uv":[14,2,12,4],"texture":"#0"},"up":{"uv":[12,2,11,4],"rotation":180,"texture":"#0"},"down":{"uv":[12,4,11,6],"rotation":180,"texture":"#0"}}},{"from":[6,12,0],"to":[10,16,2],"rotation":{"angle":0,"axis":"y","origin":[8,15,8]},"faces":{"north":{"uv":[12,0,14,2],"texture":"#0"},"east":{"uv":[11,0,12,2],"texture":"#0"},"south":{"uv":[12,2,14,4],"texture":"#0"},"west":{"uv":[12,0,11,2],"texture":"#0"},"up":{"uv":[11,2,12,4],"rotation":270,"texture":"#0"},"down":{"uv":[11,4,12,6],"rotation":90,"texture":"#0"}}},{"from":[7,13,2],"to":[9,15,14],"rotation":{"angle":0,"axis":"y","origin":[8,15,8]},"faces":{"east":{"uv":[0,9,6,10],"texture":"#0"},"west":{"uv":[0,9,6,10],"texture":"#0"},"up":{"uv":[0,9,6,9.5],"rotation":90,"texture":"#0"},"down":{"uv":[0,9.5,6,10],"rotation":270,"texture":"#0"}}},{"from":[6,12,14],"to":[10,16,16],"rotation":{"angle":0,"axis":"y","origin":[8,15,8]},"faces":{"north":{"uv":[14,2,12,4],"texture":"#0"},"east":{"uv":[12,0,11,2],"texture":"#0"},"south":{"uv":[14,0,12,2],"texture":"#0"},"west":{"uv":[11,0,12,2],"texture":"#0"},"up":{"uv":[12,2,11,4],"rotation":270,"texture":"#0"},"down":{"uv":[12,4,11,6],"rotation":90,"texture":"#0"}}},{"from":[3,0,3],"to":[13,9,4],"faces":{"north":{"uv":[0,0,5,4.5],"texture":"#0"},"east":{"uv":[4.5,0,5,4.5],"texture":"#0"},"south":{"uv":[0,4.5,5,9],"texture":"#0"},"west":{"uv":[0,0,0.5,4.5],"texture":"#0"},"up":{"uv":[0,0,5,0.5],"texture":"#0"},"down":{"uv":[0,4,5,4.5],"texture":"#0"}}},{"from":[3,0,12],"to":[13,9,13],"faces":{"north":{"uv":[0,4.5,5,9],"texture":"#0"},"east":{"uv":[4.5,0,5,4.5],"texture":"#0"},"south":{"uv":[0,0,5,4.5],"texture":"#0"},"west":{"uv":[0,0,0.5,4.5],"texture":"#0"},"up":{"uv":[0,0,5,0.5],"texture":"#0"},"down":{"uv":[0,4,5,4.5],"texture":"#0"}}},{"from":[3,0,4],"to":[4,9,12],"faces":{"east":{"uv":[0.5,4.5,4.5,9],"texture":"#0"},"west":{"uv":[0.5,0,4.5,4.5],"texture":"#0"},"up":{"uv":[0.5,0,4.5,0.5],"rotation":90,"texture":"#0"},"down":{"uv":[0.5,4,4.5,4.5],"rotation":90,"texture":"#0"}}},{"from":[12,0,4],"to":[13,9,12],"faces":{"east":{"uv":[0.5,0,4.5,4.5],"texture":"#0"},"west":{"uv":[0.5,4.5,4.5,9],"texture":"#0"},"up":{"uv":[0.5,0,4.5,0.5],"rotation":90,"texture":"#0"},"down":{"uv":[0.5,4,4.5,4.5],"rotation":90,"texture":"#0"}}},{"from":[4,0,4],"to":[12,1,12],"faces":{"up":{"uv":[5.5,0.5,9.5,4.5],"texture":"#0"},"down":{"uv":[5.5,0.5,9.5,4.5],"texture":"#0"}}},{"from":[4,7.5,4],"to":[12,7.5,12],"faces":{"up":{"uv":[4,4,12,12],"texture":"#1"},"down":{"uv":[4,4,12,12],"texture":"#1"}}},{"from":[-16,6,8],"to":[0,22,8],"faces":{"north":{"uv":[0,0,16,16],"texture":"#2","tintindex":0},"south":{"uv":[16,0,0,16],"texture":"#2","tintindex":0}}},{"from":[8,6,-16],"to":[8,22,0],"faces":{"east":{"uv":[0,0,16,16],"texture":"#2","tintindex":0},"west":{"uv":[16,0,0,16],"texture":"#2","tintindex":0}}},{"from":[8,6,16],"to":[8,22,32],"rotation":{"angle":0,"axis":"y","origin":[0,0,16]},"faces":{"east":{"uv":[16,0,0,16],"texture":"#2","tintindex":0},"west":{"uv":[0,0,16,16],"texture":"#2","tintindex":0}}},{"from":[16,6,8],"to":[32,22,8],"rotation":{"angle":0,"axis":"y","origin":[16,0,0]},"faces":{"north":{"uv":[16,0,0,16],"texture":"#2","tintindex":0},"south":{"uv":[0,0,16,16],"texture":"#2","tintindex":0}}}],"display":{"thirdperson_righthand":{"rotation":[90,0,0],"translation":[-6,-2,10]},"thirdperson_lefthand":{"rotation":[90,0,0],"translation":[-6,-2,10]},"head":{"scale":[1.6,1.6,1.6]},"fixed":{"rotation":[90,0,0],"translation":[0,0,-16],"scale":[2,2,2]}},"groups":[0,1,2,3,4,5,6,{"name":"wooden_sprinkler_tank_0","origin":[8,8,8],"color":0,"children":[7,8,9,10,11,12]},13,14,15,16]}