{"parent":"block/block","textures":{"particle":"custom/misc_blocks/leaves/maple_leaves/maple_leaves_orange","all":"custom/misc_blocks/leaves/maple_leaves/maple_leaves_orange_bushy"},"elements":[{"faces":{"down":{"uv":[2,6,6,10],"texture":"#all","cullface":"down"},"up":{"uv":[2,6,6,10],"texture":"#all","cullface":"up"},"north":{"uv":[2,6,6,10],"texture":"#all","cullface":"north"},"south":{"uv":[2,6,6,10],"texture":"#all","cullface":"south"},"west":{"uv":[2,6,6,10],"texture":"#all","cullface":"west"},"east":{"uv":[2,6,6,10],"texture":"#all","cullface":"east"}},"from":[0,0,0],"to":[16,16,16]},{"faces":{"west":{"uv":[6,4,14,12],"texture":"#all"},"east":{"uv":[6,4,14,12],"texture":"#all"}},"from":[14,-6,-7],"to":[14.001,22,25],"rotation":{"origin":[14.125,-8,-6.8125],"axis":"y","angle":-22.5},"shade":false},{"faces":{"north":{"uv":[6,4,14,12],"texture":"#all"},"south":{"uv":[6,4,14,12],"texture":"#all"}},"from":[-7,-6,2],"to":[25,22,2.001],"rotation":{"origin":[-6.8125,-8,1.875],"axis":"y","angle":-22.5},"shade":false}]}