{"elements":[{"from":[0,0,0],"to":[16,16,16],"faces":{"north":{"uv":[0,0,16,16],"texture":"#all","cullface":"north","tintindex":0},"east":{"uv":[0,0,16,16],"texture":"#all","cullface":"east","tintindex":0},"south":{"uv":[0,0,16,16],"texture":"#all","cullface":"south","tintindex":0},"west":{"uv":[0,0,16,16],"texture":"#all","cullface":"west","tintindex":0},"up":{"uv":[0,0,16,16],"texture":"#top","cullface":"up","tintindex":0}}},{"from":[14,-6,-7],"to":[14,22,25],"shade":false,"rotation":{"angle":22.5,"axis":"y","origin":[6.125,-8,20.125]},"faces":{"east":{"uv":[0,0,16,16],"texture":"#bushy","tintindex":0},"west":{"uv":[0,0,16,16],"texture":"#bushy","tintindex":0}}},{"from":[-7,-6,2],"to":[25,22,2],"shade":false,"rotation":{"angle":22.5,"axis":"y","origin":[20.125,-8,6.125]},"faces":{"north":{"uv":[0,0,16,16],"texture":"#bushy","tintindex":0},"south":{"uv":[0,0,16,16],"texture":"#bushy","tintindex":0}}},{"from":[-7,-6,2],"to":[25,22,2],"shade":false,"rotation":{"angle":22.5,"axis":"y","origin":[20.125,-8,6.125]},"faces":{"north":{"uv":[0,0,16,16],"texture":"#bushy2"},"south":{"uv":[0,0,16,16],"texture":"#bushy2"}}},{"from":[14,-6,-7],"to":[14,22,25],"shade":false,"rotation":{"angle":22.5,"axis":"y","origin":[6.125,-8,20.125]},"faces":{"east":{"uv":[0,0,16,16],"texture":"#bushy2"},"west":{"uv":[0,0,16,16],"texture":"#bushy2"}}},{"from":[0,0,0],"to":[16,16,16],"faces":{"north":{"uv":[0,0,16,16],"texture":"#all2","cullface":"north"},"east":{"uv":[0,0,16,16],"texture":"#all2","cullface":"east"},"south":{"uv":[0,0,16,16],"texture":"#all2","cullface":"south"},"west":{"uv":[0,0,16,16],"texture":"#all2","cullface":"west"},"down":{"uv":[16,16,0,0],"texture":"#bottom","cullface":"down"}}}],"parent":"block/block","textures":{"particle":"#all","bushy":"block/leaves_big_oak_bl"}}