{"elements":[{"from":[8.75,6.25,5.75],"to":[11.25,6.25,8.25],"rotation":{"angle":0,"axis":"y","origin":[2,0,-1]},"faces":{"north":{"uv":[0,0,0,0],"texture":"#all"},"east":{"uv":[0,0,0,0],"texture":"#all"},"south":{"uv":[0,0,0,0],"texture":"#all"},"west":{"uv":[0,0,0,0],"texture":"#all"},"up":{"uv":[4,7,6,9],"texture":"#all"},"down":{"uv":[4,7,6,9],"texture":"#all"}}},{"from":[11.25,5,5.75],"to":[11.25,6.25,8.25],"rotation":{"angle":0,"axis":"y","origin":[2,0,-1]},"faces":{"north":{"uv":[4,9,6,10],"texture":"#all"},"east":{"uv":[6,9,8,10],"texture":"#all"},"south":{"uv":[4,9,6,10],"texture":"#all"},"west":{"uv":[8,9,6,10],"texture":"#all"},"up":{"uv":[0,0,0,0],"texture":"#all"},"down":{"uv":[0,0,0,0],"texture":"#all","cullface":"down"}}},{"from":[8.75,5,5.75],"to":[11.25,6.25,5.75],"rotation":{"angle":0,"axis":"y","origin":[2,0,-1]},"faces":{"north":{"uv":[4,9,6,10],"texture":"#all"},"east":{"uv":[0,0,0,0],"texture":"#all"},"south":{"uv":[6,9,4,10],"texture":"#all"},"west":{"uv":[0,0,0,0],"texture":"#all"},"up":{"uv":[0,0,0,0],"texture":"#all"},"down":{"uv":[0,0,0,0],"texture":"#all","cullface":"down"}}},{"from":[8.75,3.75,5.75],"to":[11.25,5,5.75],"rotation":{"angle":0,"axis":"y","origin":[2,0,-1]},"faces":{"north":{"uv":[4,10,6,11],"texture":"#all"},"east":{"uv":[0,0,0,0],"texture":"#all"},"south":{"uv":[6,10,4,11],"texture":"#all"},"west":{"uv":[0,0,0,0],"texture":"#all"},"up":{"uv":[0,0,0,0],"texture":"#all"},"down":{"uv":[0,0,0,0],"texture":"#all","cullface":"down"}}},{"from":[11.25,2.5,5.75],"to":[11.25,5,7],"rotation":{"angle":0,"axis":"y","origin":[2,0,-1]},"faces":{"north":{"uv":[4,9,6,10],"texture":"#all"},"east":{"uv":[7,10,8,12],"texture":"#all"},"south":{"uv":[4,9,6,10],"texture":"#all"},"west":{"uv":[7,10,8,12],"texture":"#all"},"up":{"uv":[0,0,0,0],"texture":"#all"},"down":{"uv":[0,0,0,0],"texture":"#all","cullface":"down"}}},{"from":[10,2.5,5.75],"to":[11.25,3.75,5.75],"rotation":{"angle":0,"axis":"y","origin":[2,0,-1]},"faces":{"north":{"uv":[4,11,5,12],"texture":"#all"},"east":{"uv":[0,0,0,0],"texture":"#all"},"south":{"uv":[4,11,5,12],"texture":"#all"},"west":{"uv":[0,0,0,0],"texture":"#all"},"up":{"uv":[0,0,0,0],"texture":"#all"},"down":{"uv":[0,0,0,0],"texture":"#all"}}},{"from":[8.75,3.75,8.25],"to":[11.25,5,8.25],"rotation":{"angle":0,"axis":"y","origin":[2,0,-1]},"faces":{"north":{"uv":[6,10,4,11],"texture":"#all"},"east":{"uv":[0,0,0,0],"texture":"#all"},"south":{"uv":[4,10,6,11],"texture":"#all"},"west":{"uv":[0,0,0,0],"texture":"#all"},"up":{"uv":[0,0,0,0],"texture":"#all"},"down":{"uv":[0,0,0,0],"texture":"#all","cullface":"down"}}},{"from":[8.75,5,8.25],"to":[11.25,6.25,8.25],"rotation":{"angle":0,"axis":"y","origin":[2,0,-1]},"faces":{"north":{"uv":[4,9,6,10],"texture":"#all"},"east":{"uv":[0,0,0,0],"texture":"#all"},"south":{"uv":[6,9,4,10],"texture":"#all"},"west":{"uv":[0,0,0,0],"texture":"#all"},"up":{"uv":[0,0,0,0],"texture":"#all"},"down":{"uv":[0,0,0,0],"texture":"#all","cullface":"down"}}},{"from":[8.75,2.5,8.25],"to":[10,3.75,8.25],"rotation":{"angle":0,"axis":"y","origin":[2,0,-1]},"faces":{"north":{"uv":[4,11,5,12],"texture":"#all"},"east":{"uv":[0,0,0,0],"texture":"#all"},"south":{"uv":[4,11,5,12],"texture":"#all"},"west":{"uv":[0,0,0,0],"texture":"#all"},"up":{"uv":[0,0,0,0],"texture":"#all"},"down":{"uv":[0,0,0,0],"texture":"#all"}}},{"from":[8.75,2.5,7],"to":[8.75,5,8.25],"rotation":{"angle":0,"axis":"y","origin":[2,0,-1]},"faces":{"north":{"uv":[4,9,6,10],"texture":"#all"},"east":{"uv":[7,10,8,12],"texture":"#all"},"south":{"uv":[4,9,6,10],"texture":"#all"},"west":{"uv":[7,10,8,12],"texture":"#all"},"up":{"uv":[0,0,0,0],"texture":"#all"},"down":{"uv":[0,0,0,0],"texture":"#all","cullface":"down"}}},{"from":[8.75,5,5.75],"to":[8.75,6.25,8.25],"rotation":{"angle":0,"axis":"y","origin":[2,0,-1]},"faces":{"north":{"uv":[4,9,6,10],"texture":"#all"},"east":{"uv":[8,9,6,10],"texture":"#all"},"south":{"uv":[4,9,6,10],"texture":"#all"},"west":{"uv":[6,9,8,10],"texture":"#all"},"up":{"uv":[0,0,0,0],"texture":"#all"},"down":{"uv":[0,0,0,0],"texture":"#all","cullface":"down"}}},{"from":[9.5,6,7],"to":[10.5,7,7],"rotation":{"angle":45,"axis":"y","origin":[10,8,7]},"faces":{"north":{"uv":[1,6,2,7],"texture":"#all"},"east":{"uv":[0,0,0,1],"texture":"#all"},"south":{"uv":[1,6,2,7],"texture":"#all"},"west":{"uv":[0,0,0,1],"texture":"#all"},"up":{"uv":[0,0,1,0],"texture":"#all"},"down":{"uv":[0,0,1,0],"texture":"#all"}}},{"from":[9.5,7,7],"to":[10.5,8,7],"rotation":{"angle":45,"axis":"y","origin":[10,8,7]},"faces":{"north":{"uv":[1,5,2,6],"texture":"#all"},"east":{"uv":[0,0,0,1],"texture":"#all"},"south":{"uv":[1,5,2,6],"texture":"#all"},"west":{"uv":[0,0,0,1],"texture":"#all"},"up":{"uv":[0,0,1,0],"texture":"#all"},"down":{"uv":[0,0,1,0],"texture":"#all"}}},{"from":[9,0,6],"to":[11,6,8],"rotation":{"angle":0,"axis":"y","origin":[2,0,-1]},"faces":{"north":{"uv":[0,9,2,15],"texture":"#all"},"east":{"uv":[2,9,4,15],"texture":"#all"},"south":{"uv":[0,9,2,15],"texture":"#all"},"west":{"uv":[2,9,4,15],"texture":"#all"},"up":{"uv":[0,7,2,9],"texture":"#all"},"down":{"uv":[0,7,2,9],"texture":"#all"}}},{"from":[9.5,6,7],"to":[10.5,7,7],"rotation":{"angle":-45,"axis":"y","origin":[10,8,7]},"faces":{"north":{"uv":[1,6,2,7],"texture":"#all"},"east":{"uv":[0,0,0,1],"texture":"#all"},"south":{"uv":[1,6,2,7],"texture":"#all"},"west":{"uv":[0,0,0,1],"texture":"#all"},"up":{"uv":[0,0,1,0],"texture":"#all"},"down":{"uv":[0,0,1,0],"texture":"#all"}}},{"from":[9.5,7,7],"to":[10.5,8,7],"rotation":{"angle":-45,"axis":"y","origin":[10,8,7]},"faces":{"north":{"uv":[1,5,2,6],"texture":"#all"},"east":{"uv":[0,0,0,1],"texture":"#all"},"south":{"uv":[1,5,2,6],"texture":"#all"},"west":{"uv":[0,0,0,1],"texture":"#all"},"up":{"uv":[0,0,1,0],"texture":"#all"},"down":{"uv":[0,0,1,0],"texture":"#all"}}},{"from":[4.75,5.25,6.75],"to":[7.25,5.25,9.25],"rotation":{"angle":0,"axis":"y","origin":[6,4.17188,8]},"faces":{"north":{"uv":[0,0,0,0],"texture":"#all"},"east":{"uv":[0,0,0,0],"texture":"#all"},"south":{"uv":[0,0,0,0],"texture":"#all"},"west":{"uv":[0,0,0,0],"texture":"#all"},"up":{"uv":[4,7,6,9],"rotation":90,"texture":"#all"},"down":{"uv":[4,7,6,9],"rotation":270,"texture":"#all"}}},{"from":[4.75,4,9.25],"to":[7.25,5.25,9.25],"rotation":{"angle":0,"axis":"y","origin":[6,4.17188,8]},"faces":{"north":{"uv":[8,9,6,10],"texture":"#all"},"east":{"uv":[4,9,6,10],"texture":"#all"},"south":{"uv":[6,9,8,10],"texture":"#all"},"west":{"uv":[4,9,6,10],"texture":"#all"},"up":{"uv":[0,0,0,0],"rotation":90,"texture":"#all"},"down":{"uv":[0,0,0,0],"rotation":270,"texture":"#all","cullface":"down"}}},{"from":[7.25,4,6.75],"to":[7.25,5.25,9.25],"rotation":{"angle":0,"axis":"y","origin":[6,4.17188,8]},"faces":{"north":{"uv":[0,0,0,0],"texture":"#all"},"east":{"uv":[4,9,6,10],"texture":"#all"},"south":{"uv":[0,0,0,0],"texture":"#all"},"west":{"uv":[6,9,4,10],"texture":"#all"},"up":{"uv":[0,0,0,0],"rotation":90,"texture":"#all"},"down":{"uv":[0,0,0,0],"rotation":270,"texture":"#all","cullface":"down"}}},{"from":[7.25,2.75,6.75],"to":[7.25,4,9.25],"rotation":{"angle":0,"axis":"y","origin":[6,4.17188,8]},"faces":{"north":{"uv":[0,0,0,0],"texture":"#all"},"east":{"uv":[4,10,6,11],"texture":"#all"},"south":{"uv":[0,0,0,0],"texture":"#all"},"west":{"uv":[6,10,4,11],"texture":"#all"},"up":{"uv":[0,0,0,0],"rotation":90,"texture":"#all"},"down":{"uv":[0,0,0,0],"rotation":270,"texture":"#all","cullface":"down"}}},{"from":[6,1.5,9.25],"to":[7.25,4,9.25],"rotation":{"angle":0,"axis":"y","origin":[6,4.17188,8]},"faces":{"north":{"uv":[7,10,8,12],"texture":"#all"},"east":{"uv":[4,9,6,10],"texture":"#all"},"south":{"uv":[7,10,8,12],"texture":"#all"},"west":{"uv":[4,9,6,10],"texture":"#all"},"up":{"uv":[0,0,0,0],"rotation":90,"texture":"#all"},"down":{"uv":[0,0,0,0],"rotation":270,"texture":"#all","cullface":"down"}}},{"from":[7.25,1.5,8],"to":[7.25,2.75,9.25],"rotation":{"angle":0,"axis":"y","origin":[6,4.17188,8]},"faces":{"north":{"uv":[0,0,0,0],"texture":"#all"},"east":{"uv":[4,11,5,12],"texture":"#all"},"south":{"uv":[0,0,0,0],"texture":"#all"},"west":{"uv":[4,11,5,12],"texture":"#all"},"up":{"uv":[0,0,0,0],"rotation":90,"texture":"#all"},"down":{"uv":[0,0,0,0],"rotation":270,"texture":"#all"}}},{"from":[4.75,2.75,6.75],"to":[4.75,4,9.25],"rotation":{"angle":0,"axis":"y","origin":[6,4.17188,8]},"faces":{"north":{"uv":[0,0,0,0],"texture":"#all"},"east":{"uv":[6,10,4,11],"texture":"#all"},"south":{"uv":[0,0,0,0],"texture":"#all"},"west":{"uv":[4,10,6,11],"texture":"#all"},"up":{"uv":[0,0,0,0],"rotation":90,"texture":"#all"},"down":{"uv":[0,0,0,0],"rotation":270,"texture":"#all","cullface":"down"}}},{"from":[4.75,4,6.75],"to":[4.75,5.25,9.25],"rotation":{"angle":0,"axis":"y","origin":[6,4.17188,8]},"faces":{"north":{"uv":[0,0,0,0],"texture":"#all"},"east":{"uv":[4,9,6,10],"texture":"#all"},"south":{"uv":[0,0,0,0],"texture":"#all"},"west":{"uv":[6,9,4,10],"texture":"#all"},"up":{"uv":[0,0,0,0],"rotation":90,"texture":"#all"},"down":{"uv":[0,0,0,0],"rotation":270,"texture":"#all","cullface":"down"}}},{"from":[4.75,1.5,6.75],"to":[4.75,2.75,8],"rotation":{"angle":0,"axis":"y","origin":[6,4.17188,8]},"faces":{"north":{"uv":[0,0,0,0],"texture":"#all"},"east":{"uv":[4,11,5,12],"texture":"#all"},"south":{"uv":[0,0,0,0],"texture":"#all"},"west":{"uv":[4,11,5,12],"texture":"#all"},"up":{"uv":[0,0,0,0],"rotation":90,"texture":"#all"},"down":{"uv":[0,0,0,0],"rotation":270,"texture":"#all"}}},{"from":[4.75,1.5,6.75],"to":[6,4,6.75],"rotation":{"angle":0,"axis":"y","origin":[6,4.17188,8]},"faces":{"north":{"uv":[7,10,8,12],"texture":"#all"},"east":{"uv":[4,9,6,10],"texture":"#all"},"south":{"uv":[7,10,8,12],"texture":"#all"},"west":{"uv":[4,9,6,10],"texture":"#all"},"up":{"uv":[0,0,0,0],"rotation":90,"texture":"#all"},"down":{"uv":[0,0,0,0],"rotation":270,"texture":"#all","cullface":"down"}}},{"from":[4.75,4,6.75],"to":[7.25,5.25,6.75],"rotation":{"angle":0,"axis":"y","origin":[6,4.17188,8]},"faces":{"north":{"uv":[6,9,8,10],"texture":"#all"},"east":{"uv":[4,9,6,10],"texture":"#all"},"south":{"uv":[8,9,6,10],"texture":"#all"},"west":{"uv":[4,9,6,10],"texture":"#all"},"up":{"uv":[0,0,0,0],"rotation":90,"texture":"#all"},"down":{"uv":[0,0,0,0],"rotation":270,"texture":"#all","cullface":"down"}}},{"from":[5.5,5,8],"to":[6.5,6,8],"rotation":{"angle":-45,"axis":"y","origin":[6,4.17188,8]},"faces":{"north":{"uv":[1,6,2,7],"texture":"#all"},"east":{"uv":[0,0,0,1],"texture":"#all"},"south":{"uv":[1,6,2,7],"texture":"#all"},"west":{"uv":[0,0,0,1],"texture":"#all"},"up":{"uv":[0,0,1,0],"texture":"#all"},"down":{"uv":[0,0,1,0],"texture":"#all"}}},{"from":[5.5,6,8],"to":[6.5,7,8],"rotation":{"angle":-45,"axis":"y","origin":[6,4.17188,8]},"faces":{"north":{"uv":[1,5,2,6],"texture":"#all"},"east":{"uv":[0,0,0,1],"texture":"#all"},"south":{"uv":[1,5,2,6],"texture":"#all"},"west":{"uv":[0,0,0,1],"texture":"#all"},"up":{"uv":[0,0,1,0],"texture":"#all"},"down":{"uv":[0,0,1,0],"texture":"#all"}}},{"from":[5,0,7],"to":[7,5,9],"rotation":{"angle":0,"axis":"y","origin":[6,4.17188,8]},"faces":{"north":{"uv":[2,9,4,14],"texture":"#all"},"east":{"uv":[0,9,2,14],"texture":"#all"},"south":{"uv":[2,9,4,14],"texture":"#all"},"west":{"uv":[0,9,2,14],"texture":"#all"},"up":{"uv":[0,7,2,9],"rotation":90,"texture":"#all"},"down":{"uv":[0,7,2,9],"rotation":270,"texture":"#all"}}},{"from":[6,5,7.5],"to":[6,6,8.5],"rotation":{"angle":-45,"axis":"y","origin":[6,4.17188,8]},"faces":{"north":{"uv":[0,0,0,1],"texture":"#all"},"east":{"uv":[1,6,2,7],"texture":"#all"},"south":{"uv":[0,0,0,1],"texture":"#all"},"west":{"uv":[1,6,2,7],"texture":"#all"},"up":{"uv":[0,0,1,0],"rotation":90,"texture":"#all"},"down":{"uv":[0,0,1,0],"rotation":270,"texture":"#all"}}},{"from":[6,6,7.5],"to":[6,7,8.5],"rotation":{"angle":-45,"axis":"y","origin":[6,4.17188,8]},"faces":{"north":{"uv":[0,0,0,1],"texture":"#all"},"east":{"uv":[1,5,2,6],"texture":"#all"},"south":{"uv":[0,0,0,1],"texture":"#all"},"west":{"uv":[1,5,2,6],"texture":"#all"},"up":{"uv":[0,0,1,0],"rotation":90,"texture":"#all"},"down":{"uv":[0,0,1,0],"rotation":270,"texture":"#all"}}}],"parent":"block/block"}