{"elements":[{"from":[1,0,1],"to":[15,8,15],"faces":{"north":{"uv":[1,8,15,16],"texture":"#side"},"east":{"uv":[1,8,15,16],"texture":"#side"},"south":{"uv":[1,8,15,16],"texture":"#side"},"west":{"uv":[1,8,15,16],"texture":"#side"},"up":{"uv":[1,1,15,15],"texture":"#top"},"down":{"uv":[1,1,15,15],"texture":"#bottom","cullface":"down"}}},{"from":[7,8,7],"to":[9,14,9],"rotation":{"angle":0,"axis":"y","origin":[0,8,0]},"faces":{"north":{"uv":[0,9,2,15],"texture":"#candle"},"east":{"uv":[2,9,4,15],"texture":"#candle"},"south":{"uv":[0,9,2,15],"texture":"#candle"},"west":{"uv":[2,9,4,15],"texture":"#candle"},"up":{"uv":[0,7,2,9],"texture":"#candle"},"down":{"uv":[0,7,2,9],"texture":"#candle"}}},{"from":[6.75,14.25,6.75],"to":[9.25,14.25,9.25],"rotation":{"angle":0,"axis":"y","origin":[0,8,0]},"faces":{"north":{"uv":[0,0,0,0],"texture":"#candle"},"east":{"uv":[0,0,0,0],"texture":"#candle"},"south":{"uv":[0,0,0,0],"texture":"#candle"},"west":{"uv":[0,0,0,0],"texture":"#candle"},"up":{"uv":[4,7,6,9],"texture":"#candle"},"down":{"uv":[4,7,6,9],"texture":"#candle"}}},{"from":[9.25,13,6.75],"to":[9.25,14.25,9.25],"rotation":{"angle":0,"axis":"y","origin":[0,8,0]},"faces":{"north":{"uv":[4,9,6,10],"texture":"#candle"},"east":{"uv":[6,9,8,10],"texture":"#candle"},"south":{"uv":[4,9,6,10],"texture":"#candle"},"west":{"uv":[8,9,6,10],"texture":"#candle"},"up":{"uv":[0,0,0,0],"texture":"#candle"},"down":{"uv":[0,0,0,0],"texture":"#candle","cullface":"down"}}},{"from":[6.75,13,6.75],"to":[9.25,14.25,6.75],"rotation":{"angle":0,"axis":"y","origin":[0,8,0]},"faces":{"north":{"uv":[4,9,6,10],"texture":"#candle"},"east":{"uv":[0,0,0,0],"texture":"#candle"},"south":{"uv":[6,9,4,10],"texture":"#candle"},"west":{"uv":[0,0,0,0],"texture":"#candle"},"up":{"uv":[0,0,0,0],"texture":"#candle"},"down":{"uv":[0,0,0,0],"texture":"#candle","cullface":"down"}}},{"from":[6.75,11.75,6.75],"to":[9.25,13,6.75],"rotation":{"angle":0,"axis":"y","origin":[0,8,0]},"faces":{"north":{"uv":[4,10,6,11],"texture":"#candle"},"east":{"uv":[0,0,0,0],"texture":"#candle"},"south":{"uv":[6,10,4,11],"texture":"#candle"},"west":{"uv":[0,0,0,0],"texture":"#candle"},"up":{"uv":[0,0,0,0],"texture":"#candle"},"down":{"uv":[0,0,0,0],"texture":"#candle","cullface":"down"}}},{"from":[9.25,10.5,6.75],"to":[9.25,13,8],"rotation":{"angle":0,"axis":"y","origin":[0,8,0]},"faces":{"north":{"uv":[4,9,6,10],"texture":"#candle"},"east":{"uv":[7,10,8,12],"texture":"#candle"},"south":{"uv":[4,9,6,10],"texture":"#candle"},"west":{"uv":[7,10,8,12],"texture":"#candle"},"up":{"uv":[0,0,0,0],"texture":"#candle"},"down":{"uv":[0,0,0,0],"texture":"#candle","cullface":"down"}}},{"from":[8,10.5,6.75],"to":[9.25,11.75,6.75],"rotation":{"angle":0,"axis":"y","origin":[0,8,0]},"faces":{"north":{"uv":[4,11,5,12],"texture":"#candle"},"east":{"uv":[0,0,0,0],"texture":"#candle"},"south":{"uv":[4,11,5,12],"texture":"#candle"},"west":{"uv":[0,0,0,0],"texture":"#candle"},"up":{"uv":[0,0,0,0],"texture":"#candle"},"down":{"uv":[0,0,0,0],"texture":"#candle"}}},{"from":[6.75,11.75,9.25],"to":[9.25,13,9.25],"rotation":{"angle":0,"axis":"y","origin":[0,8,0]},"faces":{"north":{"uv":[6,10,4,11],"texture":"#candle"},"east":{"uv":[0,0,0,0],"texture":"#candle"},"south":{"uv":[4,10,6,11],"texture":"#candle"},"west":{"uv":[0,0,0,0],"texture":"#candle"},"up":{"uv":[0,0,0,0],"texture":"#candle"},"down":{"uv":[0,0,0,0],"texture":"#candle","cullface":"down"}}},{"from":[6.75,13,9.25],"to":[9.25,14.25,9.25],"rotation":{"angle":0,"axis":"y","origin":[0,8,0]},"faces":{"north":{"uv":[4,9,6,10],"texture":"#candle"},"east":{"uv":[0,0,0,0],"texture":"#candle"},"south":{"uv":[6,9,4,10],"texture":"#candle"},"west":{"uv":[0,0,0,0],"texture":"#candle"},"up":{"uv":[0,0,0,0],"texture":"#candle"},"down":{"uv":[0,0,0,0],"texture":"#candle","cullface":"down"}}},{"from":[6.75,10.5,9.25],"to":[8,11.75,9.25],"rotation":{"angle":0,"axis":"y","origin":[0,8,0]},"faces":{"north":{"uv":[4,11,5,12],"texture":"#candle"},"east":{"uv":[0,0,0,0],"texture":"#candle"},"south":{"uv":[4,11,5,12],"texture":"#candle"},"west":{"uv":[0,0,0,0],"texture":"#candle"},"up":{"uv":[0,0,0,0],"texture":"#candle"},"down":{"uv":[0,0,0,0],"texture":"#candle"}}},{"from":[6.75,10.5,8],"to":[6.75,13,9.25],"rotation":{"angle":0,"axis":"y","origin":[0,8,0]},"faces":{"north":{"uv":[4,9,6,10],"texture":"#candle"},"east":{"uv":[7,10,8,12],"texture":"#candle"},"south":{"uv":[4,9,6,10],"texture":"#candle"},"west":{"uv":[7,10,8,12],"texture":"#candle"},"up":{"uv":[0,0,0,0],"texture":"#candle"},"down":{"uv":[0,0,0,0],"texture":"#candle","cullface":"down"}}},{"from":[6.75,13,6.75],"to":[6.75,14.25,9.25],"rotation":{"angle":0,"axis":"y","origin":[0,8,0]},"faces":{"north":{"uv":[4,9,6,10],"texture":"#candle"},"east":{"uv":[8,9,6,10],"texture":"#candle"},"south":{"uv":[4,9,6,10],"texture":"#candle"},"west":{"uv":[6,9,8,10],"texture":"#candle"},"up":{"uv":[0,0,0,0],"texture":"#candle"},"down":{"uv":[0,0,0,0],"texture":"#candle","cullface":"down"}}},{"from":[7.5,14,8],"to":[8.5,15,8],"rotation":{"angle":45,"axis":"y","origin":[8,16,8]},"faces":{"north":{"uv":[1,6,2,7],"texture":"#candle"},"east":{"uv":[0,0,0,1],"texture":"#candle"},"south":{"uv":[1,6,2,7],"texture":"#candle"},"west":{"uv":[0,0,0,1],"texture":"#candle"},"up":{"uv":[0,0,1,0],"texture":"#candle"},"down":{"uv":[0,0,1,0],"texture":"#candle"}}},{"from":[7.5,15,8],"to":[8.5,16,8],"rotation":{"angle":45,"axis":"y","origin":[8,16,8]},"faces":{"north":{"uv":[1,5,2,6],"texture":"#candle"},"east":{"uv":[0,0,0,1],"texture":"#candle"},"south":{"uv":[1,5,2,6],"texture":"#candle"},"west":{"uv":[0,0,0,1],"texture":"#candle"},"up":{"uv":[0,0,1,0],"texture":"#candle"},"down":{"uv":[0,0,1,0],"texture":"#candle"}}},{"from":[7.5,14,8],"to":[8.5,15,8],"rotation":{"angle":-45,"axis":"y","origin":[8,16,8]},"faces":{"north":{"uv":[1,6,2,7],"texture":"#candle"},"east":{"uv":[0,0,0,1],"texture":"#candle"},"south":{"uv":[1,6,2,7],"texture":"#candle"},"west":{"uv":[0,0,0,1],"texture":"#candle"},"up":{"uv":[0,0,1,0],"texture":"#candle"},"down":{"uv":[0,0,1,0],"texture":"#candle"}}},{"from":[7.5,15,8],"to":[8.5,16,8],"rotation":{"angle":-45,"axis":"y","origin":[8,16,8]},"faces":{"north":{"uv":[1,5,2,6],"texture":"#candle"},"east":{"uv":[0,0,0,1],"texture":"#candle"},"south":{"uv":[1,5,2,6],"texture":"#candle"},"west":{"uv":[0,0,0,1],"texture":"#candle"},"up":{"uv":[0,0,1,0],"texture":"#candle"},"down":{"uv":[0,0,1,0],"texture":"#candle"}}}],"parent":"block/block","textures":{"bottom":"block/cake_bottom","top":"block/cake_top","particle":"block/cake_side","side":"block/cake_side"}}