{"elements":[{"from":[0,15.2,0],"to":[16,15.2,16],"shade":false,"faces":{"up":{"uv":[0,2,8,10],"rotation":180,"texture":"#0","tintindex":0},"down":{"uv":[0,2,8,10],"texture":"#0","tintindex":0}}},{"from":[0,-8,15.2],"to":[16,16,15.2],"shade":false,"faces":{"north":{"uv":[0,0,8,12],"texture":"#0","tintindex":0},"south":{"uv":[0,0,8,12],"texture":"#0","tintindex":0}}},{"from":[12,4,3],"to":[12,16,15],"shade":false,"faces":{"north":{"uv":[0,0,0,10],"texture":"#0"},"east":{"uv":[8.5,0,14.5,6],"texture":"#0","tintindex":0},"south":{"uv":[0,0,0,10],"texture":"#0"},"west":{"uv":[14.5,0,8.5,6],"texture":"#0","tintindex":0},"up":{"uv":[0,0,0,10],"texture":"#0"},"down":{"uv":[0,0,0,10],"texture":"#0"}}},{"from":[4,1,0],"to":[4,16,15],"shade":false,"faces":{"north":{"uv":[0,0,0,15],"texture":"#0"},"east":{"uv":[8.5,6.5,16,14],"texture":"#0","tintindex":0},"south":{"uv":[0,0,0,15],"texture":"#0"},"west":{"uv":[16,6.5,8.5,14],"texture":"#0","tintindex":0},"up":{"uv":[0,0,0,15],"texture":"#0"},"down":{"uv":[0,0,0,15],"texture":"#0"}}}],"ambientocclusion":false,"textures":{"0":"block/vinecustom","particle":"block/vine"}}