{"credit":"Made with Blockbench","texture_size":[64,64],"textures":{"0":"custom/decorations/blight_pedestal/blight_pedestal_0","particle":"custom/decorations/blight_pedestal/blight_pedestal_0"},"elements":[{"from":[0,-16,2],"to":[16,32,14],"faces":{"north":{"uv":[0,0,4,12],"texture":"#0"},"east":{"uv":[11.75,0,14.75,12],"texture":"#0"},"south":{"uv":[0,0,4,12],"texture":"#0"},"west":{"uv":[11.75,0,14.75,12],"texture":"#0"},"up":{"uv":[0,12.25,4,15.25],"texture":"#0"},"down":{"uv":[4,12.25,8,15.25],"texture":"#0"}}},{"from":[-12,-16,6],"to":[0,3,10],"faces":{"north":{"uv":[4,7.25,7,12],"texture":"#0"},"east":{"uv":[0,0,1,4.75],"texture":"#missing"},"south":{"uv":[10.25,7.25,7.25,12],"texture":"#0"},"west":{"uv":[10.5,7.25,11.5,12],"texture":"#0"},"up":{"uv":[9.5,2.5,6.5,1.5],"texture":"#0"},"down":{"uv":[9.5,1.25,6.5,0.25],"texture":"#0"}}},{"from":[-9,3,6],"to":[0,22,10],"faces":{"north":{"uv":[4,2.5,6.25,7.25],"texture":"#0"},"east":{"uv":[0,0,1,4.75],"texture":"#missing"},"south":{"uv":[8.75,2.5,6.5,7.25],"texture":"#0"},"west":{"uv":[10.5,7.25,11.5,12],"texture":"#0"},"up":{"uv":[6.25,1.5,4,2.5],"texture":"#0"},"down":{"uv":[0,0,2.25,1],"texture":"#missing"}}},{"from":[16,3,6],"to":[25,22,10],"rotation":{"angle":0,"axis":"y","origin":[16,0,16]},"faces":{"north":{"uv":[8.75,2.5,6.5,7.25],"texture":"#0"},"east":{"uv":[10.5,7.25,11.5,12],"texture":"#0"},"south":{"uv":[4,2.5,6.25,7.25],"texture":"#0"},"west":{"uv":[0,0,1,4.75],"texture":"#missing"},"up":{"uv":[4,1.5,6.25,2.5],"texture":"#0"},"down":{"uv":[2.25,1,0,0],"texture":"#missing"}}},{"from":[16,-16,6],"to":[28,3,10],"rotation":{"angle":0,"axis":"y","origin":[16,0,16]},"faces":{"north":{"uv":[10.25,7.25,7.25,12],"texture":"#0"},"east":{"uv":[10.5,7.25,11.5,12],"texture":"#0"},"south":{"uv":[4,7.25,7,12],"texture":"#0"},"west":{"uv":[0,0,1,4.75],"texture":"#missing"},"up":{"uv":[6.5,2.5,9.5,1.5],"texture":"#0"},"down":{"uv":[6.5,1.25,9.5,0.25],"texture":"#0"}}}],"display":{"thirdperson_righthand":{"rotation":[49,17,0],"scale":[0.22,0.22,0.22]},"thirdperson_lefthand":{"rotation":[49,17,0],"scale":[0.22,0.22,0.22]},"firstperson_righthand":{"rotation":[0,122,0],"translation":[25.75,-8.5,-22.25]},"firstperson_lefthand":{"rotation":[0,122,0],"translation":[25.75,-8.5,-22.25]},"ground":{"translation":[0,2.5,0],"scale":[0.16,0.16,0.16]},"gui":{"scale":[0.32,0.32,0.32]},"fixed":{"rotation":[90,0,0],"translation":[0,0,16],"scale":[2,2,2]}}}